image_id,file_name,data_provider,isup_grade,objective_lens
IMG_20260331_171235_297,IMG_20260331_171235_297.tiff,Kruss,4,40X
IMG_20260331_163301_426,IMG_20260331_163301_426.tiff,Kruss,4,40X
IMG_20260331_163301_760,IMG_20260331_163301_760.tiff,Kruss,4,40X
IMG_20260331_165019_286,IMG_20260331_165019_286.tiff,Kruss,4,40X
IMG_20260331_165019_615,IMG_20260331_165019_615.tiff,Kruss,4,40X
IMG_20260331_165019_989,IMG_20260331_165019_989.tiff,Kruss,4,40X
IMG_20260331_165020_342,IMG_20260331_165020_342.tiff,Kruss,4,40X
IMG_20260331_165020_692,IMG_20260331_165020_692.tiff,Kruss,4,40X
IMG_20260331_165021_040,IMG_20260331_165021_040.tiff,Kruss,4,40X
IMG_20260331_165021_390,IMG_20260331_165021_390.tiff,Kruss,4,40X
IMG_20260331_165021_730,IMG_20260331_165021_730.tiff,Kruss,4,40X
IMG_20260331_165201_412,IMG_20260331_165201_412.tiff,Kruss,4,40X
IMG_20260331_165201_752,IMG_20260331_165201_752.tiff,Kruss,4,40X
IMG_20260331_145528_754,IMG_20260331_145528_754.tiff,Kruss,3,10X
IMG_20260331_145529_060,IMG_20260331_145529_060.tiff,Kruss,3,10X
IMG_20260331_145951_561,IMG_20260331_145951_561.tiff,Kruss,3,40X
IMG_20260331_145951_899,IMG_20260331_145951_899.tiff,Kruss,3,40X
IMG_20260331_145952_240,IMG_20260331_145952_240.tiff,Kruss,3,40X
IMG_20260331_145952_586,IMG_20260331_145952_586.tiff,Kruss,3,40X
IMG_20260331_145953_248,IMG_20260331_145953_248.tiff,Kruss,3,40X
IMG_20260331_145953_585,IMG_20260331_145953_585.tiff,Kruss,0,40X
IMG_20260331_145953_927,IMG_20260331_145953_927.tiff,Kruss,0,40X
IMG_20260331_150519_390,IMG_20260331_150519_390.tiff,Kruss,0,40X
IMG_20260330_145503_134,IMG_20260330_145503_134.tiff,Kruss,5,10X
IMG_20260330_145503_488,IMG_20260330_145503_488.tiff,Kruss,5,10X
IMG_20260330_145503_813,IMG_20260330_145503_813.tiff,Kruss,5,10X
IMG_20260330_145129_337,IMG_20260330_145129_337.tiff,Kruss,4,4X
IMG_20260330_145129_651,IMG_20260330_145129_651.tiff,Kruss,4,4X
IMG_20260331_133959_820,IMG_20260331_133959_820.tiff,Kruss,5,10X
IMG_20260331_134000_203,IMG_20260331_134000_203.tiff,Kruss,5,10X
IMG_20260331_134153_598,IMG_20260331_134153_598.tiff,Kruss,5,10X
IMG_20260331_134155_902,IMG_20260331_134155_902.tiff,Kruss,5,10X
IMG_20260331_133714_147,IMG_20260331_133714_147.tiff,Kruss,5,4X
IMG_20260331_142105_125,IMG_20260331_142105_125.tiff,Kruss,3,40X
IMG_20260331_142105_457,IMG_20260331_142105_457.tiff,Kruss,3,40X
IMG_20260331_142105_795,IMG_20260331_142105_795.tiff,Kruss,3,40X
IMG_20260331_142106_142,IMG_20260331_142106_142.tiff,Kruss,3,40X
IMG_20260331_142106_488,IMG_20260331_142106_488.tiff,Kruss,3,40X
IMG_20260331_142850_347,IMG_20260331_142850_347.tiff,Kruss,3,40X
IMG_20260331_142850_703,IMG_20260331_142850_703.tiff,Kruss,3,40X
IMG_20260331_142851_031,IMG_20260331_142851_031.tiff,Kruss,3,40X
IMG_20260331_142851_360,IMG_20260331_142851_360.tiff,Kruss,3,40X
IMG_20260331_142851_687,IMG_20260331_142851_687.tiff,Kruss,3,40X
IMG_20260331_141015_584,IMG_20260331_141015_584.tiff,Kruss,3,4X
IMG_20260331_143734_829,IMG_20260331_143734_829.tiff,Kruss,3,10X
IMG_20260331_143735_157,IMG_20260331_143735_157.tiff,Kruss,3,10X
IMG_20260331_143735_794,IMG_20260331_143735_794.tiff,Kruss,3,10X
IMG_20260331_143736_120,IMG_20260331_143736_120.tiff,Kruss,3,10X
IMG_20260331_143736_419,IMG_20260331_143736_419.tiff,Kruss,3,10X
IMG_20260331_143858_164,IMG_20260331_143858_164.tiff,Kruss,3,10X
IMG_20260331_143858_497,IMG_20260331_143858_497.tiff,Kruss,3,10X
IMG_20260331_143858_817,IMG_20260331_143858_817.tiff,Kruss,3,10X
IMG_20260331_143859_123,IMG_20260331_143859_123.tiff,Kruss,3,10X
IMG_20260331_144239_597,IMG_20260331_144239_597.tiff,Kruss,3,40X
IMG_20260331_144239_966,IMG_20260331_144239_966.tiff,Kruss,3,40X
IMG_20260331_144240_316,IMG_20260331_144240_316.tiff,Kruss,3,40X
IMG_20260331_144240_689,IMG_20260331_144240_689.tiff,Kruss,3,40X
IMG_20260331_144241_048,IMG_20260331_144241_048.tiff,Kruss,3,40X
IMG_20260331_144241_409,IMG_20260331_144241_409.tiff,Kruss,3,40X
IMG_20260331_144241_759,IMG_20260331_144241_759.tiff,Kruss,3,40X
IMG_20260331_144242_124,IMG_20260331_144242_124.tiff,Kruss,3,40X
IMG_20260331_144517_859,IMG_20260331_144517_859.tiff,Kruss,3,40X
IMG_20260331_144518_221,IMG_20260331_144518_221.tiff,Kruss,3,40X
IMG_20260331_144518_597,IMG_20260331_144518_597.tiff,Kruss,3,40X
IMG_20260331_144518_959,IMG_20260331_144518_959.tiff,Kruss,3,40X
IMG_20260331_144829_863,IMG_20260331_144829_863.tiff,Kruss,3,40X
IMG_20260331_144830_205,IMG_20260331_144830_205.tiff,Kruss,3,40X
IMG_20260331_144830_574,IMG_20260331_144830_574.tiff,Kruss,3,40X
IMG_20260331_144830_908,IMG_20260331_144830_908.tiff,Kruss,3,40X
IMG_20260331_144831_260,IMG_20260331_144831_260.tiff,Kruss,3,40X
IMG_20260331_144831_645,IMG_20260331_144831_645.tiff,Kruss,3,40X
IMG_20260331_144831_991,IMG_20260331_144831_991.tiff,Kruss,3,40X
IMG_20260331_145107_419,IMG_20260331_145107_419.tiff,Kruss,3,40X
IMG_20260331_145107_771,IMG_20260331_145107_771.tiff,Kruss,3,40X
IMG_20260331_143545_971,IMG_20260331_143545_971.tiff,Kruss,3,4X
IMG_20260331_143546_280,IMG_20260331_143546_280.tiff,Kruss,3,4X
IMG_20260331_143546_590,IMG_20260331_143546_590.tiff,Kruss,3,4X
IMG_20260331_143546_912,IMG_20260331_143546_912.tiff,Kruss,3,4X
IMG_20260331_143547_233,IMG_20260331_143547_233.tiff,Kruss,3,4X
IMG_20260329_152332_731,IMG_20260329_152332_731.tiff,Kruss,5,10X
IMG_20260329_152333_047,IMG_20260329_152333_047.tiff,Kruss,5,10X
IMG_20260329_152333_694,IMG_20260329_152333_694.tiff,Kruss,5,10X
IMG_20260329_152334_009,IMG_20260329_152334_009.tiff,Kruss,4,10X
IMG_20260329_152334_330,IMG_20260329_152334_330.tiff,Kruss,4,10X
IMG_20260329_152334_660,IMG_20260329_152334_660.tiff,Kruss,4,10X
IMG_20260329_152606_358,IMG_20260329_152606_358.tiff,Kruss,5,10X
IMG_20260329_152606_718,IMG_20260329_152606_718.tiff,Kruss,5,10X
IMG_20260329_152607_036,IMG_20260329_152607_036.tiff,Kruss,4,10X
IMG_20260329_152607_391,IMG_20260329_152607_391.tiff,Kruss,4,10X
IMG_20260329_152607_734,IMG_20260329_152607_734.tiff,Kruss,4,10X
IMG_20260329_152608_073,IMG_20260329_152608_073.tiff,Kruss,4,10X
IMG_20260329_152608_426,IMG_20260329_152608_426.tiff,Kruss,5,10X
IMG_20260329_152608_766,IMG_20260329_152608_766.tiff,Kruss,5,10X
IMG_20260329_153206_280,IMG_20260329_153206_280.tiff,Kruss,4,40X
IMG_20260329_153206_645,IMG_20260329_153206_645.tiff,Kruss,4,40X
IMG_20260329_153206_996,IMG_20260329_153206_996.tiff,Kruss,4,40X
IMG_20260329_153207_354,IMG_20260329_153207_354.tiff,Kruss,4,40X
IMG_20260329_153208_095,IMG_20260329_153208_095.tiff,Kruss,5,40X
IMG_20260329_152040_211,IMG_20260329_152040_211.tiff,Kruss,5,4X
IMG_20260329_152040_535,IMG_20260329_152040_535.tiff,Kruss,5,4X
IMG_20260329_152041_174,IMG_20260329_152041_174.tiff,Kruss,5,4X
IMG_20260329_152041_530,IMG_20260329_152041_530.tiff,Kruss,5,4X
IMG_20260329_163347_983,IMG_20260329_163347_983.tiff,Kruss,5,4X
IMG_20260329_155231_275,IMG_20260329_155231_275.tiff,Kruss,5,10X
IMG_20260329_155231_664,IMG_20260329_155231_664.tiff,Kruss,5,10X
IMG_20260329_155232_027,IMG_20260329_155232_027.tiff,Kruss,5,10X
IMG_20260329_155232_403,IMG_20260329_155232_403.tiff,Kruss,5,10X
IMG_20260329_155232_815,IMG_20260329_155232_815.tiff,Kruss,5,10X
IMG_20260329_155313_401,IMG_20260329_155313_401.tiff,Kruss,5,10X
IMG_20260329_155313_719,IMG_20260329_155313_719.tiff,Kruss,5,10X
IMG_20260329_155704_610,IMG_20260329_155704_610.tiff,Kruss,5,40X
IMG_20260329_155704_962,IMG_20260329_155704_962.tiff,Kruss,5,40X
IMG_20260329_155705_319,IMG_20260329_155705_319.tiff,Kruss,5,40X
IMG_20260329_155705_667,IMG_20260329_155705_667.tiff,Kruss,5,40X
IMG_20260329_155832_768,IMG_20260329_155832_768.tiff,Kruss,5,40X
IMG_20260329_155833_126,IMG_20260329_155833_126.tiff,Kruss,5,40X
IMG_20260329_155024_291,IMG_20260329_155024_291.tiff,Kruss,5,4X
IMG_20260329_155024_636,IMG_20260329_155024_636.tiff,Kruss,5,4X
IMG_20260329_155024_936,IMG_20260329_155024_936.tiff,Kruss,5,4X
IMG_20260329_160309_944,IMG_20260329_160309_944.tiff,Kruss,5,10X
IMG_20260329_160310_604,IMG_20260329_160310_604.tiff,Kruss,5,10X
IMG_20260329_160310_941,IMG_20260329_160310_941.tiff,Kruss,5,10X
IMG_20260329_160312_320,IMG_20260329_160312_320.tiff,Kruss,5,10X
IMG_20260329_160321_909,IMG_20260329_160321_909.tiff,Kruss,5,10X
IMG_20260329_160112_536,IMG_20260329_160112_536.tiff,Kruss,5,4X
IMG_20260329_160113_481,IMG_20260329_160113_481.tiff,Kruss,5,4X
IMG_20260329_161311_914,IMG_20260329_161311_914.tiff,Kruss,5,10X
IMG_20260329_161312_240,IMG_20260329_161312_240.tiff,Kruss,5,10X
IMG_20260329_161312_589,IMG_20260329_161312_589.tiff,Kruss,5,10X
IMG_20260329_161313_574,IMG_20260329_161313_574.tiff,Kruss,5,10X
IMG_20260329_161313_908,IMG_20260329_161313_908.tiff,Kruss,5,10X
IMG_20260329_161647_627,IMG_20260329_161647_627.tiff,Kruss,4,40X
IMG_20260329_161647_965,IMG_20260329_161647_965.tiff,Kruss,4,40X
IMG_20260329_161648_288,IMG_20260329_161648_288.tiff,Kruss,4,40X
IMG_20260329_161648_637,IMG_20260329_161648_637.tiff,Kruss,4,40X
IMG_20260329_161649_049,IMG_20260329_161649_049.tiff,Kruss,4,40X
IMG_20260329_161748_103,IMG_20260329_161748_103.tiff,Kruss,4,40X
IMG_20260329_161748_441,IMG_20260329_161748_441.tiff,Kruss,4,40X
IMG_20260329_161009_519,IMG_20260329_161009_519.tiff,Kruss,5,4X
IMG_20260329_161009_840,IMG_20260329_161009_840.tiff,Kruss,5,4X
IMG_20260329_161010_139,IMG_20260329_161010_139.tiff,Kruss,5,4X
IMG_20260329_150401_016,IMG_20260329_150401_016.tiff,Kruss,3,10X
IMG_20260329_151202_230,IMG_20260329_151202_230.tiff,Kruss,3,40X
IMG_20260329_151202_570,IMG_20260329_151202_570.tiff,Kruss,3,40X
IMG_20260329_151202_924,IMG_20260329_151202_924.tiff,Kruss,3,40X
IMG_20260329_151203_290,IMG_20260329_151203_290.tiff,Kruss,3,40X
IMG_20260329_114902_971,IMG_20260329_114902_971.tiff,Kruss,3,10X
IMG_20260329_120423_574,IMG_20260329_120423_574.tiff,Kruss,3,40X
IMG_20260329_120423_921,IMG_20260329_120423_921.tiff,Kruss,3,40X
IMG_20260329_120424_292,IMG_20260329_120424_292.tiff,Kruss,3,40X
IMG_20260329_120424_695,IMG_20260329_120424_695.tiff,Kruss,3,40X
IMG_20260329_120425_066,IMG_20260329_120425_066.tiff,Kruss,3,40X
IMG_20260329_120425_413,IMG_20260329_120425_413.tiff,Kruss,3,40X
IMG_20260329_114528_513,IMG_20260329_114528_513.tiff,Kruss,3,4X
IMG_20260329_143317_322,IMG_20260329_143317_322.tiff,Kruss,5,10X
IMG_20260329_143318_091,IMG_20260329_143318_091.tiff,Kruss,5,10X
IMG_20260327_114433_802,IMG_20260327_114433_802.tiff,Kruss,4,10X
IMG_20260327_114434_127,IMG_20260327_114434_127.tiff,Kruss,4,10X
IMG_20260327_114434_448,IMG_20260327_114434_448.tiff,Kruss,4,10X
IMG_20260327_114855_871,IMG_20260327_114855_871.tiff,Kruss,5,40X
IMG_20260327_114235_935,IMG_20260327_114235_935.tiff,Kruss,4,4X
IMG_20260327_124058_530,IMG_20260327_124058_530.tiff,Kruss,5,10X
IMG_20260327_124058_858,IMG_20260327_124058_858.tiff,Kruss,5,10X
IMG_20260327_124059_169,IMG_20260327_124059_169.tiff,Kruss,5,10X
IMG_20260327_124608_180,IMG_20260327_124608_180.tiff,Kruss,4,40X
IMG_20260327_121358_240,IMG_20260327_121358_240.tiff,Kruss,4,10X
IMG_20260327_121358_565,IMG_20260327_121358_565.tiff,Kruss,4,10X
IMG_20260327_121358_942,IMG_20260327_121358_942.tiff,Kruss,4,10X
IMG_20260327_121359_280,IMG_20260327_121359_280.tiff,Kruss,4,10X
IMG_20260327_121359_600,IMG_20260327_121359_600.tiff,Kruss,4,10X
IMG_20260327_121359_955,IMG_20260327_121359_955.tiff,Kruss,4,10X
IMG_20260327_121427_196,IMG_20260327_121427_196.tiff,Kruss,4,10X
IMG_20260327_121931_004,IMG_20260327_121931_004.tiff,Kruss,4,40X
IMG_20260327_121130_456,IMG_20260327_121130_456.tiff,Kruss,4,4X
IMG_20260327_121130_768,IMG_20260327_121130_768.tiff,Kruss,4,4X
IMG_20260327_121131_090,IMG_20260327_121131_090.tiff,Kruss,4,4X
IMG_20260327_121131_403,IMG_20260327_121131_403.tiff,Kruss,4,4X
IMG_20260327_122753_763,IMG_20260327_122753_763.tiff,Kruss,4,10X
IMG_20260327_122754_106,IMG_20260327_122754_106.tiff,Kruss,4,10X
IMG_20260327_123322_938,IMG_20260327_123322_938.tiff,Kruss,4,40X
IMG_20260327_123324_040,IMG_20260327_123324_040.tiff,Kruss,4,40X
IMG_20260324_150438_274,IMG_20260324_150438_274.tiff,Kruss,0,10X
IMG_20260324_150438_629,IMG_20260324_150438_629.tiff,Kruss,0,10X
IMG_20260324_150439_018,IMG_20260324_150439_018.tiff,Kruss,0,10X
IMG_20260324_150439_372,IMG_20260324_150439_372.tiff,Kruss,0,10X
IMG_20260324_152202_482,IMG_20260324_152202_482.tiff,Kruss,0,10X
IMG_20260324_152204_933,IMG_20260324_152204_933.tiff,Kruss,0,10X
IMG_20260324_152205_907,IMG_20260324_152205_907.tiff,Kruss,0,10X
IMG_20260324_152206_326,IMG_20260324_152206_326.tiff,Kruss,0,10X
IMG_20260324_152454_138,IMG_20260324_152454_138.tiff,Kruss,0,10X
IMG_20260324_152454_473,IMG_20260324_152454_473.tiff,Kruss,0,10X
IMG_20260324_152454_800,IMG_20260324_152454_800.tiff,Kruss,0,10X
IMG_20260324_152455_155,IMG_20260324_152455_155.tiff,Kruss,0,10X
IMG_20260324_152612_727,IMG_20260324_152612_727.tiff,Kruss,0,10X
IMG_20260324_153100_259,IMG_20260324_153100_259.tiff,Kruss,0,40X
IMG_20260324_153100_638,IMG_20260324_153100_638.tiff,Kruss,0,40X
IMG_20260324_153100_977,IMG_20260324_153100_977.tiff,Kruss,0,40X
IMG_20260324_153101_317,IMG_20260324_153101_317.tiff,Kruss,0,40X
IMG_20260324_153405_996,IMG_20260324_153405_996.tiff,Kruss,0,40X
IMG_20260324_153406_364,IMG_20260324_153406_364.tiff,Kruss,0,40X
IMG_20260324_153406_695,IMG_20260324_153406_695.tiff,Kruss,0,40X
IMG_20260324_153407_015,IMG_20260324_153407_015.tiff,Kruss,0,40X
IMG_20260324_153638_443,IMG_20260324_153638_443.tiff,Kruss,0,40X
IMG_20260324_153638_772,IMG_20260324_153638_772.tiff,Kruss,0,40X
IMG_20260324_153639_113,IMG_20260324_153639_113.tiff,Kruss,0,40X
IMG_20260324_150032_195,IMG_20260324_150032_195.tiff,Kruss,0,4X
IMG_20260324_150032_527,IMG_20260324_150032_527.tiff,Kruss,0,4X
IMG_20260324_150032_924,IMG_20260324_150032_924.tiff,Kruss,0,4X
IMG_20260324_150033_243,IMG_20260324_150033_243.tiff,Kruss,0,4X
IMG_20260324_150141_288,IMG_20260324_150141_288.tiff,Kruss,0,4X
IMG_20260324_150141_623,IMG_20260324_150141_623.tiff,Kruss,0,4X
IMG_20260326_150150_788,IMG_20260326_150150_788.tiff,Kruss,0,10X
IMG_20260326_150151_116,IMG_20260326_150151_116.tiff,Kruss,0,10X
IMG_20260326_150151_454,IMG_20260326_150151_454.tiff,Kruss,0,10X
IMG_20260326_150152_114,IMG_20260326_150152_114.tiff,Kruss,0,10X
IMG_20260326_150152_465,IMG_20260326_150152_465.tiff,Kruss,0,10X
IMG_20260326_150152_811,IMG_20260326_150152_811.tiff,Kruss,0,10X
IMG_20260326_150332_686,IMG_20260326_150332_686.tiff,Kruss,0,10X
IMG_20260326_150333_017,IMG_20260326_150333_017.tiff,Kruss,0,10X
IMG_20260326_150333_385,IMG_20260326_150333_385.tiff,Kruss,0,10X
IMG_20260326_151116_255,IMG_20260326_151116_255.tiff,Kruss,0,40X
IMG_20260326_151116_605,IMG_20260326_151116_605.tiff,Kruss,0,40X
IMG_20260326_151116_953,IMG_20260326_151116_953.tiff,Kruss,0,40X
IMG_20260326_151117_298,IMG_20260326_151117_298.tiff,Kruss,0,40X
IMG_20260326_151117_647,IMG_20260326_151117_647.tiff,Kruss,0,40X
IMG_20260326_151117_992,IMG_20260326_151117_992.tiff,Kruss,0,40X
IMG_20260326_151118_335,IMG_20260326_151118_335.tiff,Kruss,0,40X
IMG_20260326_151118_655,IMG_20260326_151118_655.tiff,Kruss,0,40X
IMG_20260326_151416_528,IMG_20260326_151416_528.tiff,Kruss,0,40X
IMG_20260326_151416_900,IMG_20260326_151416_900.tiff,Kruss,0,40X
IMG_20260326_151417_246,IMG_20260326_151417_246.tiff,Kruss,0,40X
IMG_20260326_151417_583,IMG_20260326_151417_583.tiff,Kruss,0,40X
IMG_20260326_151417_917,IMG_20260326_151417_917.tiff,Kruss,0,40X
IMG_20260326_145937_909,IMG_20260326_145937_909.tiff,Kruss,0,4X
IMG_20260326_145938_365,IMG_20260326_145938_365.tiff,Kruss,0,4X
IMG_20260326_145938_679,IMG_20260326_145938_679.tiff,Kruss,0,4X
IMG_20260326_145939_006,IMG_20260326_145939_006.tiff,Kruss,0,4X
IMG_20260326_145939_338,IMG_20260326_145939_338.tiff,Kruss,0,4X
IMG_20260324_154436_095,IMG_20260324_154436_095.tiff,Kruss,0,10X
IMG_20260324_154436_437,IMG_20260324_154436_437.tiff,Kruss,0,10X
IMG_20260324_154516_699,IMG_20260324_154516_699.tiff,Kruss,0,10X
IMG_20260324_154517_022,IMG_20260324_154517_022.tiff,Kruss,0,10X
IMG_20260324_154517_366,IMG_20260324_154517_366.tiff,Kruss,0,10X
IMG_20260324_154517_703,IMG_20260324_154517_703.tiff,Kruss,0,10X
IMG_20260324_154637_891,IMG_20260324_154637_891.tiff,Kruss,0,10X
IMG_20260324_154638_236,IMG_20260324_154638_236.tiff,Kruss,0,10X
IMG_20260324_154638_542,IMG_20260324_154638_542.tiff,Kruss,0,10X
IMG_20260324_154638_890,IMG_20260324_154638_890.tiff,Kruss,0,10X
IMG_20260324_154700_050,IMG_20260324_154700_050.tiff,Kruss,0,10X
IMG_20260324_154700_400,IMG_20260324_154700_400.tiff,Kruss,0,10X
IMG_20260324_154912_854,IMG_20260324_154912_854.tiff,Kruss,0,40X
IMG_20260324_154913_234,IMG_20260324_154913_234.tiff,Kruss,0,40X
IMG_20260324_154913_626,IMG_20260324_154913_626.tiff,Kruss,0,40X
IMG_20260324_154913_979,IMG_20260324_154913_979.tiff,Kruss,0,40X
IMG_20260324_155135_226,IMG_20260324_155135_226.tiff,Kruss,0,40X
IMG_20260324_155135_604,IMG_20260324_155135_604.tiff,Kruss,0,40X
IMG_20260324_155135_987,IMG_20260324_155135_987.tiff,Kruss,0,40X
IMG_20260324_155136_348,IMG_20260324_155136_348.tiff,Kruss,0,40X
IMG_20260324_155334_682,IMG_20260324_155334_682.tiff,Kruss,0,40X
IMG_20260324_155335_077,IMG_20260324_155335_077.tiff,Kruss,0,40X
IMG_20260324_155335_427,IMG_20260324_155335_427.tiff,Kruss,0,40X
IMG_20260324_155335_771,IMG_20260324_155335_771.tiff,Kruss,0,40X
IMG_20260324_155517_230,IMG_20260324_155517_230.tiff,Kruss,0,40X
IMG_20260324_155517_580,IMG_20260324_155517_580.tiff,Kruss,0,40X
IMG_20260324_155517_958,IMG_20260324_155517_958.tiff,Kruss,0,40X
IMG_20260324_154123_993,IMG_20260324_154123_993.tiff,Kruss,0,4X
IMG_20260324_154124_305,IMG_20260324_154124_305.tiff,Kruss,0,4X
IMG_20260324_154124_622,IMG_20260324_154124_622.tiff,Kruss,0,4X
IMG_20260324_154124_941,IMG_20260324_154124_941.tiff,Kruss,0,4X
IMG_20260324_154243_261,IMG_20260324_154243_261.tiff,Kruss,0,4X
IMG_20260324_154243_582,IMG_20260324_154243_582.tiff,Kruss,0,4X
IMG_20260324_154243_890,IMG_20260324_154243_890.tiff,Kruss,0,4X
IMG_20260326_140128_261,IMG_20260326_140128_261.tiff,Kruss,0,10X
IMG_20260326_140128_771,IMG_20260326_140128_771.tiff,Kruss,0,10X
IMG_20260326_140129_100,IMG_20260326_140129_100.tiff,Kruss,0,10X
IMG_20260326_140129_406,IMG_20260326_140129_406.tiff,Kruss,0,10X
IMG_20260326_140129_750,IMG_20260326_140129_750.tiff,Kruss,0,10X
IMG_20260326_140130_061,IMG_20260326_140130_061.tiff,Kruss,0,10X
IMG_20260326_140130_374,IMG_20260326_140130_374.tiff,Kruss,0,10X
IMG_20260326_140130_715,IMG_20260326_140130_715.tiff,Kruss,0,10X
IMG_20260326_140257_468,IMG_20260326_140257_468.tiff,Kruss,0,10X
IMG_20260326_140257_822,IMG_20260326_140257_822.tiff,Kruss,0,10X
IMG_20260326_140258_160,IMG_20260326_140258_160.tiff,Kruss,0,10X
IMG_20260326_142214_380,IMG_20260326_142214_380.tiff,Kruss,0,40X
IMG_20260326_142214_725,IMG_20260326_142214_725.tiff,Kruss,0,40X
IMG_20260326_142215_073,IMG_20260326_142215_073.tiff,Kruss,0,40X
IMG_20260326_142215_414,IMG_20260326_142215_414.tiff,Kruss,0,40X
IMG_20260326_142215_751,IMG_20260326_142215_751.tiff,Kruss,0,40X
IMG_20260326_142216_439,IMG_20260326_142216_439.tiff,Kruss,0,40X
IMG_20260326_142216_789,IMG_20260326_142216_789.tiff,Kruss,0,40X
IMG_20260326_142704_678,IMG_20260326_142704_678.tiff,Kruss,0,40X
IMG_20260326_142705_029,IMG_20260326_142705_029.tiff,Kruss,0,40X
IMG_20260326_142705_406,IMG_20260326_142705_406.tiff,Kruss,0,40X
IMG_20260326_142705_765,IMG_20260326_142705_765.tiff,Kruss,0,40X
IMG_20260326_142706_114,IMG_20260326_142706_114.tiff,Kruss,0,40X
IMG_20260326_142706_517,IMG_20260326_142706_517.tiff,Kruss,0,40X
IMG_20260326_142706_881,IMG_20260326_142706_881.tiff,Kruss,0,40X
IMG_20260326_142707_221,IMG_20260326_142707_221.tiff,Kruss,0,40X
IMG_20260326_135731_763,IMG_20260326_135731_763.tiff,Kruss,0,4X
IMG_20260326_135732_085,IMG_20260326_135732_085.tiff,Kruss,0,4X
IMG_20260326_135732_399,IMG_20260326_135732_399.tiff,Kruss,0,4X
IMG_20260326_135733_033,IMG_20260326_135733_033.tiff,Kruss,0,4X
IMG_20260326_135733_392,IMG_20260326_135733_392.tiff,Kruss,0,4X
IMG_20260326_135733_733,IMG_20260326_135733_733.tiff,Kruss,0,4X
IMG_20260326_143336_146,IMG_20260326_143336_146.tiff,Kruss,0,10X
IMG_20260326_143336_475,IMG_20260326_143336_475.tiff,Kruss,0,10X
IMG_20260326_143336_779,IMG_20260326_143336_779.tiff,Kruss,0,10X
IMG_20260326_143337_115,IMG_20260326_143337_115.tiff,Kruss,0,10X
IMG_20260326_143337_729,IMG_20260326_143337_729.tiff,Kruss,0,10X
IMG_20260326_143338_082,IMG_20260326_143338_082.tiff,Kruss,0,10X
IMG_20260326_143338_410,IMG_20260326_143338_410.tiff,Kruss,0,10X
IMG_20260326_143658_993,IMG_20260326_143658_993.tiff,Kruss,0,10X
IMG_20260326_143659_311,IMG_20260326_143659_311.tiff,Kruss,0,10X
IMG_20260326_143659_628,IMG_20260326_143659_628.tiff,Kruss,0,10X
IMG_20260326_143659_964,IMG_20260326_143659_964.tiff,Kruss,0,10X
IMG_20260326_143700_308,IMG_20260326_143700_308.tiff,Kruss,0,10X
IMG_20260326_144339_045,IMG_20260326_144339_045.tiff,Kruss,0,40X
IMG_20260326_144339_416,IMG_20260326_144339_416.tiff,Kruss,0,40X
IMG_20260326_144339_766,IMG_20260326_144339_766.tiff,Kruss,0,40X
IMG_20260326_144340_483,IMG_20260326_144340_483.tiff,Kruss,0,40X
IMG_20260326_144340_826,IMG_20260326_144340_826.tiff,Kruss,0,40X
IMG_20260326_144341_184,IMG_20260326_144341_184.tiff,Kruss,0,40X
IMG_20260326_144341_519,IMG_20260326_144341_519.tiff,Kruss,0,40X
IMG_20260326_144941_601,IMG_20260326_144941_601.tiff,Kruss,0,40X
IMG_20260326_144941_962,IMG_20260326_144941_962.tiff,Kruss,0,40X
IMG_20260326_144942_362,IMG_20260326_144942_362.tiff,Kruss,0,40X
IMG_20260326_144942_730,IMG_20260326_144942_730.tiff,Kruss,0,40X
IMG_20260326_144943_092,IMG_20260326_144943_092.tiff,Kruss,0,40X
IMG_20260326_144943_441,IMG_20260326_144943_441.tiff,Kruss,0,40X
IMG_20260326_144943_814,IMG_20260326_144943_814.tiff,Kruss,0,40X
IMG_20260326_144944_188,IMG_20260326_144944_188.tiff,Kruss,0,40X
IMG_20260326_145349_148,IMG_20260326_145349_148.tiff,Kruss,0,40X
IMG_20260326_145349_812,IMG_20260326_145349_812.tiff,Kruss,0,40X
IMG_20260326_145350_176,IMG_20260326_145350_176.tiff,Kruss,0,40X
IMG_20260326_145350_543,IMG_20260326_145350_543.tiff,Kruss,0,40X
IMG_20260326_145350_900,IMG_20260326_145350_900.tiff,Kruss,0,40X
IMG_20260326_145351_299,IMG_20260326_145351_299.tiff,Kruss,0,40X
IMG_20260326_145351_667,IMG_20260326_145351_667.tiff,Kruss,0,40X
IMG_20260326_145352_034,IMG_20260326_145352_034.tiff,Kruss,0,40X
IMG_20260326_145525_063,IMG_20260326_145525_063.tiff,Kruss,0,40X
IMG_20260326_143025_098,IMG_20260326_143025_098.tiff,Kruss,0,4X
IMG_20260326_143025_420,IMG_20260326_143025_420.tiff,Kruss,0,4X
IMG_20260326_143025_744,IMG_20260326_143025_744.tiff,Kruss,0,4X
IMG_20260326_143026_059,IMG_20260326_143026_059.tiff,Kruss,0,4X
IMG_20260326_143026_369,IMG_20260326_143026_369.tiff,Kruss,0,4X
IMG_20260324_160020_115,IMG_20260324_160020_115.tiff,Kruss,0,10X
IMG_20260324_160020_480,IMG_20260324_160020_480.tiff,Kruss,0,10X
IMG_20260324_160020_807,IMG_20260324_160020_807.tiff,Kruss,0,10X
IMG_20260324_160021_142,IMG_20260324_160021_142.tiff,Kruss,0,10X
IMG_20260324_160142_065,IMG_20260324_160142_065.tiff,Kruss,0,10X
IMG_20260324_160142_408,IMG_20260324_160142_408.tiff,Kruss,0,10X
IMG_20260324_160142_750,IMG_20260324_160142_750.tiff,Kruss,0,10X
IMG_20260324_160143_081,IMG_20260324_160143_081.tiff,Kruss,0,10X
IMG_20260324_160212_121,IMG_20260324_160212_121.tiff,Kruss,0,10X
IMG_20260324_160212_470,IMG_20260324_160212_470.tiff,Kruss,0,10X
IMG_20260324_160212_793,IMG_20260324_160212_793.tiff,Kruss,0,10X
IMG_20260324_160213_099,IMG_20260324_160213_099.tiff,Kruss,0,10X
IMG_20260324_160512_087,IMG_20260324_160512_087.tiff,Kruss,0,40X
IMG_20260324_160512_435,IMG_20260324_160512_435.tiff,Kruss,0,40X
IMG_20260324_160512_812,IMG_20260324_160512_812.tiff,Kruss,0,40X
IMG_20260324_160635_480,IMG_20260324_160635_480.tiff,Kruss,0,40X
IMG_20260324_160635_837,IMG_20260324_160635_837.tiff,Kruss,0,40X
IMG_20260324_160636_213,IMG_20260324_160636_213.tiff,Kruss,0,40X
IMG_20260324_160636_573,IMG_20260324_160636_573.tiff,Kruss,0,40X
IMG_20260324_160746_564,IMG_20260324_160746_564.tiff,Kruss,0,40X
IMG_20260324_160746_911,IMG_20260324_160746_911.tiff,Kruss,0,40X
IMG_20260324_160747_261,IMG_20260324_160747_261.tiff,Kruss,0,40X
IMG_20260324_160747_614,IMG_20260324_160747_614.tiff,Kruss,0,40X
IMG_20260324_160832_916,IMG_20260324_160832_916.tiff,Kruss,0,40X
IMG_20260324_160833_278,IMG_20260324_160833_278.tiff,Kruss,0,40X
IMG_20260324_160833_634,IMG_20260324_160833_634.tiff,Kruss,0,40X
IMG_20260324_155802_798,IMG_20260324_155802_798.tiff,Kruss,0,4X
IMG_20260324_155803_118,IMG_20260324_155803_118.tiff,Kruss,0,4X
IMG_20260324_155803_435,IMG_20260324_155803_435.tiff,Kruss,0,4X
IMG_20260324_155803_756,IMG_20260324_155803_756.tiff,Kruss,0,4X
IMG_20260324_155842_402,IMG_20260324_155842_402.tiff,Kruss,0,4X
IMG_20260324_155842_713,IMG_20260324_155842_713.tiff,Kruss,0,4X
IMG_20260328_112539_391,IMG_20260328_112539_391.tiff,Kruss,0,10X
IMG_20260328_112539_726,IMG_20260328_112539_726.tiff,Kruss,0,10X
IMG_20260328_112540_088,IMG_20260328_112540_088.tiff,Kruss,0,10X
IMG_20260328_112540_437,IMG_20260328_112540_437.tiff,Kruss,0,10X
IMG_20260328_112540_782,IMG_20260328_112540_782.tiff,Kruss,0,10X
IMG_20260328_112718_914,IMG_20260328_112718_914.tiff,Kruss,0,10X
IMG_20260328_112719_286,IMG_20260328_112719_286.tiff,Kruss,0,10X
IMG_20260328_112719_632,IMG_20260328_112719_632.tiff,Kruss,0,10X
IMG_20260328_112719_990,IMG_20260328_112719_990.tiff,Kruss,0,10X
IMG_20260328_112720_323,IMG_20260328_112720_323.tiff,Kruss,0,10X
IMG_20260328_112720_663,IMG_20260328_112720_663.tiff,Kruss,0,10X
IMG_20260328_112721_031,IMG_20260328_112721_031.tiff,Kruss,0,10X
IMG_20260328_112721_349,IMG_20260328_112721_349.tiff,Kruss,0,10X
IMG_20260328_112929_613,IMG_20260328_112929_613.tiff,Kruss,0,10X
IMG_20260328_112929_991,IMG_20260328_112929_991.tiff,Kruss,0,10X
IMG_20260328_112930_367,IMG_20260328_112930_367.tiff,Kruss,0,10X
IMG_20260328_112930_724,IMG_20260328_112930_724.tiff,Kruss,0,10X
IMG_20260328_112931_099,IMG_20260328_112931_099.tiff,Kruss,0,10X
IMG_20260328_112931_481,IMG_20260328_112931_481.tiff,Kruss,0,10X
IMG_20260328_112931_845,IMG_20260328_112931_845.tiff,Kruss,0,10X
IMG_20260328_112932_173,IMG_20260328_112932_173.tiff,Kruss,0,10X
IMG_20260328_113517_806,IMG_20260328_113517_806.tiff,Kruss,0,40X
IMG_20260328_113518_196,IMG_20260328_113518_196.tiff,Kruss,0,40X
IMG_20260328_113518_551,IMG_20260328_113518_551.tiff,Kruss,0,40X
IMG_20260328_113518_910,IMG_20260328_113518_910.tiff,Kruss,0,40X
IMG_20260328_113519_259,IMG_20260328_113519_259.tiff,Kruss,0,40X
IMG_20260328_113519_605,IMG_20260328_113519_605.tiff,Kruss,0,40X
IMG_20260328_113519_937,IMG_20260328_113519_937.tiff,Kruss,0,40X
IMG_20260328_113520_288,IMG_20260328_113520_288.tiff,Kruss,0,40X
IMG_20260328_114023_155,IMG_20260328_114023_155.tiff,Kruss,0,40X
IMG_20260328_114023_497,IMG_20260328_114023_497.tiff,Kruss,0,40X
IMG_20260328_114023_838,IMG_20260328_114023_838.tiff,Kruss,0,40X
IMG_20260328_114024_191,IMG_20260328_114024_191.tiff,Kruss,0,40X
IMG_20260328_114024_532,IMG_20260328_114024_532.tiff,Kruss,0,40X
IMG_20260328_114024_884,IMG_20260328_114024_884.tiff,Kruss,0,40X
IMG_20260328_114025_255,IMG_20260328_114025_255.tiff,Kruss,0,40X
IMG_20260328_114025_608,IMG_20260328_114025_608.tiff,Kruss,0,40X
IMG_20260328_114442_530,IMG_20260328_114442_530.tiff,Kruss,0,40X
IMG_20260328_114442_883,IMG_20260328_114442_883.tiff,Kruss,0,40X
IMG_20260328_114443_260,IMG_20260328_114443_260.tiff,Kruss,0,40X
IMG_20260328_114443_609,IMG_20260328_114443_609.tiff,Kruss,0,40X
IMG_20260328_114443_955,IMG_20260328_114443_955.tiff,Kruss,0,40X
IMG_20260328_114444_331,IMG_20260328_114444_331.tiff,Kruss,0,40X
IMG_20260328_114444_697,IMG_20260328_114444_697.tiff,Kruss,0,40X
IMG_20260328_114445_075,IMG_20260328_114445_075.tiff,Kruss,0,40X
IMG_20260328_114637_221,IMG_20260328_114637_221.tiff,Kruss,0,40X
IMG_20260328_114637_913,IMG_20260328_114637_913.tiff,Kruss,0,40X
IMG_20260328_114638_262,IMG_20260328_114638_262.tiff,Kruss,0,40X
IMG_20260328_112158_320,IMG_20260328_112158_320.tiff,Kruss,0,4X
IMG_20260328_112158_668,IMG_20260328_112158_668.tiff,Kruss,0,4X
IMG_20260328_112158_999,IMG_20260328_112158_999.tiff,Kruss,0,4X
IMG_20260328_112159_328,IMG_20260328_112159_328.tiff,Kruss,0,4X
IMG_20260328_112159_729,IMG_20260328_112159_729.tiff,Kruss,0,4X
IMG_20260328_112200_072,IMG_20260328_112200_072.tiff,Kruss,0,4X
IMG_20260328_112234_725,IMG_20260328_112234_725.tiff,Kruss,0,4X
IMG_20260328_112235_060,IMG_20260328_112235_060.tiff,Kruss,0,4X
IMG_20260328_133301_452,IMG_20260328_133301_452.tiff,Kruss,0,10X
IMG_20260328_133301_794,IMG_20260328_133301_794.tiff,Kruss,0,10X
IMG_20260328_133302_128,IMG_20260328_133302_128.tiff,Kruss,0,10X
IMG_20260328_133302_463,IMG_20260328_133302_463.tiff,Kruss,0,10X
IMG_20260328_133302_833,IMG_20260328_133302_833.tiff,Kruss,0,10X
IMG_20260328_133303_188,IMG_20260328_133303_188.tiff,Kruss,0,10X
IMG_20260328_133303_547,IMG_20260328_133303_547.tiff,Kruss,0,10X
IMG_20260328_133303_911,IMG_20260328_133303_911.tiff,Kruss,0,10X
IMG_20260328_133359_558,IMG_20260328_133359_558.tiff,Kruss,0,10X
IMG_20260328_133359_905,IMG_20260328_133359_905.tiff,Kruss,0,10X
IMG_20260328_133400_258,IMG_20260328_133400_258.tiff,Kruss,0,10X
IMG_20260328_133400_596,IMG_20260328_133400_596.tiff,Kruss,0,10X
IMG_20260328_133905_737,IMG_20260328_133905_737.tiff,Kruss,0,40X
IMG_20260328_133906_115,IMG_20260328_133906_115.tiff,Kruss,0,40X
IMG_20260328_133906_446,IMG_20260328_133906_446.tiff,Kruss,0,40X
IMG_20260328_133906_807,IMG_20260328_133906_807.tiff,Kruss,0,40X
IMG_20260328_133907_169,IMG_20260328_133907_169.tiff,Kruss,0,40X
IMG_20260328_133907_550,IMG_20260328_133907_550.tiff,Kruss,0,40X
IMG_20260328_133907_913,IMG_20260328_133907_913.tiff,Kruss,0,40X
IMG_20260328_133908_294,IMG_20260328_133908_294.tiff,Kruss,0,40X
IMG_20260328_134400_604,IMG_20260328_134400_604.tiff,Kruss,0,40X
IMG_20260328_134400_990,IMG_20260328_134400_990.tiff,Kruss,0,40X
IMG_20260328_134401_352,IMG_20260328_134401_352.tiff,Kruss,0,40X
IMG_20260328_134401_743,IMG_20260328_134401_743.tiff,Kruss,0,40X
IMG_20260328_134402_143,IMG_20260328_134402_143.tiff,Kruss,0,40X
IMG_20260328_134402_551,IMG_20260328_134402_551.tiff,Kruss,0,40X
IMG_20260328_134402_917,IMG_20260328_134402_917.tiff,Kruss,0,40X
IMG_20260328_134403_268,IMG_20260328_134403_268.tiff,Kruss,0,40X
IMG_20260328_132840_191,IMG_20260328_132840_191.tiff,Kruss,0,4X
IMG_20260328_132840_502,IMG_20260328_132840_502.tiff,Kruss,0,4X
IMG_20260328_132840_824,IMG_20260328_132840_824.tiff,Kruss,0,4X
IMG_20260328_132841_466,IMG_20260328_132841_466.tiff,Kruss,0,4X
IMG_20260328_132841_785,IMG_20260328_132841_785.tiff,Kruss,0,4X
IMG_20260328_115401_369,IMG_20260328_115401_369.tiff,Kruss,0,10X
IMG_20260328_115401_721,IMG_20260328_115401_721.tiff,Kruss,0,10X
IMG_20260328_115402_056,IMG_20260328_115402_056.tiff,Kruss,0,10X
IMG_20260328_115402_407,IMG_20260328_115402_407.tiff,Kruss,0,10X
IMG_20260328_115402_793,IMG_20260328_115402_793.tiff,Kruss,0,10X
IMG_20260328_115403_158,IMG_20260328_115403_158.tiff,Kruss,0,10X
IMG_20260328_115403_522,IMG_20260328_115403_522.tiff,Kruss,0,10X
IMG_20260328_115403_861,IMG_20260328_115403_861.tiff,Kruss,0,10X
IMG_20260328_115517_332,IMG_20260328_115517_332.tiff,Kruss,0,10X
IMG_20260328_115517_686,IMG_20260328_115517_686.tiff,Kruss,0,10X
IMG_20260328_115518_007,IMG_20260328_115518_007.tiff,Kruss,0,10X
IMG_20260328_115518_333,IMG_20260328_115518_333.tiff,Kruss,0,10X
IMG_20260328_115950_259,IMG_20260328_115950_259.tiff,Kruss,0,40X
IMG_20260328_115950_618,IMG_20260328_115950_618.tiff,Kruss,0,40X
IMG_20260328_115950_966,IMG_20260328_115950_966.tiff,Kruss,0,40X
IMG_20260328_115951_368,IMG_20260328_115951_368.tiff,Kruss,0,40X
IMG_20260328_115951_738,IMG_20260328_115951_738.tiff,Kruss,0,40X
IMG_20260328_115952_101,IMG_20260328_115952_101.tiff,Kruss,0,40X
IMG_20260328_115952_455,IMG_20260328_115952_455.tiff,Kruss,0,40X
IMG_20260328_115952_863,IMG_20260328_115952_863.tiff,Kruss,0,40X
IMG_20260328_120300_594,IMG_20260328_120300_594.tiff,Kruss,0,40X
IMG_20260328_120301_274,IMG_20260328_120301_274.tiff,Kruss,0,40X
IMG_20260328_120301_629,IMG_20260328_120301_629.tiff,Kruss,0,40X
IMG_20260328_120301_989,IMG_20260328_120301_989.tiff,Kruss,0,40X
IMG_20260328_120304_302,IMG_20260328_120304_302.tiff,Kruss,0,40X
IMG_20260328_114852_310,IMG_20260328_114852_310.tiff,Kruss,0,4X
IMG_20260328_114852_661,IMG_20260328_114852_661.tiff,Kruss,0,4X
IMG_20260328_114852_983,IMG_20260328_114852_983.tiff,Kruss,0,4X
IMG_20260328_121609_996,IMG_20260328_121609_996.tiff,Kruss,0,10X
IMG_20260328_121610_327,IMG_20260328_121610_327.tiff,Kruss,0,10X
IMG_20260328_121610_689,IMG_20260328_121610_689.tiff,Kruss,0,10X
IMG_20260328_121611_016,IMG_20260328_121611_016.tiff,Kruss,0,10X
IMG_20260328_121611_353,IMG_20260328_121611_353.tiff,Kruss,0,10X
IMG_20260328_121611_714,IMG_20260328_121611_714.tiff,Kruss,0,10X
IMG_20260328_121612_062,IMG_20260328_121612_062.tiff,Kruss,0,10X
IMG_20260328_121612_415,IMG_20260328_121612_415.tiff,Kruss,0,10X
IMG_20260328_121745_608,IMG_20260328_121745_608.tiff,Kruss,0,10X
IMG_20260328_121745_922,IMG_20260328_121745_922.tiff,Kruss,0,10X
IMG_20260328_121746_259,IMG_20260328_121746_259.tiff,Kruss,0,10X
IMG_20260328_121746_600,IMG_20260328_121746_600.tiff,Kruss,0,10X
IMG_20260328_121746_925,IMG_20260328_121746_925.tiff,Kruss,0,10X
IMG_20260328_121747_271,IMG_20260328_121747_271.tiff,Kruss,0,10X
IMG_20260328_121747_626,IMG_20260328_121747_626.tiff,Kruss,0,10X
IMG_20260328_121748_000,IMG_20260328_121748_000.tiff,Kruss,0,10X
IMG_20260328_121857_274,IMG_20260328_121857_274.tiff,Kruss,0,10X
IMG_20260328_121857_624,IMG_20260328_121857_624.tiff,Kruss,0,10X
IMG_20260328_121857_951,IMG_20260328_121857_951.tiff,Kruss,0,10X
IMG_20260328_121858_301,IMG_20260328_121858_301.tiff,Kruss,0,10X
IMG_20260328_121858_673,IMG_20260328_121858_673.tiff,Kruss,0,10X
IMG_20260328_121859_011,IMG_20260328_121859_011.tiff,Kruss,0,10X
IMG_20260328_121859_345,IMG_20260328_121859_345.tiff,Kruss,0,10X
IMG_20260328_121859_703,IMG_20260328_121859_703.tiff,Kruss,0,10X
IMG_20260328_122323_287,IMG_20260328_122323_287.tiff,Kruss,0,40X
IMG_20260328_122323_662,IMG_20260328_122323_662.tiff,Kruss,0,40X
IMG_20260328_122324_009,IMG_20260328_122324_009.tiff,Kruss,0,40X
IMG_20260328_122324_359,IMG_20260328_122324_359.tiff,Kruss,0,40X
IMG_20260328_122324_719,IMG_20260328_122324_719.tiff,Kruss,0,40X
IMG_20260328_122325_077,IMG_20260328_122325_077.tiff,Kruss,0,40X
IMG_20260328_122325_425,IMG_20260328_122325_425.tiff,Kruss,0,40X
IMG_20260328_122325_772,IMG_20260328_122325_772.tiff,Kruss,0,40X
IMG_20260328_122757_906,IMG_20260328_122757_906.tiff,Kruss,0,40X
IMG_20260328_122758_299,IMG_20260328_122758_299.tiff,Kruss,0,40X
IMG_20260328_122758_648,IMG_20260328_122758_648.tiff,Kruss,0,40X
IMG_20260328_122759_010,IMG_20260328_122759_010.tiff,Kruss,0,40X
IMG_20260328_122759_372,IMG_20260328_122759_372.tiff,Kruss,0,40X
IMG_20260328_122759_718,IMG_20260328_122759_718.tiff,Kruss,0,40X
IMG_20260328_122800_072,IMG_20260328_122800_072.tiff,Kruss,0,40X
IMG_20260328_122800_428,IMG_20260328_122800_428.tiff,Kruss,0,40X
IMG_20260328_123054_445,IMG_20260328_123054_445.tiff,Kruss,0,40X
IMG_20260328_123054_786,IMG_20260328_123054_786.tiff,Kruss,0,40X
IMG_20260328_123055_132,IMG_20260328_123055_132.tiff,Kruss,0,40X
IMG_20260328_123055_465,IMG_20260328_123055_465.tiff,Kruss,0,40X
IMG_20260328_123055_809,IMG_20260328_123055_809.tiff,Kruss,0,40X
IMG_20260328_123056_159,IMG_20260328_123056_159.tiff,Kruss,0,40X
IMG_20260328_123056_528,IMG_20260328_123056_528.tiff,Kruss,0,40X
IMG_20260328_123056_876,IMG_20260328_123056_876.tiff,Kruss,0,40X
IMG_20260328_123359_889,IMG_20260328_123359_889.tiff,Kruss,0,40X
IMG_20260328_123400_259,IMG_20260328_123400_259.tiff,Kruss,0,40X
IMG_20260328_123400_608,IMG_20260328_123400_608.tiff,Kruss,0,40X
IMG_20260328_123400_962,IMG_20260328_123400_962.tiff,Kruss,0,40X
IMG_20260328_123401_321,IMG_20260328_123401_321.tiff,Kruss,0,40X
IMG_20260328_123401_695,IMG_20260328_123401_695.tiff,Kruss,0,40X
IMG_20260328_120647_855,IMG_20260328_120647_855.tiff,Kruss,0,4X
IMG_20260328_120648_164,IMG_20260328_120648_164.tiff,Kruss,0,4X
IMG_20260328_120648_482,IMG_20260328_120648_482.tiff,Kruss,0,4X
IMG_20260328_120648_820,IMG_20260328_120648_820.tiff,Kruss,0,4X
IMG_20260328_120649_149,IMG_20260328_120649_149.tiff,Kruss,0,4X
IMG_20260328_120649_494,IMG_20260328_120649_494.tiff,Kruss,0,4X
IMG_20260328_120649_823,IMG_20260328_120649_823.tiff,Kruss,0,4X
IMG_20260328_120650_169,IMG_20260328_120650_169.tiff,Kruss,0,4X
IMG_20260328_124102_807,IMG_20260328_124102_807.tiff,Kruss,0,10X
IMG_20260328_124103_156,IMG_20260328_124103_156.tiff,Kruss,0,10X
IMG_20260328_124103_523,IMG_20260328_124103_523.tiff,Kruss,0,10X
IMG_20260328_124103_864,IMG_20260328_124103_864.tiff,Kruss,0,10X
IMG_20260328_124104_197,IMG_20260328_124104_197.tiff,Kruss,0,10X
IMG_20260328_124104_563,IMG_20260328_124104_563.tiff,Kruss,0,10X
IMG_20260328_124104_887,IMG_20260328_124104_887.tiff,Kruss,0,10X
IMG_20260328_124105_210,IMG_20260328_124105_210.tiff,Kruss,0,10X
IMG_20260328_124233_183,IMG_20260328_124233_183.tiff,Kruss,0,10X
IMG_20260328_124233_522,IMG_20260328_124233_522.tiff,Kruss,0,10X
IMG_20260328_124233_843,IMG_20260328_124233_843.tiff,Kruss,0,10X
IMG_20260328_124234_177,IMG_20260328_124234_177.tiff,Kruss,0,10X
IMG_20260328_124234_516,IMG_20260328_124234_516.tiff,Kruss,0,10X
IMG_20260328_124234_844,IMG_20260328_124234_844.tiff,Kruss,0,10X
IMG_20260328_124235_179,IMG_20260328_124235_179.tiff,Kruss,0,10X
IMG_20260328_124235_543,IMG_20260328_124235_543.tiff,Kruss,0,10X
IMG_20260328_124403_843,IMG_20260328_124403_843.tiff,Kruss,0,10X
IMG_20260328_124404_180,IMG_20260328_124404_180.tiff,Kruss,0,10X
IMG_20260328_124404_572,IMG_20260328_124404_572.tiff,Kruss,0,10X
IMG_20260328_124404_911,IMG_20260328_124404_911.tiff,Kruss,0,10X
IMG_20260328_124729_526,IMG_20260328_124729_526.tiff,Kruss,0,40X
IMG_20260328_124729_907,IMG_20260328_124729_907.tiff,Kruss,0,40X
IMG_20260328_124730_269,IMG_20260328_124730_269.tiff,Kruss,0,40X
IMG_20260328_124730_656,IMG_20260328_124730_656.tiff,Kruss,0,40X
IMG_20260328_124731_002,IMG_20260328_124731_002.tiff,Kruss,0,40X
IMG_20260328_124731_344,IMG_20260328_124731_344.tiff,Kruss,0,40X
IMG_20260328_124731_711,IMG_20260328_124731_711.tiff,Kruss,0,40X
IMG_20260328_124732_035,IMG_20260328_124732_035.tiff,Kruss,0,40X
IMG_20260328_125118_062,IMG_20260328_125118_062.tiff,Kruss,0,40X
IMG_20260328_125118_403,IMG_20260328_125118_403.tiff,Kruss,0,40X
IMG_20260328_125118_765,IMG_20260328_125118_765.tiff,Kruss,0,40X
IMG_20260328_125119_122,IMG_20260328_125119_122.tiff,Kruss,0,40X
IMG_20260328_125119_485,IMG_20260328_125119_485.tiff,Kruss,0,40X
IMG_20260328_125119_858,IMG_20260328_125119_858.tiff,Kruss,0,40X
IMG_20260328_125120_225,IMG_20260328_125120_225.tiff,Kruss,0,40X
IMG_20260328_125120_600,IMG_20260328_125120_600.tiff,Kruss,0,40X
IMG_20260328_125312_127,IMG_20260328_125312_127.tiff,Kruss,0,40X
IMG_20260328_125312_478,IMG_20260328_125312_478.tiff,Kruss,0,40X
IMG_20260328_125312_831,IMG_20260328_125312_831.tiff,Kruss,0,40X
IMG_20260328_125313_151,IMG_20260328_125313_151.tiff,Kruss,0,40X
IMG_20260328_125313_480,IMG_20260328_125313_480.tiff,Kruss,0,40X
IMG_20260328_125313_829,IMG_20260328_125313_829.tiff,Kruss,0,40X
IMG_20260328_125839_783,IMG_20260328_125839_783.tiff,Kruss,0,40X
IMG_20260328_125840_126,IMG_20260328_125840_126.tiff,Kruss,0,40X
IMG_20260328_125840_505,IMG_20260328_125840_505.tiff,Kruss,0,40X
IMG_20260328_125840_864,IMG_20260328_125840_864.tiff,Kruss,0,40X
IMG_20260328_125841_217,IMG_20260328_125841_217.tiff,Kruss,0,40X
IMG_20260328_125841_615,IMG_20260328_125841_615.tiff,Kruss,0,40X
IMG_20260328_125841_964,IMG_20260328_125841_964.tiff,Kruss,0,40X
IMG_20260328_125842_335,IMG_20260328_125842_335.tiff,Kruss,0,40X
IMG_20260328_130154_916,IMG_20260328_130154_916.tiff,Kruss,0,40X
IMG_20260328_130155_260,IMG_20260328_130155_260.tiff,Kruss,0,40X
IMG_20260328_130155_620,IMG_20260328_130155_620.tiff,Kruss,0,40X
IMG_20260328_130155_967,IMG_20260328_130155_967.tiff,Kruss,0,40X
IMG_20260328_130156_332,IMG_20260328_130156_332.tiff,Kruss,0,40X
IMG_20260328_130156_693,IMG_20260328_130156_693.tiff,Kruss,0,40X
IMG_20260328_130157_035,IMG_20260328_130157_035.tiff,Kruss,0,40X
IMG_20260328_123807_970,IMG_20260328_123807_970.tiff,Kruss,0,4X
IMG_20260328_123808_278,IMG_20260328_123808_278.tiff,Kruss,0,4X
IMG_20260328_123808_619,IMG_20260328_123808_619.tiff,Kruss,0,4X
IMG_20260328_123808_944,IMG_20260328_123808_944.tiff,Kruss,0,4X
IMG_20260328_123809_247,IMG_20260328_123809_247.tiff,Kruss,0,4X
IMG_20260328_123809_593,IMG_20260328_123809_593.tiff,Kruss,0,4X
IMG_20260328_131026_447,IMG_20260328_131026_447.tiff,Kruss,0,10X
IMG_20260328_131026_794,IMG_20260328_131026_794.tiff,Kruss,0,10X
IMG_20260328_131027_114,IMG_20260328_131027_114.tiff,Kruss,0,10X
IMG_20260328_131027_443,IMG_20260328_131027_443.tiff,Kruss,0,10X
IMG_20260328_131027_783,IMG_20260328_131027_783.tiff,Kruss,0,10X
IMG_20260328_131028_122,IMG_20260328_131028_122.tiff,Kruss,0,10X
IMG_20260328_131028_528,IMG_20260328_131028_528.tiff,Kruss,0,10X
IMG_20260328_131028_902,IMG_20260328_131028_902.tiff,Kruss,0,10X
IMG_20260328_131235_983,IMG_20260328_131235_983.tiff,Kruss,0,10X
IMG_20260328_131236_302,IMG_20260328_131236_302.tiff,Kruss,0,10X
IMG_20260328_131236_621,IMG_20260328_131236_621.tiff,Kruss,0,10X
IMG_20260328_131237_002,IMG_20260328_131237_002.tiff,Kruss,0,10X
IMG_20260328_131237_327,IMG_20260328_131237_327.tiff,Kruss,0,10X
IMG_20260328_131237_697,IMG_20260328_131237_697.tiff,Kruss,0,10X
IMG_20260328_131238_017,IMG_20260328_131238_017.tiff,Kruss,0,10X
IMG_20260328_131238_344,IMG_20260328_131238_344.tiff,Kruss,0,10X
IMG_20260328_132155_625,IMG_20260328_132155_625.tiff,Kruss,0,40X
IMG_20260328_132155_967,IMG_20260328_132155_967.tiff,Kruss,0,40X
IMG_20260328_132156_302,IMG_20260328_132156_302.tiff,Kruss,0,40X
IMG_20260328_132156_637,IMG_20260328_132156_637.tiff,Kruss,0,40X
IMG_20260328_132156_973,IMG_20260328_132156_973.tiff,Kruss,0,40X
IMG_20260328_132157_300,IMG_20260328_132157_300.tiff,Kruss,0,40X
IMG_20260328_132157_654,IMG_20260328_132157_654.tiff,Kruss,0,40X
IMG_20260328_132158_030,IMG_20260328_132158_030.tiff,Kruss,0,40X
IMG_20260328_132404_617,IMG_20260328_132404_617.tiff,Kruss,0,40X
IMG_20260328_132404_964,IMG_20260328_132404_964.tiff,Kruss,0,40X
IMG_20260328_132405_306,IMG_20260328_132405_306.tiff,Kruss,0,40X
IMG_20260328_132405_662,IMG_20260328_132405_662.tiff,Kruss,0,40X
IMG_20260328_132406_010,IMG_20260328_132406_010.tiff,Kruss,0,40X
IMG_20260328_130741_902,IMG_20260328_130741_902.tiff,Kruss,0,4X
IMG_20260328_130742_231,IMG_20260328_130742_231.tiff,Kruss,0,4X
IMG_20260328_130742_857,IMG_20260328_130742_857.tiff,Kruss,0,4X
IMG_20260328_130743_501,IMG_20260328_130743_501.tiff,Kruss,0,4X
IMG_20260327_130058_474,IMG_20260327_130058_474.tiff,Kruss,0,10X
IMG_20260327_130058_821,IMG_20260327_130058_821.tiff,Kruss,0,10X
IMG_20260327_130059_144,IMG_20260327_130059_144.tiff,Kruss,0,10X
IMG_20260327_130059_480,IMG_20260327_130059_480.tiff,Kruss,0,10X
IMG_20260327_130059_822,IMG_20260327_130059_822.tiff,Kruss,0,10X
IMG_20260327_130100_128,IMG_20260327_130100_128.tiff,Kruss,0,10X
IMG_20260327_130100_448,IMG_20260327_130100_448.tiff,Kruss,0,10X
IMG_20260327_130100_816,IMG_20260327_130100_816.tiff,Kruss,0,10X
IMG_20260327_130652_647,IMG_20260327_130652_647.tiff,Kruss,0,40X
IMG_20260327_130652_997,IMG_20260327_130652_997.tiff,Kruss,0,40X
IMG_20260327_130653_371,IMG_20260327_130653_371.tiff,Kruss,0,40X
IMG_20260327_130653_733,IMG_20260327_130653_733.tiff,Kruss,0,40X
IMG_20260327_130654_084,IMG_20260327_130654_084.tiff,Kruss,0,40X
IMG_20260327_130654_466,IMG_20260327_130654_466.tiff,Kruss,0,40X
IMG_20260327_130654_880,IMG_20260327_130654_880.tiff,Kruss,0,40X
IMG_20260327_130655_257,IMG_20260327_130655_257.tiff,Kruss,0,40X
IMG_20260327_130807_423,IMG_20260327_130807_423.tiff,Kruss,0,40X
IMG_20260327_130807_799,IMG_20260327_130807_799.tiff,Kruss,0,40X
IMG_20260327_125817_508,IMG_20260327_125817_508.tiff,Kruss,0,4X
IMG_20260327_125817_874,IMG_20260327_125817_874.tiff,Kruss,0,4X
IMG_20260327_125818_198,IMG_20260327_125818_198.tiff,Kruss,0,4X
IMG_20260327_125818_539,IMG_20260327_125818_539.tiff,Kruss,0,4X
IMG_20260327_145502_362,IMG_20260327_145502_362.tiff,Kruss,0,10X
IMG_20260327_145502_721,IMG_20260327_145502_721.tiff,Kruss,0,10X
IMG_20260327_145503_061,IMG_20260327_145503_061.tiff,Kruss,0,10X
IMG_20260327_145503_388,IMG_20260327_145503_388.tiff,Kruss,0,10X
IMG_20260327_145504_034,IMG_20260327_145504_034.tiff,Kruss,0,10X
IMG_20260327_145504_358,IMG_20260327_145504_358.tiff,Kruss,0,10X
IMG_20260327_145913_053,IMG_20260327_145913_053.tiff,Kruss,0,40X
IMG_20260327_145913_390,IMG_20260327_145913_390.tiff,Kruss,0,40X
IMG_20260327_145913_754,IMG_20260327_145913_754.tiff,Kruss,0,40X
IMG_20260327_145914_091,IMG_20260327_145914_091.tiff,Kruss,0,40X
IMG_20260327_145914_449,IMG_20260327_145914_449.tiff,Kruss,0,40X
IMG_20260327_145307_662,IMG_20260327_145307_662.tiff,Kruss,0,4X
IMG_20260327_131445_306,IMG_20260327_131445_306.tiff,Kruss,0,10X
IMG_20260327_131445_626,IMG_20260327_131445_626.tiff,Kruss,0,10X
IMG_20260327_131446_477,IMG_20260327_131446_477.tiff,Kruss,0,10X
IMG_20260327_131446_789,IMG_20260327_131446_789.tiff,Kruss,0,10X
IMG_20260327_131447_126,IMG_20260327_131447_126.tiff,Kruss,0,10X
IMG_20260327_131447_468,IMG_20260327_131447_468.tiff,Kruss,0,10X
IMG_20260327_131447_808,IMG_20260327_131447_808.tiff,Kruss,0,10X
IMG_20260327_131448_136,IMG_20260327_131448_136.tiff,Kruss,0,10X
IMG_20260327_131636_902,IMG_20260327_131636_902.tiff,Kruss,0,10X
IMG_20260327_131637_362,IMG_20260327_131637_362.tiff,Kruss,0,10X
IMG_20260327_131637_707,IMG_20260327_131637_707.tiff,Kruss,0,10X
IMG_20260327_131638_077,IMG_20260327_131638_077.tiff,Kruss,0,10X
IMG_20260327_131638_763,IMG_20260327_131638_763.tiff,Kruss,0,10X
IMG_20260327_132413_999,IMG_20260327_132413_999.tiff,Kruss,0,40X
IMG_20260327_132414_337,IMG_20260327_132414_337.tiff,Kruss,0,40X
IMG_20260327_132414_665,IMG_20260327_132414_665.tiff,Kruss,0,40X
IMG_20260327_132414_998,IMG_20260327_132414_998.tiff,Kruss,0,40X
IMG_20260327_132415_329,IMG_20260327_132415_329.tiff,Kruss,0,40X
IMG_20260327_132415_658,IMG_20260327_132415_658.tiff,Kruss,0,40X
IMG_20260327_132415_984,IMG_20260327_132415_984.tiff,Kruss,0,40X
IMG_20260327_132416_330,IMG_20260327_132416_330.tiff,Kruss,0,40X
IMG_20260327_132755_571,IMG_20260327_132755_571.tiff,Kruss,0,40X
IMG_20260327_132755_920,IMG_20260327_132755_920.tiff,Kruss,0,40X
IMG_20260327_132756_266,IMG_20260327_132756_266.tiff,Kruss,0,40X
IMG_20260327_132756_653,IMG_20260327_132756_653.tiff,Kruss,0,40X
IMG_20260327_132757_014,IMG_20260327_132757_014.tiff,Kruss,0,40X
IMG_20260327_132757_376,IMG_20260327_132757_376.tiff,Kruss,0,40X
IMG_20260327_132757_735,IMG_20260327_132757_735.tiff,Kruss,0,40X
IMG_20260327_132758_087,IMG_20260327_132758_087.tiff,Kruss,0,40X
IMG_20260327_133137_333,IMG_20260327_133137_333.tiff,Kruss,0,40X
IMG_20260327_133137_693,IMG_20260327_133137_693.tiff,Kruss,0,40X
IMG_20260327_133138_059,IMG_20260327_133138_059.tiff,Kruss,0,40X
IMG_20260327_133138_442,IMG_20260327_133138_442.tiff,Kruss,0,40X
IMG_20260327_133138_824,IMG_20260327_133138_824.tiff,Kruss,0,40X
IMG_20260327_133139_173,IMG_20260327_133139_173.tiff,Kruss,0,40X
IMG_20260327_133139_551,IMG_20260327_133139_551.tiff,Kruss,0,40X
IMG_20260327_133139_911,IMG_20260327_133139_911.tiff,Kruss,0,40X
IMG_20260327_133625_524,IMG_20260327_133625_524.tiff,Kruss,0,40X
IMG_20260327_133625_878,IMG_20260327_133625_878.tiff,Kruss,0,40X
IMG_20260327_133626_219,IMG_20260327_133626_219.tiff,Kruss,0,40X
IMG_20260327_133626_587,IMG_20260327_133626_587.tiff,Kruss,0,40X
IMG_20260327_133626_927,IMG_20260327_133626_927.tiff,Kruss,0,40X
IMG_20260327_133627_272,IMG_20260327_133627_272.tiff,Kruss,0,40X
IMG_20260327_131243_963,IMG_20260327_131243_963.tiff,Kruss,0,4X
IMG_20260327_131244_281,IMG_20260327_131244_281.tiff,Kruss,0,4X
IMG_20260327_131244_602,IMG_20260327_131244_602.tiff,Kruss,0,4X
IMG_20260327_131244_930,IMG_20260327_131244_930.tiff,Kruss,0,4X
IMG_20260327_135355_114,IMG_20260327_135355_114.tiff,Kruss,0,10X
IMG_20260327_135355_443,IMG_20260327_135355_443.tiff,Kruss,0,10X
IMG_20260327_135355_772,IMG_20260327_135355_772.tiff,Kruss,0,10X
IMG_20260327_135356_084,IMG_20260327_135356_084.tiff,Kruss,0,10X
IMG_20260327_135356_397,IMG_20260327_135356_397.tiff,Kruss,0,10X
IMG_20260327_135356_740,IMG_20260327_135356_740.tiff,Kruss,0,10X
IMG_20260327_135357_090,IMG_20260327_135357_090.tiff,Kruss,0,10X
IMG_20260327_135357_428,IMG_20260327_135357_428.tiff,Kruss,0,10X
IMG_20260327_135744_497,IMG_20260327_135744_497.tiff,Kruss,0,10X
IMG_20260327_135744_822,IMG_20260327_135744_822.tiff,Kruss,0,10X
IMG_20260327_135745_155,IMG_20260327_135745_155.tiff,Kruss,0,10X
IMG_20260327_135745_490,IMG_20260327_135745_490.tiff,Kruss,0,10X
IMG_20260327_135745_812,IMG_20260327_135745_812.tiff,Kruss,0,10X
IMG_20260327_135746_149,IMG_20260327_135746_149.tiff,Kruss,0,10X
IMG_20260327_135746_499,IMG_20260327_135746_499.tiff,Kruss,0,10X
IMG_20260327_135746_867,IMG_20260327_135746_867.tiff,Kruss,0,10X
IMG_20260327_135807_831,IMG_20260327_135807_831.tiff,Kruss,0,10X
IMG_20260327_140410_005,IMG_20260327_140410_005.tiff,Kruss,0,40X
IMG_20260327_140410_366,IMG_20260327_140410_366.tiff,Kruss,0,40X
IMG_20260327_140410_705,IMG_20260327_140410_705.tiff,Kruss,0,40X
IMG_20260327_140411_073,IMG_20260327_140411_073.tiff,Kruss,0,40X
IMG_20260327_140411_386,IMG_20260327_140411_386.tiff,Kruss,0,40X
IMG_20260327_140411_745,IMG_20260327_140411_745.tiff,Kruss,0,40X
IMG_20260327_140412_080,IMG_20260327_140412_080.tiff,Kruss,0,40X
IMG_20260327_140412_400,IMG_20260327_140412_400.tiff,Kruss,0,40X
IMG_20260327_140815_961,IMG_20260327_140815_961.tiff,Kruss,0,40X
IMG_20260327_140816_317,IMG_20260327_140816_317.tiff,Kruss,0,40X
IMG_20260327_140816_701,IMG_20260327_140816_701.tiff,Kruss,0,40X
IMG_20260327_140817_102,IMG_20260327_140817_102.tiff,Kruss,0,40X
IMG_20260327_140817_470,IMG_20260327_140817_470.tiff,Kruss,0,40X
IMG_20260327_140817_854,IMG_20260327_140817_854.tiff,Kruss,0,40X
IMG_20260327_140818_210,IMG_20260327_140818_210.tiff,Kruss,0,40X
IMG_20260327_140818_611,IMG_20260327_140818_611.tiff,Kruss,0,40X
IMG_20260327_141124_455,IMG_20260327_141124_455.tiff,Kruss,0,40X
IMG_20260327_141124_813,IMG_20260327_141124_813.tiff,Kruss,0,40X
IMG_20260327_141125_188,IMG_20260327_141125_188.tiff,Kruss,0,40X
IMG_20260327_141125_556,IMG_20260327_141125_556.tiff,Kruss,0,40X
IMG_20260327_141125_927,IMG_20260327_141125_927.tiff,Kruss,0,40X
IMG_20260327_141126_290,IMG_20260327_141126_290.tiff,Kruss,0,40X
IMG_20260327_141126_638,IMG_20260327_141126_638.tiff,Kruss,0,40X
IMG_20260327_141127_042,IMG_20260327_141127_042.tiff,Kruss,0,40X
IMG_20260327_141430_363,IMG_20260327_141430_363.tiff,Kruss,0,40X
IMG_20260327_141430_704,IMG_20260327_141430_704.tiff,Kruss,0,40X
IMG_20260327_141431_060,IMG_20260327_141431_060.tiff,Kruss,0,40X
IMG_20260327_141431_407,IMG_20260327_141431_407.tiff,Kruss,0,40X
IMG_20260327_134953_248,IMG_20260327_134953_248.tiff,Kruss,0,4X
IMG_20260327_134953_580,IMG_20260327_134953_580.tiff,Kruss,0,4X
IMG_20260327_134953_902,IMG_20260327_134953_902.tiff,Kruss,0,4X
IMG_20260327_134954_223,IMG_20260327_134954_223.tiff,Kruss,0,4X
IMG_20260327_134954_559,IMG_20260327_134954_559.tiff,Kruss,0,4X
IMG_20260327_143811_157,IMG_20260327_143811_157.tiff,Kruss,0,10X
IMG_20260327_143811_506,IMG_20260327_143811_506.tiff,Kruss,0,10X
IMG_20260327_143811_833,IMG_20260327_143811_833.tiff,Kruss,0,10X
IMG_20260327_143812_168,IMG_20260327_143812_168.tiff,Kruss,0,10X
IMG_20260327_143812_471,IMG_20260327_143812_471.tiff,Kruss,0,10X
IMG_20260327_143242_726,IMG_20260327_143242_726.tiff,Kruss,0,40X
IMG_20260327_143243_069,IMG_20260327_143243_069.tiff,Kruss,0,40X
IMG_20260327_143243_403,IMG_20260327_143243_403.tiff,Kruss,0,40X
IMG_20260327_143243_737,IMG_20260327_143243_737.tiff,Kruss,0,40X
IMG_20260327_143244_092,IMG_20260327_143244_092.tiff,Kruss,0,40X
IMG_20260327_143244_433,IMG_20260327_143244_433.tiff,Kruss,0,40X
IMG_20260327_143244_778,IMG_20260327_143244_778.tiff,Kruss,0,40X
IMG_20260327_143245_150,IMG_20260327_143245_150.tiff,Kruss,0,40X
IMG_20260327_143438_420,IMG_20260327_143438_420.tiff,Kruss,0,40X
IMG_20260327_143438_778,IMG_20260327_143438_778.tiff,Kruss,0,40X
IMG_20260327_141843_988,IMG_20260327_141843_988.tiff,Kruss,0,4X
IMG_20260327_141844_314,IMG_20260327_141844_314.tiff,Kruss,0,4X
IMG_20260327_141844_622,IMG_20260327_141844_622.tiff,Kruss,0,4X
IMG_20260327_144335_399,IMG_20260327_144335_399.tiff,Kruss,0,10X
IMG_20260327_144335_752,IMG_20260327_144335_752.tiff,Kruss,0,10X
IMG_20260327_144336_072,IMG_20260327_144336_072.tiff,Kruss,0,10X
IMG_20260327_144336_432,IMG_20260327_144336_432.tiff,Kruss,0,10X
IMG_20260327_144336_798,IMG_20260327_144336_798.tiff,Kruss,0,10X
IMG_20260327_144337_126,IMG_20260327_144337_126.tiff,Kruss,0,10X
IMG_20260327_144337_524,IMG_20260327_144337_524.tiff,Kruss,0,10X
IMG_20260327_144337_899,IMG_20260327_144337_899.tiff,Kruss,0,10X
IMG_20260327_144432_948,IMG_20260327_144432_948.tiff,Kruss,0,10X
IMG_20260327_144433_275,IMG_20260327_144433_275.tiff,Kruss,0,10X
IMG_20260327_144433_608,IMG_20260327_144433_608.tiff,Kruss,0,10X
IMG_20260327_144639_700,IMG_20260327_144639_700.tiff,Kruss,0,40X
IMG_20260327_144640_070,IMG_20260327_144640_070.tiff,Kruss,0,40X
IMG_20260327_144640_407,IMG_20260327_144640_407.tiff,Kruss,0,40X
IMG_20260327_144640_776,IMG_20260327_144640_776.tiff,Kruss,0,40X
IMG_20260327_144641_156,IMG_20260327_144641_156.tiff,Kruss,0,40X
IMG_20260327_144641_506,IMG_20260327_144641_506.tiff,Kruss,0,40X
IMG_20260327_144641_931,IMG_20260327_144641_931.tiff,Kruss,0,40X
IMG_20260327_144642_307,IMG_20260327_144642_307.tiff,Kruss,0,40X
IMG_20260327_144902_860,IMG_20260327_144902_860.tiff,Kruss,0,40X
IMG_20260327_144903_232,IMG_20260327_144903_232.tiff,Kruss,0,40X
IMG_20260327_144903_584,IMG_20260327_144903_584.tiff,Kruss,0,40X
IMG_20260327_144903_951,IMG_20260327_144903_951.tiff,Kruss,0,40X
IMG_20260327_144904_304,IMG_20260327_144904_304.tiff,Kruss,0,40X
IMG_20260327_144904_738,IMG_20260327_144904_738.tiff,Kruss,0,40X
IMG_20260327_144905_145,IMG_20260327_144905_145.tiff,Kruss,0,40X
IMG_20260327_144002_474,IMG_20260327_144002_474.tiff,Kruss,0,4X
IMG_20260327_144002_794,IMG_20260327_144002_794.tiff,Kruss,0,4X
IMG_20260327_144003_199,IMG_20260327_144003_199.tiff,Kruss,0,4X
IMG_20260327_144003_546,IMG_20260327_144003_546.tiff,Kruss,0,4X
IMG_20260325_132522_331,IMG_20260325_132522_331.tiff,Kruss,0,10X
IMG_20260325_132522_638,IMG_20260325_132522_638.tiff,Kruss,0,10X
IMG_20260325_132522_928,IMG_20260325_132522_928.tiff,Kruss,0,10X
IMG_20260325_132523_245,IMG_20260325_132523_245.tiff,Kruss,0,10X
IMG_20260325_133109_746,IMG_20260325_133109_746.tiff,Kruss,0,40X
IMG_20260325_133110_081,IMG_20260325_133110_081.tiff,Kruss,0,40X
IMG_20260325_133305_373,IMG_20260325_133305_373.tiff,Kruss,0,40X
IMG_20260325_133305_721,IMG_20260325_133305_721.tiff,Kruss,0,40X
IMG_20260325_133349_016,IMG_20260325_133349_016.tiff,Kruss,0,40X
IMG_20260325_133349_377,IMG_20260325_133349_377.tiff,Kruss,0,40X
IMG_20260325_133611_311,IMG_20260325_133611_311.tiff,Kruss,0,40X
IMG_20260325_133611_651,IMG_20260325_133611_651.tiff,Kruss,0,40X
IMG_20260325_133612_009,IMG_20260325_133612_009.tiff,Kruss,0,40X
IMG_20260325_133612_356,IMG_20260325_133612_356.tiff,Kruss,0,40X
IMG_20260325_132309_039,IMG_20260325_132309_039.tiff,Kruss,0,4X
IMG_20260325_132309_756,IMG_20260325_132309_756.tiff,Kruss,0,4X
IMG_20260325_132310_088,IMG_20260325_132310_088.tiff,Kruss,0,4X
IMG_20260325_132350_907,IMG_20260325_132350_907.tiff,Kruss,0,4X
IMG_20260325_143039_786,IMG_20260325_143039_786.tiff,Kruss,0,10X
IMG_20260325_143040_117,IMG_20260325_143040_117.tiff,Kruss,0,10X
IMG_20260325_143040_460,IMG_20260325_143040_460.tiff,Kruss,0,10X
IMG_20260325_143040_789,IMG_20260325_143040_789.tiff,Kruss,0,10X
IMG_20260325_143121_231,IMG_20260325_143121_231.tiff,Kruss,0,10X
IMG_20260325_143121_563,IMG_20260325_143121_563.tiff,Kruss,0,10X
IMG_20260325_143121_918,IMG_20260325_143121_918.tiff,Kruss,0,10X
IMG_20260325_143122_267,IMG_20260325_143122_267.tiff,Kruss,0,10X
IMG_20260325_143131_725,IMG_20260325_143131_725.tiff,Kruss,0,10X
IMG_20260325_143239_304,IMG_20260325_143239_304.tiff,Kruss,0,40X
IMG_20260325_143239_644,IMG_20260325_143239_644.tiff,Kruss,0,40X
IMG_20260325_143239_987,IMG_20260325_143239_987.tiff,Kruss,0,40X
IMG_20260325_143240_329,IMG_20260325_143240_329.tiff,Kruss,0,40X
IMG_20260325_143308_350,IMG_20260325_143308_350.tiff,Kruss,0,40X
IMG_20260325_143308_716,IMG_20260325_143308_716.tiff,Kruss,0,40X
IMG_20260325_143309_094,IMG_20260325_143309_094.tiff,Kruss,0,40X
IMG_20260325_143309_473,IMG_20260325_143309_473.tiff,Kruss,0,40X
IMG_20260325_143555_414,IMG_20260325_143555_414.tiff,Kruss,0,40X
IMG_20260325_143555_806,IMG_20260325_143555_806.tiff,Kruss,0,40X
IMG_20260325_143556_184,IMG_20260325_143556_184.tiff,Kruss,0,40X
IMG_20260325_143556_601,IMG_20260325_143556_601.tiff,Kruss,0,40X
IMG_20260325_143645_972,IMG_20260325_143645_972.tiff,Kruss,0,40X
IMG_20260325_143646_342,IMG_20260325_143646_342.tiff,Kruss,0,40X
IMG_20260325_143646_689,IMG_20260325_143646_689.tiff,Kruss,0,40X
IMG_20260325_143647_053,IMG_20260325_143647_053.tiff,Kruss,0,40X
IMG_20260325_143733_360,IMG_20260325_143733_360.tiff,Kruss,0,40X
IMG_20260325_143733_719,IMG_20260325_143733_719.tiff,Kruss,0,40X
IMG_20260325_142817_722,IMG_20260325_142817_722.tiff,Kruss,0,4X
IMG_20260325_142818_060,IMG_20260325_142818_060.tiff,Kruss,0,4X
IMG_20260325_142818_390,IMG_20260325_142818_390.tiff,Kruss,0,4X
IMG_20260325_142818_744,IMG_20260325_142818_744.tiff,Kruss,0,4X
IMG_20260325_142923_912,IMG_20260325_142923_912.tiff,Kruss,0,4X
IMG_20260325_142924_282,IMG_20260325_142924_282.tiff,Kruss,0,4X
IMG_20260325_134041_874,IMG_20260325_134041_874.tiff,Kruss,0,10X
IMG_20260325_134042_849,IMG_20260325_134042_849.tiff,Kruss,0,10X
IMG_20260325_134116_642,IMG_20260325_134116_642.tiff,Kruss,0,10X
IMG_20260325_134116_979,IMG_20260325_134116_979.tiff,Kruss,0,10X
IMG_20260325_134117_333,IMG_20260325_134117_333.tiff,Kruss,0,10X
IMG_20260325_134117_659,IMG_20260325_134117_659.tiff,Kruss,0,10X
IMG_20260325_134218_275,IMG_20260325_134218_275.tiff,Kruss,0,10X
IMG_20260325_134239_000,IMG_20260325_134239_000.tiff,Kruss,0,10X
IMG_20260325_134328_682,IMG_20260325_134328_682.tiff,Kruss,0,40X
IMG_20260325_134329_061,IMG_20260325_134329_061.tiff,Kruss,0,40X
IMG_20260325_134329_567,IMG_20260325_134329_567.tiff,Kruss,0,40X
IMG_20260325_134329_950,IMG_20260325_134329_950.tiff,Kruss,0,40X
IMG_20260325_134421_683,IMG_20260325_134421_683.tiff,Kruss,0,40X
IMG_20260325_134422_116,IMG_20260325_134422_116.tiff,Kruss,0,40X
IMG_20260325_134422_498,IMG_20260325_134422_498.tiff,Kruss,0,40X
IMG_20260325_134422_886,IMG_20260325_134422_886.tiff,Kruss,0,40X
IMG_20260325_134605_414,IMG_20260325_134605_414.tiff,Kruss,0,40X
IMG_20260325_134605_756,IMG_20260325_134605_756.tiff,Kruss,0,40X
IMG_20260325_134606_102,IMG_20260325_134606_102.tiff,Kruss,0,40X
IMG_20260325_134606_461,IMG_20260325_134606_461.tiff,Kruss,0,40X
IMG_20260325_134652_986,IMG_20260325_134652_986.tiff,Kruss,0,40X
IMG_20260325_134653_361,IMG_20260325_134653_361.tiff,Kruss,0,40X
IMG_20260325_134654_170,IMG_20260325_134654_170.tiff,Kruss,0,40X
IMG_20260325_134727_678,IMG_20260325_134727_678.tiff,Kruss,0,40X
IMG_20260325_134728_038,IMG_20260325_134728_038.tiff,Kruss,0,40X
IMG_20260325_134728_415,IMG_20260325_134728_415.tiff,Kruss,0,40X
IMG_20260325_134728_809,IMG_20260325_134728_809.tiff,Kruss,0,40X
IMG_20260325_134825_966,IMG_20260325_134825_966.tiff,Kruss,0,40X
IMG_20260325_134826_345,IMG_20260325_134826_345.tiff,Kruss,0,40X
IMG_20260325_134826_734,IMG_20260325_134826_734.tiff,Kruss,0,40X
IMG_20260325_135010_457,IMG_20260325_135010_457.tiff,Kruss,0,40X
IMG_20260325_135010_835,IMG_20260325_135010_835.tiff,Kruss,0,40X
IMG_20260325_135011_207,IMG_20260325_135011_207.tiff,Kruss,0,40X
IMG_20260325_135011_582,IMG_20260325_135011_582.tiff,Kruss,0,40X
IMG_20260325_135038_960,IMG_20260325_135038_960.tiff,Kruss,0,40X
IMG_20260325_135039_311,IMG_20260325_135039_311.tiff,Kruss,0,40X
IMG_20260325_133759_823,IMG_20260325_133759_823.tiff,Kruss,0,4X
IMG_20260325_133800_167,IMG_20260325_133800_167.tiff,Kruss,0,4X
IMG_20260325_133800_511,IMG_20260325_133800_511.tiff,Kruss,0,4X
IMG_20260325_133800_865,IMG_20260325_133800_865.tiff,Kruss,0,4X
IMG_20260325_133834_375,IMG_20260325_133834_375.tiff,Kruss,0,4X
IMG_20260325_133834_687,IMG_20260325_133834_687.tiff,Kruss,0,4X
IMG_20260325_133835_006,IMG_20260325_133835_006.tiff,Kruss,0,4X
IMG_20260325_133835_321,IMG_20260325_133835_321.tiff,Kruss,0,4X
IMG_20260325_133948_091,IMG_20260325_133948_091.tiff,Kruss,0,4X
IMG_20260325_135726_467,IMG_20260325_135726_467.tiff,Kruss,0,10X
IMG_20260325_135726_813,IMG_20260325_135726_813.tiff,Kruss,0,10X
IMG_20260325_135901_919,IMG_20260325_135901_919.tiff,Kruss,0,40X
IMG_20260325_135902_253,IMG_20260325_135902_253.tiff,Kruss,0,40X
IMG_20260325_135902_608,IMG_20260325_135902_608.tiff,Kruss,0,40X
IMG_20260325_135902_958,IMG_20260325_135902_958.tiff,Kruss,0,40X
IMG_20260325_135939_658,IMG_20260325_135939_658.tiff,Kruss,0,40X
IMG_20260325_135940_011,IMG_20260325_135940_011.tiff,Kruss,0,40X
IMG_20260325_135940_369,IMG_20260325_135940_369.tiff,Kruss,0,40X
IMG_20260325_135940_713,IMG_20260325_135940_713.tiff,Kruss,0,40X
IMG_20260325_140223_193,IMG_20260325_140223_193.tiff,Kruss,0,40X
IMG_20260325_140223_516,IMG_20260325_140223_516.tiff,Kruss,0,40X
IMG_20260325_140223_847,IMG_20260325_140223_847.tiff,Kruss,0,40X
IMG_20260325_140224_177,IMG_20260325_140224_177.tiff,Kruss,0,40X
IMG_20260325_140336_414,IMG_20260325_140336_414.tiff,Kruss,0,40X
IMG_20260325_140336_808,IMG_20260325_140336_808.tiff,Kruss,0,40X
IMG_20260325_140337_203,IMG_20260325_140337_203.tiff,Kruss,0,40X
IMG_20260325_135216_265,IMG_20260325_135216_265.tiff,Kruss,0,4X
IMG_20260325_135216_620,IMG_20260325_135216_620.tiff,Kruss,0,4X
IMG_20260325_135216_979,IMG_20260325_135216_979.tiff,Kruss,0,4X
IMG_20260325_135217_321,IMG_20260325_135217_321.tiff,Kruss,0,4X
IMG_20260325_141002_470,IMG_20260325_141002_470.tiff,Kruss,0,10X
IMG_20260325_141002_794,IMG_20260325_141002_794.tiff,Kruss,0,10X
IMG_20260325_141003_123,IMG_20260325_141003_123.tiff,Kruss,0,10X
IMG_20260325_141003_448,IMG_20260325_141003_448.tiff,Kruss,0,10X
IMG_20260325_141040_434,IMG_20260325_141040_434.tiff,Kruss,0,10X
IMG_20260325_141040_761,IMG_20260325_141040_761.tiff,Kruss,0,10X
IMG_20260325_141125_929,IMG_20260325_141125_929.tiff,Kruss,0,10X
IMG_20260325_141126_263,IMG_20260325_141126_263.tiff,Kruss,0,10X
IMG_20260325_141126_574,IMG_20260325_141126_574.tiff,Kruss,0,10X
IMG_20260325_141126_913,IMG_20260325_141126_913.tiff,Kruss,0,10X
IMG_20260325_141251_925,IMG_20260325_141251_925.tiff,Kruss,0,40X
IMG_20260325_141252_294,IMG_20260325_141252_294.tiff,Kruss,0,40X
IMG_20260325_141252_682,IMG_20260325_141252_682.tiff,Kruss,0,40X
IMG_20260325_141253_155,IMG_20260325_141253_155.tiff,Kruss,0,40X
IMG_20260325_141320_467,IMG_20260325_141320_467.tiff,Kruss,0,40X
IMG_20260325_141320_843,IMG_20260325_141320_843.tiff,Kruss,0,40X
IMG_20260325_141321_205,IMG_20260325_141321_205.tiff,Kruss,0,40X
IMG_20260325_141321_580,IMG_20260325_141321_580.tiff,Kruss,0,40X
IMG_20260325_141556_685,IMG_20260325_141556_685.tiff,Kruss,0,40X
IMG_20260325_141557_118,IMG_20260325_141557_118.tiff,Kruss,0,40X
IMG_20260325_141557_453,IMG_20260325_141557_453.tiff,Kruss,0,40X
IMG_20260325_141557_783,IMG_20260325_141557_783.tiff,Kruss,0,40X
IMG_20260325_141640_287,IMG_20260325_141640_287.tiff,Kruss,0,40X
IMG_20260325_141640_617,IMG_20260325_141640_617.tiff,Kruss,0,40X
IMG_20260325_141640_936,IMG_20260325_141640_936.tiff,Kruss,0,40X
IMG_20260325_141641_328,IMG_20260325_141641_328.tiff,Kruss,0,40X
IMG_20260325_141714_637,IMG_20260325_141714_637.tiff,Kruss,0,40X
IMG_20260325_141714_986,IMG_20260325_141714_986.tiff,Kruss,0,40X
IMG_20260325_140524_224,IMG_20260325_140524_224.tiff,Kruss,0,4X
IMG_20260325_140524_547,IMG_20260325_140524_547.tiff,Kruss,0,4X
IMG_20260325_140524_879,IMG_20260325_140524_879.tiff,Kruss,0,4X
IMG_20260325_140651_709,IMG_20260325_140651_709.tiff,Kruss,0,4X
IMG_20260325_140652_010,IMG_20260325_140652_010.tiff,Kruss,0,4X
IMG_20260325_140652_338,IMG_20260325_140652_338.tiff,Kruss,0,4X
IMG_20260325_142008_385,IMG_20260325_142008_385.tiff,Kruss,0,10X
IMG_20260325_142309_606,IMG_20260325_142309_606.tiff,Kruss,0,10X
IMG_20260325_142310_256,IMG_20260325_142310_256.tiff,Kruss,0,10X
IMG_20260325_142057_019,IMG_20260325_142057_019.tiff,Kruss,0,40X
IMG_20260325_142057_473,IMG_20260325_142057_473.tiff,Kruss,0,40X
IMG_20260325_142057_818,IMG_20260325_142057_818.tiff,Kruss,0,40X
IMG_20260325_142608_199,IMG_20260325_142608_199.tiff,Kruss,0,40X
IMG_20260325_142608_576,IMG_20260325_142608_576.tiff,Kruss,0,40X
IMG_20260325_142608_951,IMG_20260325_142608_951.tiff,Kruss,0,40X
IMG_20260325_142609_308,IMG_20260325_142609_308.tiff,Kruss,0,40X
IMG_20260325_142633_667,IMG_20260325_142633_667.tiff,Kruss,0,40X
IMG_20260325_142634_004,IMG_20260325_142634_004.tiff,Kruss,0,40X
IMG_20260325_142634_347,IMG_20260325_142634_347.tiff,Kruss,0,40X
IMG_20260325_142210_136,IMG_20260325_142210_136.tiff,Kruss,0,4X
IMG_20260325_142210_452,IMG_20260325_142210_452.tiff,Kruss,0,4X
IMG_20260325_142210_794,IMG_20260325_142210_794.tiff,Kruss,0,4X
IMG_20260325_142211_126,IMG_20260325_142211_126.tiff,Kruss,0,4X
IMG_20260331_105738_048,IMG_20260331_105738_048.tiff,Kruss,4,10X
IMG_20260331_105738_358,IMG_20260331_105738_358.tiff,Kruss,4,10X
IMG_20260331_105836_877,IMG_20260331_105836_877.tiff,Kruss,4,40X
IMG_20260331_105837_242,IMG_20260331_105837_242.tiff,Kruss,5,40X
IMG_20260331_105837_586,IMG_20260331_105837_586.tiff,Kruss,5,40X
IMG_20260331_105837_948,IMG_20260331_105837_948.tiff,Kruss,4,40X
IMG_20260331_105838_288,IMG_20260331_105838_288.tiff,Kruss,4,40X
IMG_20260331_105838_640,IMG_20260331_105838_640.tiff,Kruss,4,40X
IMG_20260331_112036_373,IMG_20260331_112036_373.tiff,Kruss,4,40X
IMG_20260331_110042_656,IMG_20260331_110042_656.tiff,Kruss,4,10X
IMG_20260331_110042_991,IMG_20260331_110042_991.tiff,Kruss,4,10X
IMG_20260331_110043_321,IMG_20260331_110043_321.tiff,Kruss,4,10X
IMG_20260331_110206_617,IMG_20260331_110206_617.tiff,Kruss,4,40X
IMG_20260331_110206_981,IMG_20260331_110206_981.tiff,Kruss,4,40X
IMG_20260331_110207_320,IMG_20260331_110207_320.tiff,Kruss,4,40X
IMG_20260331_110207_686,IMG_20260331_110207_686.tiff,Kruss,4,40X
IMG_20260331_110208_051,IMG_20260331_110208_051.tiff,Kruss,4,40X
IMG_20260331_110208_429,IMG_20260331_110208_429.tiff,Kruss,4,40X
IMG_20260331_110208_769,IMG_20260331_110208_769.tiff,Kruss,4,40X
IMG_20260331_110209_209,IMG_20260331_110209_209.tiff,Kruss,4,40X
IMG_20260331_110535_971,IMG_20260331_110535_971.tiff,Kruss,4,40X
IMG_20260331_105953_412,IMG_20260331_105953_412.tiff,Kruss,4,4X
IMG_20260331_105953_725,IMG_20260331_105953_725.tiff,Kruss,4,4X
IMG_20260331_110952_079,IMG_20260331_110952_079.tiff,Kruss,4,10X
IMG_20260331_110952_434,IMG_20260331_110952_434.tiff,Kruss,5,10X
IMG_20260331_110952_767,IMG_20260331_110952_767.tiff,Kruss,4,10X
IMG_20260331_110953_105,IMG_20260331_110953_105.tiff,Kruss,4,10X
IMG_20260331_110953_429,IMG_20260331_110953_429.tiff,Kruss,5,10X
IMG_20260331_110953_762,IMG_20260331_110953_762.tiff,Kruss,5,10X
IMG_20260331_110954_114,IMG_20260331_110954_114.tiff,Kruss,5,10X
IMG_20260331_110954_465,IMG_20260331_110954_465.tiff,Kruss,5,10X
IMG_20260331_111051_750,IMG_20260331_111051_750.tiff,Kruss,4,40X
IMG_20260331_111052_113,IMG_20260331_111052_113.tiff,Kruss,4,40X
IMG_20260331_111052_479,IMG_20260331_111052_479.tiff,Kruss,4,40X
IMG_20260331_111053_242,IMG_20260331_111053_242.tiff,Kruss,4,40X
IMG_20260331_111053_615,IMG_20260331_111053_615.tiff,Kruss,4,40X
IMG_20260331_111054_014,IMG_20260331_111054_014.tiff,Kruss,4,40X
IMG_20260331_111054_397,IMG_20260331_111054_397.tiff,Kruss,5,40X
IMG_20260331_111230_685,IMG_20260331_111230_685.tiff,Kruss,5,40X
IMG_20260331_111231_055,IMG_20260331_111231_055.tiff,Kruss,4,40X
IMG_20260331_111231_418,IMG_20260331_111231_418.tiff,Kruss,4,40X
IMG_20260331_111231_797,IMG_20260331_111231_797.tiff,Kruss,4,40X
IMG_20260331_111232_163,IMG_20260331_111232_163.tiff,Kruss,5,40X
IMG_20260331_111232_513,IMG_20260331_111232_513.tiff,Kruss,4,40X
IMG_20260331_111232_874,IMG_20260331_111232_874.tiff,Kruss,4,40X
IMG_20260331_111233_210,IMG_20260331_111233_210.tiff,Kruss,5,40X
IMG_20260331_110830_635,IMG_20260331_110830_635.tiff,Kruss,5,4X
IMG_20260331_110831_250,IMG_20260331_110831_250.tiff,Kruss,5,4X
IMG_20260331_111450_661,IMG_20260331_111450_661.tiff,Kruss,4,10X
IMG_20260331_111450_980,IMG_20260331_111450_980.tiff,Kruss,4,10X
IMG_20260331_111451_317,IMG_20260331_111451_317.tiff,Kruss,5,10X
IMG_20260331_111839_747,IMG_20260331_111839_747.tiff,Kruss,5,40X
IMG_20260331_111840_078,IMG_20260331_111840_078.tiff,Kruss,5,40X
IMG_20260331_111840_452,IMG_20260331_111840_452.tiff,Kruss,4,40X
IMG_20260331_111840_777,IMG_20260331_111840_777.tiff,Kruss,4,40X
IMG_20260331_111841_113,IMG_20260331_111841_113.tiff,Kruss,4,40X
IMG_20260331_111841_471,IMG_20260331_111841_471.tiff,Kruss,4,40X
IMG_20260331_111841_806,IMG_20260331_111841_806.tiff,Kruss,4,40X
IMG_20260331_111347_703,IMG_20260331_111347_703.tiff,Kruss,5,4X
IMG_20260331_111347_989,IMG_20260331_111347_989.tiff,Kruss,5,4X
IMG_20260331_111348_263,IMG_20260331_111348_263.tiff,Kruss,5,4X
IMG_20260330_101134_980,IMG_20260330_101134_980.tiff,Kruss,5,10X
IMG_20260330_101313_093,IMG_20260330_101313_093.tiff,Kruss,5,40X
IMG_20260330_101313_448,IMG_20260330_101313_448.tiff,Kruss,5,40X
IMG_20260330_101313_814,IMG_20260330_101313_814.tiff,Kruss,5,40X
IMG_20260330_101314_172,IMG_20260330_101314_172.tiff,Kruss,5,40X
IMG_20260330_101314_524,IMG_20260330_101314_524.tiff,Kruss,5,40X
IMG_20260330_101314_922,IMG_20260330_101314_922.tiff,Kruss,5,40X
IMG_20260330_101315_731,IMG_20260330_101315_731.tiff,Kruss,5,40X
IMG_20260330_102255_677,IMG_20260330_102255_677.tiff,Kruss,4,10X
IMG_20260330_102256_010,IMG_20260330_102256_010.tiff,Kruss,4,10X
IMG_20260330_102358_111,IMG_20260330_102358_111.tiff,Kruss,5,40X
IMG_20260330_102358_458,IMG_20260330_102358_458.tiff,Kruss,5,40X
IMG_20260330_102358_805,IMG_20260330_102358_805.tiff,Kruss,5,40X
IMG_20260330_102359_150,IMG_20260330_102359_150.tiff,Kruss,5,40X
IMG_20260330_102359_470,IMG_20260330_102359_470.tiff,Kruss,5,40X
IMG_20260330_102918_871,IMG_20260330_102918_871.tiff,Kruss,4,40X
IMG_20260330_102919_213,IMG_20260330_102919_213.tiff,Kruss,5,40X
IMG_20260330_103308_157,IMG_20260330_103308_157.tiff,Kruss,5,40X
IMG_20260330_103507_755,IMG_20260330_103507_755.tiff,Kruss,4,40X
IMG_20260330_102551_487,IMG_20260330_102551_487.tiff,Kruss,5,4X
IMG_20260330_104342_076,IMG_20260330_104342_076.tiff,Kruss,5,10X
IMG_20260330_104957_182,IMG_20260330_104957_182.tiff,Kruss,5,40X
IMG_20260330_104957_532,IMG_20260330_104957_532.tiff,Kruss,5,40X
IMG_20260330_105127_465,IMG_20260330_105127_465.tiff,Kruss,4,40X
IMG_20260330_105519_638,IMG_20260330_105519_638.tiff,Kruss,5,10X
IMG_20260330_105519_955,IMG_20260330_105519_955.tiff,Kruss,5,10X
IMG_20260330_105520_334,IMG_20260330_105520_334.tiff,Kruss,5,10X
IMG_20260330_105520_724,IMG_20260330_105520_724.tiff,Kruss,5,10X
IMG_20260330_105736_454,IMG_20260330_105736_454.tiff,Kruss,5,10X
IMG_20260330_105736_902,IMG_20260330_105736_902.tiff,Kruss,5,10X
IMG_20260330_105737_691,IMG_20260330_105737_691.tiff,Kruss,5,10X
IMG_20260330_105738_462,IMG_20260330_105738_462.tiff,Kruss,5,10X
IMG_20260330_105738_832,IMG_20260330_105738_832.tiff,Kruss,5,10X
IMG_20260330_110028_848,IMG_20260330_110028_848.tiff,Kruss,5,10X
IMG_20260330_110029_914,IMG_20260330_110029_914.tiff,Kruss,5,10X
IMG_20260330_110030_335,IMG_20260330_110030_335.tiff,Kruss,5,10X
IMG_20260330_110030_719,IMG_20260330_110030_719.tiff,Kruss,5,10X
IMG_20260330_110031_084,IMG_20260330_110031_084.tiff,Kruss,5,10X
IMG_20260330_110148_653,IMG_20260330_110148_653.tiff,Kruss,5,10X
IMG_20260330_110149_033,IMG_20260330_110149_033.tiff,Kruss,5,10X
IMG_20260330_110149_419,IMG_20260330_110149_419.tiff,Kruss,5,10X
IMG_20260330_110149_782,IMG_20260330_110149_782.tiff,Kruss,5,10X
IMG_20260330_110150_153,IMG_20260330_110150_153.tiff,Kruss,5,10X
IMG_20260330_110150_522,IMG_20260330_110150_522.tiff,Kruss,5,10X
IMG_20260330_110150_873,IMG_20260330_110150_873.tiff,Kruss,5,10X
IMG_20260330_110151_244,IMG_20260330_110151_244.tiff,Kruss,5,10X
IMG_20260330_105342_636,IMG_20260330_105342_636.tiff,Kruss,4,4X
IMG_20260330_105343_932,IMG_20260330_105343_932.tiff,Kruss,4,4X
IMG_20260330_105344_285,IMG_20260330_105344_285.tiff,Kruss,5,4X
IMG_20260321_140524_156,IMG_20260321_140524_156.tiff,Kruss,0,10X
IMG_20260321_140524_493,IMG_20260321_140524_493.tiff,Kruss,0,10X
IMG_20260321_140524_829,IMG_20260321_140524_829.tiff,Kruss,0,10X
IMG_20260321_140525_185,IMG_20260321_140525_185.tiff,Kruss,0,10X
IMG_20260321_140556_075,IMG_20260321_140556_075.tiff,Kruss,0,10X
IMG_20260321_140556_410,IMG_20260321_140556_410.tiff,Kruss,0,10X
IMG_20260321_140556_755,IMG_20260321_140556_755.tiff,Kruss,0,10X
IMG_20260331_095927_369,IMG_20260331_095927_369.tiff,Kruss,0,10X
IMG_20260331_095927_683,IMG_20260331_095927_683.tiff,Kruss,0,10X
IMG_20260331_095927_999,IMG_20260331_095927_999.tiff,Kruss,0,10X
IMG_20260331_095928_332,IMG_20260331_095928_332.tiff,Kruss,0,10X
IMG_20260331_095928_682,IMG_20260331_095928_682.tiff,Kruss,0,10X
IMG_20260331_095929_091,IMG_20260331_095929_091.tiff,Kruss,0,10X
IMG_20260331_095929_436,IMG_20260331_095929_436.tiff,Kruss,0,10X
IMG_20260331_095929_772,IMG_20260331_095929_772.tiff,Kruss,0,10X
IMG_20260331_095943_683,IMG_20260331_095943_683.tiff,Kruss,0,10X
IMG_20260331_095944_014,IMG_20260331_095944_014.tiff,Kruss,0,10X
IMG_20260331_095944_350,IMG_20260331_095944_350.tiff,Kruss,0,10X
IMG_20260331_100059_230,IMG_20260331_100059_230.tiff,Kruss,0,40X
IMG_20260331_100059_601,IMG_20260331_100059_601.tiff,Kruss,0,40X
IMG_20260331_100100_000,IMG_20260331_100100_000.tiff,Kruss,0,40X
IMG_20260331_100100_376,IMG_20260331_100100_376.tiff,Kruss,0,40X
IMG_20260331_100100_748,IMG_20260331_100100_748.tiff,Kruss,0,40X
IMG_20260331_100101_151,IMG_20260331_100101_151.tiff,Kruss,0,40X
IMG_20260331_100101_517,IMG_20260331_100101_517.tiff,Kruss,0,40X
IMG_20260331_100101_912,IMG_20260331_100101_912.tiff,Kruss,0,40X
IMG_20260331_100143_442,IMG_20260331_100143_442.tiff,Kruss,0,40X
IMG_20260331_100143_808,IMG_20260331_100143_808.tiff,Kruss,0,40X
IMG_20260331_100144_166,IMG_20260331_100144_166.tiff,Kruss,0,40X
IMG_20260331_100144_523,IMG_20260331_100144_523.tiff,Kruss,0,40X
IMG_20260331_100144_885,IMG_20260331_100144_885.tiff,Kruss,0,40X
IMG_20260331_100145_224,IMG_20260331_100145_224.tiff,Kruss,0,40X
IMG_20260331_100145_592,IMG_20260331_100145_592.tiff,Kruss,0,40X
IMG_20260331_100145_989,IMG_20260331_100145_989.tiff,Kruss,0,40X
IMG_20260331_100245_149,IMG_20260331_100245_149.tiff,Kruss,0,40X
IMG_20260331_100245_494,IMG_20260331_100245_494.tiff,Kruss,0,40X
IMG_20260331_100245_858,IMG_20260331_100245_858.tiff,Kruss,0,40X
IMG_20260331_100246_225,IMG_20260331_100246_225.tiff,Kruss,0,40X
IMG_20260331_100246_572,IMG_20260331_100246_572.tiff,Kruss,0,40X
IMG_20260331_100246_922,IMG_20260331_100246_922.tiff,Kruss,0,40X
IMG_20260331_100247_290,IMG_20260331_100247_290.tiff,Kruss,0,40X
IMG_20260331_100247_659,IMG_20260331_100247_659.tiff,Kruss,0,40X
IMG_20260331_100427_420,IMG_20260331_100427_420.tiff,Kruss,0,40X
IMG_20260331_100427_776,IMG_20260331_100427_776.tiff,Kruss,0,40X
IMG_20260331_100428_160,IMG_20260331_100428_160.tiff,Kruss,0,40X
IMG_20260331_100428_508,IMG_20260331_100428_508.tiff,Kruss,0,40X
IMG_20260331_100428_848,IMG_20260331_100428_848.tiff,Kruss,0,40X
IMG_20260331_100429_201,IMG_20260331_100429_201.tiff,Kruss,0,40X
IMG_20260331_100429_550,IMG_20260331_100429_550.tiff,Kruss,0,40X
IMG_20260331_100429_884,IMG_20260331_100429_884.tiff,Kruss,0,40X
IMG_20260331_100505_967,IMG_20260331_100505_967.tiff,Kruss,0,40X
IMG_20260331_100506_324,IMG_20260331_100506_324.tiff,Kruss,0,40X
IMG_20260331_100506_665,IMG_20260331_100506_665.tiff,Kruss,0,40X
IMG_20260331_100507_018,IMG_20260331_100507_018.tiff,Kruss,0,40X
IMG_20260331_100507_369,IMG_20260331_100507_369.tiff,Kruss,0,40X
IMG_20260331_095802_720,IMG_20260331_095802_720.tiff,Kruss,0,4X
IMG_20260331_095803_060,IMG_20260331_095803_060.tiff,Kruss,0,4X
IMG_20260331_095803_390,IMG_20260331_095803_390.tiff,Kruss,0,4X
IMG_20260331_095804_035,IMG_20260331_095804_035.tiff,Kruss,0,4X
IMG_20260322_130514_484,IMG_20260322_130514_484.tiff,Kruss,4,10X
IMG_20260322_130514_828,IMG_20260322_130514_828.tiff,Kruss,4,10X
IMG_20260322_130515_153,IMG_20260322_130515_153.tiff,Kruss,4,10X
IMG_20260322_130745_293,IMG_20260322_130745_293.tiff,Kruss,4,10X
IMG_20260322_130858_083,IMG_20260322_130858_083.tiff,Kruss,4,10X
IMG_20260322_130858_466,IMG_20260322_130858_466.tiff,Kruss,4,10X
IMG_20260322_130858_812,IMG_20260322_130858_812.tiff,Kruss,4,10X
IMG_20260322_130859_165,IMG_20260322_130859_165.tiff,Kruss,4,10X
IMG_20260322_131056_006,IMG_20260322_131056_006.tiff,Kruss,4,10X
IMG_20260322_131056_332,IMG_20260322_131056_332.tiff,Kruss,4,10X
IMG_20260322_131056_645,IMG_20260322_131056_645.tiff,Kruss,4,10X
IMG_20260331_103914_639,IMG_20260331_103914_639.tiff,Kruss,4,10X
IMG_20260331_103914_975,IMG_20260331_103914_975.tiff,Kruss,0,10X
IMG_20260331_103915_311,IMG_20260331_103915_311.tiff,Kruss,5,10X
IMG_20260331_103915_662,IMG_20260331_103915_662.tiff,Kruss,0,10X
IMG_20260331_103916_018,IMG_20260331_103916_018.tiff,Kruss,4,10X
IMG_20260331_103916_347,IMG_20260331_103916_347.tiff,Kruss,4,10X
IMG_20260331_103916_681,IMG_20260331_103916_681.tiff,Kruss,0,10X
IMG_20260331_103917_026,IMG_20260331_103917_026.tiff,Kruss,0,10X
IMG_20260331_104011_265,IMG_20260331_104011_265.tiff,Kruss,0,10X
IMG_20260331_104011_602,IMG_20260331_104011_602.tiff,Kruss,0,10X
IMG_20260331_104011_925,IMG_20260331_104011_925.tiff,Kruss,0,10X
IMG_20260331_104012_268,IMG_20260331_104012_268.tiff,Kruss,0,10X
IMG_20260331_104012_608,IMG_20260331_104012_608.tiff,Kruss,5,10X
IMG_20260331_104012_936,IMG_20260331_104012_936.tiff,Kruss,0,10X
IMG_20260331_104013_272,IMG_20260331_104013_272.tiff,Kruss,5,10X
IMG_20260331_104013_671,IMG_20260331_104013_671.tiff,Kruss,4,10X
IMG_20260331_104030_532,IMG_20260331_104030_532.tiff,Kruss,4,10X
IMG_20260331_104030_859,IMG_20260331_104030_859.tiff,Kruss,4,10X
IMG_20260331_104031_167,IMG_20260331_104031_167.tiff,Kruss,4,10X
IMG_20260322_133626_516,IMG_20260322_133626_516.tiff,Kruss,4,40X
IMG_20260331_104144_337,IMG_20260331_104144_337.tiff,Kruss,0,40X
IMG_20260331_104144_693,IMG_20260331_104144_693.tiff,Kruss,0,40X
IMG_20260331_104145_060,IMG_20260331_104145_060.tiff,Kruss,4,40X
IMG_20260331_104145_398,IMG_20260331_104145_398.tiff,Kruss,0,40X
IMG_20260331_104145_760,IMG_20260331_104145_760.tiff,Kruss,4,40X
IMG_20260331_104146_111,IMG_20260331_104146_111.tiff,Kruss,4,40X
IMG_20260331_104146_465,IMG_20260331_104146_465.tiff,Kruss,0,40X
IMG_20260331_104146_808,IMG_20260331_104146_808.tiff,Kruss,0,40X
IMG_20260331_104637_035,IMG_20260331_104637_035.tiff,Kruss,4,40X
IMG_20260331_104637_394,IMG_20260331_104637_394.tiff,Kruss,4,40X
IMG_20260331_104637_757,IMG_20260331_104637_757.tiff,Kruss,4,40X
IMG_20260331_104638_124,IMG_20260331_104638_124.tiff,Kruss,4,40X
IMG_20260331_104638_476,IMG_20260331_104638_476.tiff,Kruss,4,40X
IMG_20260331_104638_843,IMG_20260331_104638_843.tiff,Kruss,0,40X
IMG_20260331_104639_183,IMG_20260331_104639_183.tiff,Kruss,4,40X
IMG_20260331_104639_527,IMG_20260331_104639_527.tiff,Kruss,4,40X
IMG_20260331_104800_208,IMG_20260331_104800_208.tiff,Kruss,0,40X
IMG_20260331_104800_565,IMG_20260331_104800_565.tiff,Kruss,0,40X
IMG_20260331_104800_930,IMG_20260331_104800_930.tiff,Kruss,0,40X
IMG_20260331_104801_283,IMG_20260331_104801_283.tiff,Kruss,0,40X
IMG_20260331_104801_630,IMG_20260331_104801_630.tiff,Kruss,0,40X
IMG_20260331_104801_998,IMG_20260331_104801_998.tiff,Kruss,0,40X
IMG_20260331_104802_347,IMG_20260331_104802_347.tiff,Kruss,0,40X
IMG_20260331_104802_708,IMG_20260331_104802_708.tiff,Kruss,0,40X
IMG_20260331_104852_466,IMG_20260331_104852_466.tiff,Kruss,0,40X
IMG_20260331_104852_801,IMG_20260331_104852_801.tiff,Kruss,0,40X
IMG_20260331_104853_153,IMG_20260331_104853_153.tiff,Kruss,0,40X
IMG_20260331_104853_494,IMG_20260331_104853_494.tiff,Kruss,0,40X
IMG_20260331_104853_842,IMG_20260331_104853_842.tiff,Kruss,4,40X
IMG_20260331_104854_162,IMG_20260331_104854_162.tiff,Kruss,4,40X
IMG_20260331_104854_498,IMG_20260331_104854_498.tiff,Kruss,4,40X
IMG_20260331_104854_844,IMG_20260331_104854_844.tiff,Kruss,4,40X
IMG_20260331_104935_979,IMG_20260331_104935_979.tiff,Kruss,0,40X
IMG_20260331_104936_311,IMG_20260331_104936_311.tiff,Kruss,0,40X
IMG_20260331_104936_641,IMG_20260331_104936_641.tiff,Kruss,4,40X
IMG_20260331_104936_995,IMG_20260331_104936_995.tiff,Kruss,4,40X
IMG_20260331_104937_349,IMG_20260331_104937_349.tiff,Kruss,4,40X
IMG_20260331_104937_699,IMG_20260331_104937_699.tiff,Kruss,0,40X
IMG_20260331_104938_079,IMG_20260331_104938_079.tiff,Kruss,4,40X
IMG_20260331_104938_444,IMG_20260331_104938_444.tiff,Kruss,0,40X
IMG_20260331_105112_020,IMG_20260331_105112_020.tiff,Kruss,0,40X
IMG_20260331_105112_486,IMG_20260331_105112_486.tiff,Kruss,0,40X
IMG_20260331_105112_835,IMG_20260331_105112_835.tiff,Kruss,0,40X
IMG_20260331_105113_186,IMG_20260331_105113_186.tiff,Kruss,0,40X
IMG_20260331_105113_535,IMG_20260331_105113_535.tiff,Kruss,0,40X
IMG_20260331_105113_885,IMG_20260331_105113_885.tiff,Kruss,0,40X
IMG_20260331_105114_229,IMG_20260331_105114_229.tiff,Kruss,0,40X
IMG_20260331_105114_568,IMG_20260331_105114_568.tiff,Kruss,0,40X
IMG_20260331_105128_527,IMG_20260331_105128_527.tiff,Kruss,4,40X
IMG_20260331_105128_857,IMG_20260331_105128_857.tiff,Kruss,4,40X
IMG_20260322_130027_064,IMG_20260322_130027_064.tiff,Kruss,4,4X
IMG_20260331_103747_795,IMG_20260331_103747_795.tiff,Kruss,5,4X
IMG_20260331_103748_118,IMG_20260331_103748_118.tiff,Kruss,4,4X
IMG_20260331_103748_444,IMG_20260331_103748_444.tiff,Kruss,4,4X
IMG_20260331_103748_760,IMG_20260331_103748_760.tiff,Kruss,4,4X
IMG_20260331_103749_062,IMG_20260331_103749_062.tiff,Kruss,0,4X
IMG_20260331_103749_385,IMG_20260331_103749_385.tiff,Kruss,4,4X
IMG_20260331_103749_702,IMG_20260331_103749_702.tiff,Kruss,0,4X
IMG_20260331_103750_011,IMG_20260331_103750_011.tiff,Kruss,4,4X
IMG_20260331_103759_359,IMG_20260331_103759_359.tiff,Kruss,4,4X
IMG_20260331_103759_680,IMG_20260331_103759_680.tiff,Kruss,4,4X
IMG_20260321_142057_005,IMG_20260321_142057_005.tiff,Kruss,0,10X
IMG_20260321_142057_336,IMG_20260321_142057_336.tiff,Kruss,0,10X
IMG_20260321_142057_656,IMG_20260321_142057_656.tiff,Kruss,0,10X
IMG_20260321_142058_006,IMG_20260321_142058_006.tiff,Kruss,0,10X
IMG_20260331_100912_863,IMG_20260331_100912_863.tiff,Kruss,0,10X
IMG_20260331_100913_199,IMG_20260331_100913_199.tiff,Kruss,0,10X
IMG_20260331_100913_526,IMG_20260331_100913_526.tiff,Kruss,0,10X
IMG_20260331_100913_853,IMG_20260331_100913_853.tiff,Kruss,0,10X
IMG_20260331_100914_189,IMG_20260331_100914_189.tiff,Kruss,0,10X
IMG_20260331_100914_525,IMG_20260331_100914_525.tiff,Kruss,0,10X
IMG_20260331_100914_856,IMG_20260331_100914_856.tiff,Kruss,0,10X
IMG_20260331_100705_922,IMG_20260331_100705_922.tiff,Kruss,0,40X
IMG_20260331_100706_265,IMG_20260331_100706_265.tiff,Kruss,0,40X
IMG_20260331_101052_838,IMG_20260331_101052_838.tiff,Kruss,0,40X
IMG_20260331_101053_226,IMG_20260331_101053_226.tiff,Kruss,0,40X
IMG_20260331_101053_594,IMG_20260331_101053_594.tiff,Kruss,0,40X
IMG_20260331_101053_960,IMG_20260331_101053_960.tiff,Kruss,0,40X
IMG_20260331_101054_343,IMG_20260331_101054_343.tiff,Kruss,0,40X
IMG_20260331_101054_681,IMG_20260331_101054_681.tiff,Kruss,0,40X
IMG_20260331_101055_019,IMG_20260331_101055_019.tiff,Kruss,0,40X
IMG_20260331_101055_372,IMG_20260331_101055_372.tiff,Kruss,0,40X
IMG_20260331_101143_056,IMG_20260331_101143_056.tiff,Kruss,0,40X
IMG_20260331_101143_406,IMG_20260331_101143_406.tiff,Kruss,0,40X
IMG_20260331_101143_748,IMG_20260331_101143_748.tiff,Kruss,0,40X
IMG_20260331_101144_121,IMG_20260331_101144_121.tiff,Kruss,0,40X
IMG_20260331_101144_468,IMG_20260331_101144_468.tiff,Kruss,0,40X
IMG_20260331_101144_822,IMG_20260331_101144_822.tiff,Kruss,0,40X
IMG_20260331_101145_205,IMG_20260331_101145_205.tiff,Kruss,0,40X
IMG_20260331_101145_546,IMG_20260331_101145_546.tiff,Kruss,0,40X
IMG_20260331_101205_390,IMG_20260331_101205_390.tiff,Kruss,0,40X
IMG_20260331_101205_733,IMG_20260331_101205_733.tiff,Kruss,0,40X
IMG_20260331_101206_093,IMG_20260331_101206_093.tiff,Kruss,0,40X
IMG_20260331_100753_666,IMG_20260331_100753_666.tiff,Kruss,0,4X
IMG_20260331_100753_984,IMG_20260331_100753_984.tiff,Kruss,0,4X
IMG_20260331_100754_285,IMG_20260331_100754_285.tiff,Kruss,0,4X
IMG_20260321_141545_628,IMG_20260321_141545_628.tiff,Kruss,0,10X
IMG_20260321_141545_953,IMG_20260321_141545_953.tiff,Kruss,0,10X
IMG_20260321_141546_285,IMG_20260321_141546_285.tiff,Kruss,0,10X
IMG_20260321_141546_627,IMG_20260321_141546_627.tiff,Kruss,0,10X
IMG_20260331_101412_591,IMG_20260331_101412_591.tiff,Kruss,0,10X
IMG_20260331_101412_915,IMG_20260331_101412_915.tiff,Kruss,0,10X
IMG_20260331_101413_269,IMG_20260331_101413_269.tiff,Kruss,0,10X
IMG_20260331_101413_619,IMG_20260331_101413_619.tiff,Kruss,0,10X
IMG_20260331_101413_961,IMG_20260331_101413_961.tiff,Kruss,0,10X
IMG_20260331_101414_346,IMG_20260331_101414_346.tiff,Kruss,0,10X
IMG_20260331_101629_035,IMG_20260331_101629_035.tiff,Kruss,0,40X
IMG_20260331_101629_410,IMG_20260331_101629_410.tiff,Kruss,0,40X
IMG_20260331_101629_806,IMG_20260331_101629_806.tiff,Kruss,0,40X
IMG_20260331_101630_172,IMG_20260331_101630_172.tiff,Kruss,0,40X
IMG_20260331_101630_542,IMG_20260331_101630_542.tiff,Kruss,0,40X
IMG_20260331_101630_908,IMG_20260331_101630_908.tiff,Kruss,0,40X
IMG_20260331_101631_263,IMG_20260331_101631_263.tiff,Kruss,0,40X
IMG_20260331_101631_632,IMG_20260331_101631_632.tiff,Kruss,0,40X
IMG_20260331_101711_406,IMG_20260331_101711_406.tiff,Kruss,0,40X
IMG_20260331_101711_782,IMG_20260331_101711_782.tiff,Kruss,0,40X
IMG_20260331_101712_149,IMG_20260331_101712_149.tiff,Kruss,0,40X
IMG_20260331_101712_511,IMG_20260331_101712_511.tiff,Kruss,0,40X
IMG_20260331_101712_882,IMG_20260331_101712_882.tiff,Kruss,0,40X
IMG_20260331_101326_826,IMG_20260331_101326_826.tiff,Kruss,0,4X
IMG_20260331_101327_134,IMG_20260331_101327_134.tiff,Kruss,0,4X
IMG_20260321_142601_864,IMG_20260321_142601_864.tiff,Kruss,4,10X
IMG_20260321_142602_216,IMG_20260321_142602_216.tiff,Kruss,4,10X
IMG_20260321_142602_885,IMG_20260321_142602_885.tiff,Kruss,4,10X
IMG_20260321_142646_528,IMG_20260321_142646_528.tiff,Kruss,4,10X
IMG_20260321_142646_857,IMG_20260321_142646_857.tiff,Kruss,4,10X
IMG_20260321_142647_180,IMG_20260321_142647_180.tiff,Kruss,4,10X
IMG_20260331_103415_024,IMG_20260331_103415_024.tiff,Kruss,4,10X
IMG_20260331_103415_373,IMG_20260331_103415_373.tiff,Kruss,4,10X
IMG_20260331_103415_706,IMG_20260331_103415_706.tiff,Kruss,4,10X
IMG_20260331_103416_046,IMG_20260331_103416_046.tiff,Kruss,4,10X
IMG_20260331_103416_396,IMG_20260331_103416_396.tiff,Kruss,0,10X
IMG_20260331_103416_744,IMG_20260331_103416_744.tiff,Kruss,0,10X
IMG_20260331_103417_061,IMG_20260331_103417_061.tiff,Kruss,0,10X
IMG_20260331_103417_388,IMG_20260331_103417_388.tiff,Kruss,0,10X
IMG_20260331_103447_230,IMG_20260331_103447_230.tiff,Kruss,4,10X
IMG_20260331_103447_548,IMG_20260331_103447_548.tiff,Kruss,0,10X
IMG_20260331_103447_880,IMG_20260331_103447_880.tiff,Kruss,4,10X
IMG_20260331_103448_199,IMG_20260331_103448_199.tiff,Kruss,0,10X
IMG_20260331_103448_532,IMG_20260331_103448_532.tiff,Kruss,4,10X
IMG_20260331_102710_289,IMG_20260331_102710_289.tiff,Kruss,0,40X
IMG_20260331_102710_647,IMG_20260331_102710_647.tiff,Kruss,0,40X
IMG_20260331_102710_995,IMG_20260331_102710_995.tiff,Kruss,0,40X
IMG_20260331_102711_335,IMG_20260331_102711_335.tiff,Kruss,5,40X
IMG_20260331_102711_690,IMG_20260331_102711_690.tiff,Kruss,5,40X
IMG_20260331_102712_037,IMG_20260331_102712_037.tiff,Kruss,5,40X
IMG_20260331_102712_378,IMG_20260331_102712_378.tiff,Kruss,5,40X
IMG_20260331_102712_755,IMG_20260331_102712_755.tiff,Kruss,5,40X
IMG_20260331_102749_313,IMG_20260331_102749_313.tiff,Kruss,0,40X
IMG_20260331_102749_667,IMG_20260331_102749_667.tiff,Kruss,0,40X
IMG_20260331_102750_038,IMG_20260331_102750_038.tiff,Kruss,0,40X
IMG_20260331_102750_395,IMG_20260331_102750_395.tiff,Kruss,0,40X
IMG_20260331_102750_736,IMG_20260331_102750_736.tiff,Kruss,0,40X
IMG_20260331_102751_163,IMG_20260331_102751_163.tiff,Kruss,0,40X
IMG_20260331_102751_514,IMG_20260331_102751_514.tiff,Kruss,4,40X
IMG_20260331_102751_880,IMG_20260331_102751_880.tiff,Kruss,0,40X
IMG_20260331_102835_287,IMG_20260331_102835_287.tiff,Kruss,4,40X
IMG_20260331_102835_627,IMG_20260331_102835_627.tiff,Kruss,4,40X
IMG_20260331_102835_978,IMG_20260331_102835_978.tiff,Kruss,4,40X
IMG_20260331_102836_322,IMG_20260331_102836_322.tiff,Kruss,0,40X
IMG_20260331_102836_668,IMG_20260331_102836_668.tiff,Kruss,4,40X
IMG_20260331_102837_034,IMG_20260331_102837_034.tiff,Kruss,4,40X
IMG_20260331_102837_375,IMG_20260331_102837_375.tiff,Kruss,4,40X
IMG_20260331_102837_719,IMG_20260331_102837_719.tiff,Kruss,0,40X
IMG_20260331_102948_231,IMG_20260331_102948_231.tiff,Kruss,0,40X
IMG_20260331_102948_591,IMG_20260331_102948_591.tiff,Kruss,0,40X
IMG_20260331_103202_969,IMG_20260331_103202_969.tiff,Kruss,5,40X
IMG_20260331_103203_337,IMG_20260331_103203_337.tiff,Kruss,5,40X
IMG_20260331_103203_694,IMG_20260331_103203_694.tiff,Kruss,0,40X
IMG_20260331_103204_047,IMG_20260331_103204_047.tiff,Kruss,5,40X
IMG_20260331_103204_419,IMG_20260331_103204_419.tiff,Kruss,5,40X
IMG_20260331_103204_783,IMG_20260331_103204_783.tiff,Kruss,5,40X
IMG_20260331_103205_149,IMG_20260331_103205_149.tiff,Kruss,5,40X
IMG_20260331_103205_549,IMG_20260331_103205_549.tiff,Kruss,0,40X
IMG_20260331_103236_432,IMG_20260331_103236_432.tiff,Kruss,0,40X
IMG_20260331_103236_780,IMG_20260331_103236_780.tiff,Kruss,5,40X
IMG_20260331_103237_130,IMG_20260331_103237_130.tiff,Kruss,5,40X
IMG_20260331_103237_491,IMG_20260331_103237_491.tiff,Kruss,0,40X
IMG_20260331_103237_854,IMG_20260331_103237_854.tiff,Kruss,0,40X
IMG_20260331_101856_041,IMG_20260331_101856_041.tiff,Kruss,4,4X
IMG_20260331_101856_372,IMG_20260331_101856_372.tiff,Kruss,0,4X
IMG_20260331_101856_696,IMG_20260331_101856_696.tiff,Kruss,0,4X
IMG_20260331_101857_014,IMG_20260331_101857_014.tiff,Kruss,5,4X
IMG_20260331_101857_313,IMG_20260331_101857_313.tiff,Kruss,0,4X
IMG_20260331_101857_628,IMG_20260331_101857_628.tiff,Kruss,0,4X
IMG_20260331_101857_927,IMG_20260331_101857_927.tiff,Kruss,0,4X
IMG_20260331_101858_269,IMG_20260331_101858_269.tiff,Kruss,4,4X
IMG_20260322_122517_767,IMG_20260322_122517_767.tiff,Kruss,0,10X
IMG_20260324_123210_661,IMG_20260324_123210_661.tiff,Kruss,0,10X
IMG_20260324_123210_979,IMG_20260324_123210_979.tiff,Kruss,0,10X
IMG_20260324_123211_324,IMG_20260324_123211_324.tiff,Kruss,0,10X
IMG_20260324_123211_684,IMG_20260324_123211_684.tiff,Kruss,0,10X
IMG_20260324_123329_581,IMG_20260324_123329_581.tiff,Kruss,0,10X
IMG_20260324_123329_893,IMG_20260324_123329_893.tiff,Kruss,0,10X
IMG_20260324_123330_220,IMG_20260324_123330_220.tiff,Kruss,0,10X
IMG_20260324_123330_572,IMG_20260324_123330_572.tiff,Kruss,0,10X
IMG_20260324_123447_146,IMG_20260324_123447_146.tiff,Kruss,0,10X
IMG_20260324_123447_510,IMG_20260324_123447_510.tiff,Kruss,0,10X
IMG_20260324_123447_835,IMG_20260324_123447_835.tiff,Kruss,0,10X
IMG_20260324_123448_162,IMG_20260324_123448_162.tiff,Kruss,0,10X
IMG_20260324_123543_949,IMG_20260324_123543_949.tiff,Kruss,0,10X
IMG_20260324_123544_560,IMG_20260324_123544_560.tiff,Kruss,0,10X
IMG_20260324_123544_889,IMG_20260324_123544_889.tiff,Kruss,0,10X
IMG_20260324_123653_799,IMG_20260324_123653_799.tiff,Kruss,0,10X
IMG_20260324_123654_156,IMG_20260324_123654_156.tiff,Kruss,0,10X
IMG_20260324_123654_485,IMG_20260324_123654_485.tiff,Kruss,0,10X
IMG_20260324_123654_804,IMG_20260324_123654_804.tiff,Kruss,0,10X
IMG_20260324_123719_963,IMG_20260324_123719_963.tiff,Kruss,0,10X
IMG_20260327_161403_541,IMG_20260327_161403_541.tiff,Kruss,0,10X
IMG_20260327_161404_213,IMG_20260327_161404_213.tiff,Kruss,0,10X
IMG_20260327_161404_530,IMG_20260327_161404_530.tiff,Kruss,0,10X
IMG_20260327_161404_861,IMG_20260327_161404_861.tiff,Kruss,0,10X
IMG_20260327_161405_204,IMG_20260327_161405_204.tiff,Kruss,0,10X
IMG_20260327_161405_529,IMG_20260327_161405_529.tiff,Kruss,0,10X
IMG_20260327_161405_882,IMG_20260327_161405_882.tiff,Kruss,0,10X
IMG_20260327_161426_095,IMG_20260327_161426_095.tiff,Kruss,0,10X
IMG_20260327_161426_429,IMG_20260327_161426_429.tiff,Kruss,0,10X
IMG_20260327_161426_754,IMG_20260327_161426_754.tiff,Kruss,0,10X
IMG_20260324_124212_080,IMG_20260324_124212_080.tiff,Kruss,0,40X
IMG_20260324_124212_460,IMG_20260324_124212_460.tiff,Kruss,0,40X
IMG_20260324_124212_812,IMG_20260324_124212_812.tiff,Kruss,0,40X
IMG_20260324_124213_181,IMG_20260324_124213_181.tiff,Kruss,0,40X
IMG_20260324_124332_252,IMG_20260324_124332_252.tiff,Kruss,0,40X
IMG_20260324_124332_627,IMG_20260324_124332_627.tiff,Kruss,0,40X
IMG_20260324_124332_982,IMG_20260324_124332_982.tiff,Kruss,0,40X
IMG_20260324_124333_369,IMG_20260324_124333_369.tiff,Kruss,0,40X
IMG_20260324_124546_493,IMG_20260324_124546_493.tiff,Kruss,0,40X
IMG_20260324_124546_841,IMG_20260324_124546_841.tiff,Kruss,0,40X
IMG_20260324_124547_199,IMG_20260324_124547_199.tiff,Kruss,0,40X
IMG_20260324_124547_541,IMG_20260324_124547_541.tiff,Kruss,0,40X
IMG_20260324_124816_379,IMG_20260324_124816_379.tiff,Kruss,0,40X
IMG_20260324_124816_762,IMG_20260324_124816_762.tiff,Kruss,0,40X
IMG_20260324_124817_145,IMG_20260324_124817_145.tiff,Kruss,0,40X
IMG_20260324_124817_484,IMG_20260324_124817_484.tiff,Kruss,0,40X
IMG_20260324_125139_477,IMG_20260324_125139_477.tiff,Kruss,0,40X
IMG_20260324_125139_819,IMG_20260324_125139_819.tiff,Kruss,0,40X
IMG_20260324_125140_160,IMG_20260324_125140_160.tiff,Kruss,0,40X
IMG_20260324_125140_512,IMG_20260324_125140_512.tiff,Kruss,0,40X
IMG_20260324_125509_520,IMG_20260324_125509_520.tiff,Kruss,0,40X
IMG_20260324_125509_869,IMG_20260324_125509_869.tiff,Kruss,0,40X
IMG_20260324_125510_228,IMG_20260324_125510_228.tiff,Kruss,0,40X
IMG_20260324_125510_584,IMG_20260324_125510_584.tiff,Kruss,0,40X
IMG_20260327_161615_128,IMG_20260327_161615_128.tiff,Kruss,0,40X
IMG_20260327_161615_467,IMG_20260327_161615_467.tiff,Kruss,0,40X
IMG_20260327_161615_797,IMG_20260327_161615_797.tiff,Kruss,0,40X
IMG_20260327_161616_183,IMG_20260327_161616_183.tiff,Kruss,0,40X
IMG_20260327_161616_541,IMG_20260327_161616_541.tiff,Kruss,0,40X
IMG_20260327_161616_885,IMG_20260327_161616_885.tiff,Kruss,0,40X
IMG_20260327_161617_238,IMG_20260327_161617_238.tiff,Kruss,0,40X
IMG_20260327_161617_588,IMG_20260327_161617_588.tiff,Kruss,0,40X
IMG_20260327_161732_423,IMG_20260327_161732_423.tiff,Kruss,0,40X
IMG_20260327_161732_756,IMG_20260327_161732_756.tiff,Kruss,0,40X
IMG_20260327_161733_111,IMG_20260327_161733_111.tiff,Kruss,0,40X
IMG_20260327_161733_462,IMG_20260327_161733_462.tiff,Kruss,0,40X
IMG_20260327_161733_810,IMG_20260327_161733_810.tiff,Kruss,0,40X
IMG_20260327_161734_161,IMG_20260327_161734_161.tiff,Kruss,0,40X
IMG_20260327_161734_495,IMG_20260327_161734_495.tiff,Kruss,0,40X
IMG_20260327_161734_835,IMG_20260327_161734_835.tiff,Kruss,0,40X
IMG_20260327_161815_152,IMG_20260327_161815_152.tiff,Kruss,0,40X
IMG_20260327_161815_491,IMG_20260327_161815_491.tiff,Kruss,0,40X
IMG_20260324_122726_588,IMG_20260324_122726_588.tiff,Kruss,0,4X
IMG_20260324_122726_940,IMG_20260324_122726_940.tiff,Kruss,0,4X
IMG_20260324_122727_267,IMG_20260324_122727_267.tiff,Kruss,0,4X
IMG_20260324_122727_578,IMG_20260324_122727_578.tiff,Kruss,0,4X
IMG_20260324_122850_403,IMG_20260324_122850_403.tiff,Kruss,0,4X
IMG_20260324_122850_739,IMG_20260324_122850_739.tiff,Kruss,0,4X
IMG_20260324_122851_052,IMG_20260324_122851_052.tiff,Kruss,0,4X
IMG_20260324_122851_370,IMG_20260324_122851_370.tiff,Kruss,0,4X
IMG_20260324_122924_657,IMG_20260324_122924_657.tiff,Kruss,0,4X
IMG_20260324_122924_952,IMG_20260324_122924_952.tiff,Kruss,0,4X
IMG_20260327_161239_500,IMG_20260327_161239_500.tiff,Kruss,0,4X
IMG_20260327_161239_831,IMG_20260327_161239_831.tiff,Kruss,0,4X
IMG_20260327_161240_341,IMG_20260327_161240_341.tiff,Kruss,0,4X
IMG_20260327_161240_695,IMG_20260327_161240_695.tiff,Kruss,0,4X
IMG_20260327_161241_010,IMG_20260327_161241_010.tiff,Kruss,0,4X
IMG_20260327_161241_632,IMG_20260327_161241_632.tiff,Kruss,0,4X
IMG_20260324_144029_678,IMG_20260324_144029_678.tiff,Kruss,0,10X
IMG_20260324_144030_076,IMG_20260324_144030_076.tiff,Kruss,0,10X
IMG_20260324_144030_415,IMG_20260324_144030_415.tiff,Kruss,0,10X
IMG_20260324_144030_745,IMG_20260324_144030_745.tiff,Kruss,0,10X
IMG_20260324_144111_603,IMG_20260324_144111_603.tiff,Kruss,0,10X
IMG_20260324_144111_951,IMG_20260324_144111_951.tiff,Kruss,0,10X
IMG_20260327_165136_924,IMG_20260327_165136_924.tiff,Kruss,0,10X
IMG_20260327_165137_265,IMG_20260327_165137_265.tiff,Kruss,0,10X
IMG_20260327_165137_607,IMG_20260327_165137_607.tiff,Kruss,0,10X
IMG_20260327_165137_954,IMG_20260327_165137_954.tiff,Kruss,0,10X
IMG_20260324_144444_507,IMG_20260324_144444_507.tiff,Kruss,0,40X
IMG_20260324_144445_000,IMG_20260324_144445_000.tiff,Kruss,0,40X
IMG_20260324_144445_375,IMG_20260324_144445_375.tiff,Kruss,0,40X
IMG_20260324_144445_725,IMG_20260324_144445_725.tiff,Kruss,0,40X
IMG_20260324_144730_392,IMG_20260324_144730_392.tiff,Kruss,0,40X
IMG_20260324_144730_746,IMG_20260324_144730_746.tiff,Kruss,0,40X
IMG_20260324_144731_078,IMG_20260324_144731_078.tiff,Kruss,0,40X
IMG_20260324_144731_429,IMG_20260324_144731_429.tiff,Kruss,0,40X
IMG_20260324_144757_192,IMG_20260324_144757_192.tiff,Kruss,0,40X
IMG_20260327_165356_960,IMG_20260327_165356_960.tiff,Kruss,0,40X
IMG_20260327_165357_302,IMG_20260327_165357_302.tiff,Kruss,0,40X
IMG_20260327_165357_624,IMG_20260327_165357_624.tiff,Kruss,0,40X
IMG_20260327_165357_936,IMG_20260327_165357_936.tiff,Kruss,0,40X
IMG_20260327_165358_286,IMG_20260327_165358_286.tiff,Kruss,0,40X
IMG_20260327_165358_634,IMG_20260327_165358_634.tiff,Kruss,0,40X
IMG_20260327_165358_980,IMG_20260327_165358_980.tiff,Kruss,0,40X
IMG_20260327_165359_336,IMG_20260327_165359_336.tiff,Kruss,0,40X
IMG_20260327_165418_686,IMG_20260327_165418_686.tiff,Kruss,0,40X
IMG_20260324_143709_644,IMG_20260324_143709_644.tiff,Kruss,0,4X
IMG_20260324_143709_958,IMG_20260324_143709_958.tiff,Kruss,0,4X
IMG_20260327_165046_076,IMG_20260327_165046_076.tiff,Kruss,0,4X
IMG_20260327_165046_395,IMG_20260327_165046_395.tiff,Kruss,0,4X
IMG_20260324_130450_245,IMG_20260324_130450_245.tiff,Kruss,0,10X
IMG_20260324_130450_592,IMG_20260324_130450_592.tiff,Kruss,0,10X
IMG_20260324_130450_937,IMG_20260324_130450_937.tiff,Kruss,0,10X
IMG_20260324_130451_273,IMG_20260324_130451_273.tiff,Kruss,0,10X
IMG_20260324_130606_531,IMG_20260324_130606_531.tiff,Kruss,0,10X
IMG_20260324_130606_864,IMG_20260324_130606_864.tiff,Kruss,0,10X
IMG_20260324_130607_228,IMG_20260324_130607_228.tiff,Kruss,0,10X
IMG_20260324_130607_588,IMG_20260324_130607_588.tiff,Kruss,0,10X
IMG_20260324_130704_415,IMG_20260324_130704_415.tiff,Kruss,0,10X
IMG_20260324_130704_747,IMG_20260324_130704_747.tiff,Kruss,0,10X
IMG_20260324_130705_077,IMG_20260324_130705_077.tiff,Kruss,0,10X
IMG_20260324_130705_437,IMG_20260324_130705_437.tiff,Kruss,0,10X
IMG_20260324_130838_551,IMG_20260324_130838_551.tiff,Kruss,0,10X
IMG_20260324_130838_868,IMG_20260324_130838_868.tiff,Kruss,0,10X
IMG_20260324_130839_190,IMG_20260324_130839_190.tiff,Kruss,0,10X
IMG_20260324_130839_552,IMG_20260324_130839_552.tiff,Kruss,0,10X
IMG_20260324_131006_923,IMG_20260324_131006_923.tiff,Kruss,0,10X
IMG_20260324_131007_223,IMG_20260324_131007_223.tiff,Kruss,0,10X
IMG_20260324_131007_536,IMG_20260324_131007_536.tiff,Kruss,0,10X
IMG_20260324_131007_856,IMG_20260324_131007_856.tiff,Kruss,0,10X
IMG_20260324_131117_774,IMG_20260324_131117_774.tiff,Kruss,0,10X
IMG_20260324_131118_080,IMG_20260324_131118_080.tiff,Kruss,0,10X
IMG_20260324_131118_412,IMG_20260324_131118_412.tiff,Kruss,0,10X
IMG_20260324_131118_822,IMG_20260324_131118_822.tiff,Kruss,0,10X
IMG_20260324_131157_068,IMG_20260324_131157_068.tiff,Kruss,0,10X
IMG_20260324_131157_376,IMG_20260324_131157_376.tiff,Kruss,0,10X
IMG_20260327_162152_753,IMG_20260327_162152_753.tiff,Kruss,0,10X
IMG_20260327_162153_084,IMG_20260327_162153_084.tiff,Kruss,0,10X
IMG_20260327_162153_720,IMG_20260327_162153_720.tiff,Kruss,0,10X
IMG_20260327_162154_028,IMG_20260327_162154_028.tiff,Kruss,0,10X
IMG_20260327_162154_382,IMG_20260327_162154_382.tiff,Kruss,0,10X
IMG_20260327_162154_711,IMG_20260327_162154_711.tiff,Kruss,0,10X
IMG_20260327_162155_011,IMG_20260327_162155_011.tiff,Kruss,0,10X
IMG_20260327_162244_760,IMG_20260327_162244_760.tiff,Kruss,0,10X
IMG_20260327_162245_104,IMG_20260327_162245_104.tiff,Kruss,0,10X
IMG_20260327_162245_440,IMG_20260327_162245_440.tiff,Kruss,0,10X
IMG_20260327_162245_806,IMG_20260327_162245_806.tiff,Kruss,0,10X
IMG_20260327_162246_143,IMG_20260327_162246_143.tiff,Kruss,0,10X
IMG_20260327_162246_471,IMG_20260327_162246_471.tiff,Kruss,0,10X
IMG_20260327_162246_822,IMG_20260327_162246_822.tiff,Kruss,0,10X
IMG_20260327_162247_141,IMG_20260327_162247_141.tiff,Kruss,0,10X
IMG_20260327_162254_963,IMG_20260327_162254_963.tiff,Kruss,0,10X
IMG_20260324_131623_544,IMG_20260324_131623_544.tiff,Kruss,0,40X
IMG_20260324_131623_886,IMG_20260324_131623_886.tiff,Kruss,0,40X
IMG_20260324_131624_238,IMG_20260324_131624_238.tiff,Kruss,0,40X
IMG_20260324_131624_586,IMG_20260324_131624_586.tiff,Kruss,0,40X
IMG_20260324_132254_340,IMG_20260324_132254_340.tiff,Kruss,0,40X
IMG_20260324_132254_720,IMG_20260324_132254_720.tiff,Kruss,0,40X
IMG_20260324_132255_059,IMG_20260324_132255_059.tiff,Kruss,0,40X
IMG_20260324_132255_422,IMG_20260324_132255_422.tiff,Kruss,0,40X
IMG_20260324_132515_729,IMG_20260324_132515_729.tiff,Kruss,0,40X
IMG_20260324_132516_069,IMG_20260324_132516_069.tiff,Kruss,0,40X
IMG_20260324_132516_409,IMG_20260324_132516_409.tiff,Kruss,0,40X
IMG_20260324_132516_787,IMG_20260324_132516_787.tiff,Kruss,0,40X
IMG_20260324_132822_641,IMG_20260324_132822_641.tiff,Kruss,0,40X
IMG_20260324_132822_994,IMG_20260324_132822_994.tiff,Kruss,0,40X
IMG_20260324_132823_346,IMG_20260324_132823_346.tiff,Kruss,0,40X
IMG_20260324_132823_715,IMG_20260324_132823_715.tiff,Kruss,0,40X
IMG_20260324_132949_055,IMG_20260324_132949_055.tiff,Kruss,0,40X
IMG_20260324_132949_443,IMG_20260324_132949_443.tiff,Kruss,0,40X
IMG_20260324_132949_821,IMG_20260324_132949_821.tiff,Kruss,0,40X
IMG_20260324_132950_186,IMG_20260324_132950_186.tiff,Kruss,0,40X
IMG_20260324_133224_620,IMG_20260324_133224_620.tiff,Kruss,0,40X
IMG_20260324_133224_997,IMG_20260324_133224_997.tiff,Kruss,0,40X
IMG_20260324_133225_349,IMG_20260324_133225_349.tiff,Kruss,0,40X
IMG_20260324_133225_721,IMG_20260324_133225_721.tiff,Kruss,0,40X
IMG_20260324_133514_655,IMG_20260324_133514_655.tiff,Kruss,0,40X
IMG_20260324_133515_007,IMG_20260324_133515_007.tiff,Kruss,0,40X
IMG_20260324_133515_365,IMG_20260324_133515_365.tiff,Kruss,0,40X
IMG_20260324_133515_721,IMG_20260324_133515_721.tiff,Kruss,0,40X
IMG_20260324_133656_369,IMG_20260324_133656_369.tiff,Kruss,0,40X
IMG_20260324_133656_740,IMG_20260324_133656_740.tiff,Kruss,0,40X
IMG_20260324_133657_062,IMG_20260324_133657_062.tiff,Kruss,0,40X
IMG_20260324_133657_414,IMG_20260324_133657_414.tiff,Kruss,0,40X
IMG_20260324_133834_792,IMG_20260324_133834_792.tiff,Kruss,0,40X
IMG_20260324_133835_144,IMG_20260324_133835_144.tiff,Kruss,0,40X
IMG_20260324_133835_489,IMG_20260324_133835_489.tiff,Kruss,0,40X
IMG_20260324_133835_832,IMG_20260324_133835_832.tiff,Kruss,0,40X
IMG_20260324_134008_794,IMG_20260324_134008_794.tiff,Kruss,0,40X
IMG_20260324_134009_145,IMG_20260324_134009_145.tiff,Kruss,0,40X
IMG_20260327_162436_967,IMG_20260327_162436_967.tiff,Kruss,0,40X
IMG_20260327_162437_332,IMG_20260327_162437_332.tiff,Kruss,0,40X
IMG_20260327_162437_701,IMG_20260327_162437_701.tiff,Kruss,0,40X
IMG_20260327_162438_081,IMG_20260327_162438_081.tiff,Kruss,0,40X
IMG_20260327_162438_445,IMG_20260327_162438_445.tiff,Kruss,0,40X
IMG_20260327_162438_782,IMG_20260327_162438_782.tiff,Kruss,0,40X
IMG_20260327_162439_140,IMG_20260327_162439_140.tiff,Kruss,0,40X
IMG_20260327_162439_501,IMG_20260327_162439_501.tiff,Kruss,0,40X
IMG_20260327_162603_426,IMG_20260327_162603_426.tiff,Kruss,0,40X
IMG_20260327_162603_751,IMG_20260327_162603_751.tiff,Kruss,0,40X
IMG_20260327_162604_110,IMG_20260327_162604_110.tiff,Kruss,0,40X
IMG_20260327_162604_460,IMG_20260327_162604_460.tiff,Kruss,0,40X
IMG_20260327_162604_806,IMG_20260327_162604_806.tiff,Kruss,0,40X
IMG_20260327_162605_165,IMG_20260327_162605_165.tiff,Kruss,0,40X
IMG_20260327_162605_527,IMG_20260327_162605_527.tiff,Kruss,0,40X
IMG_20260327_162605_867,IMG_20260327_162605_867.tiff,Kruss,0,40X
IMG_20260327_162659_010,IMG_20260327_162659_010.tiff,Kruss,0,40X
IMG_20260327_162659_355,IMG_20260327_162659_355.tiff,Kruss,0,40X
IMG_20260327_162659_699,IMG_20260327_162659_699.tiff,Kruss,0,40X
IMG_20260327_162700_069,IMG_20260327_162700_069.tiff,Kruss,0,40X
IMG_20260327_162700_433,IMG_20260327_162700_433.tiff,Kruss,0,40X
IMG_20260327_162700_797,IMG_20260327_162700_797.tiff,Kruss,0,40X
IMG_20260327_162701_214,IMG_20260327_162701_214.tiff,Kruss,0,40X
IMG_20260327_162701_558,IMG_20260327_162701_558.tiff,Kruss,0,40X
IMG_20260327_162826_658,IMG_20260327_162826_658.tiff,Kruss,0,40X
IMG_20260327_162827_021,IMG_20260327_162827_021.tiff,Kruss,0,40X
IMG_20260327_162827_372,IMG_20260327_162827_372.tiff,Kruss,0,40X
IMG_20260327_162827_731,IMG_20260327_162827_731.tiff,Kruss,0,40X
IMG_20260327_162828_087,IMG_20260327_162828_087.tiff,Kruss,0,40X
IMG_20260327_162828_457,IMG_20260327_162828_457.tiff,Kruss,0,40X
IMG_20260327_162828_813,IMG_20260327_162828_813.tiff,Kruss,0,40X
IMG_20260327_162829_178,IMG_20260327_162829_178.tiff,Kruss,0,40X
IMG_20260327_162950_908,IMG_20260327_162950_908.tiff,Kruss,0,40X
IMG_20260327_162951_238,IMG_20260327_162951_238.tiff,Kruss,0,40X
IMG_20260327_162951_573,IMG_20260327_162951_573.tiff,Kruss,0,40X
IMG_20260327_162951_921,IMG_20260327_162951_921.tiff,Kruss,0,40X
IMG_20260327_162952_254,IMG_20260327_162952_254.tiff,Kruss,0,40X
IMG_20260327_162952_609,IMG_20260327_162952_609.tiff,Kruss,0,40X
IMG_20260327_162952_959,IMG_20260327_162952_959.tiff,Kruss,0,40X
IMG_20260327_162953_315,IMG_20260327_162953_315.tiff,Kruss,0,40X
IMG_20260324_125951_622,IMG_20260324_125951_622.tiff,Kruss,0,4X
IMG_20260324_125951_948,IMG_20260324_125951_948.tiff,Kruss,0,4X
IMG_20260324_125952_268,IMG_20260324_125952_268.tiff,Kruss,0,4X
IMG_20260324_125952_596,IMG_20260324_125952_596.tiff,Kruss,0,4X
IMG_20260324_130135_901,IMG_20260324_130135_901.tiff,Kruss,0,4X
IMG_20260324_130136_219,IMG_20260324_130136_219.tiff,Kruss,0,4X
IMG_20260324_130136_567,IMG_20260324_130136_567.tiff,Kruss,0,4X
IMG_20260324_130136_880,IMG_20260324_130136_880.tiff,Kruss,0,4X
IMG_20260324_130306_065,IMG_20260324_130306_065.tiff,Kruss,0,4X
IMG_20260324_130306_382,IMG_20260324_130306_382.tiff,Kruss,0,4X
IMG_20260324_130306_694,IMG_20260324_130306_694.tiff,Kruss,0,4X
IMG_20260324_130306_991,IMG_20260324_130306_991.tiff,Kruss,0,4X
IMG_20260327_162017_557,IMG_20260327_162017_557.tiff,Kruss,0,4X
IMG_20260327_162017_881,IMG_20260327_162017_881.tiff,Kruss,0,4X
IMG_20260327_162018_181,IMG_20260327_162018_181.tiff,Kruss,0,4X
IMG_20260327_162018_511,IMG_20260327_162018_511.tiff,Kruss,0,4X
IMG_20260327_162018_845,IMG_20260327_162018_845.tiff,Kruss,0,4X
IMG_20260327_162019_175,IMG_20260327_162019_175.tiff,Kruss,0,4X
IMG_20260327_162036_117,IMG_20260327_162036_117.tiff,Kruss,0,4X
IMG_20260324_134847_363,IMG_20260324_134847_363.tiff,Kruss,0,10X
IMG_20260327_163623_041,IMG_20260327_163623_041.tiff,Kruss,0,10X
IMG_20260324_135017_563,IMG_20260324_135017_563.tiff,Kruss,0,40X
IMG_20260324_135017_933,IMG_20260324_135017_933.tiff,Kruss,0,40X
IMG_20260324_135018_286,IMG_20260324_135018_286.tiff,Kruss,0,40X
IMG_20260327_163703_165,IMG_20260327_163703_165.tiff,Kruss,0,40X
IMG_20260327_163703_515,IMG_20260327_163703_515.tiff,Kruss,0,40X
IMG_20260327_163703_866,IMG_20260327_163703_866.tiff,Kruss,0,40X
IMG_20260324_134622_454,IMG_20260324_134622_454.tiff,Kruss,0,4X
IMG_20260327_163541_490,IMG_20260327_163541_490.tiff,Kruss,0,4X
IMG_20260324_140242_044,IMG_20260324_140242_044.tiff,Kruss,0,10X
IMG_20260324_140242_694,IMG_20260324_140242_694.tiff,Kruss,0,10X
IMG_20260324_140242_996,IMG_20260324_140242_996.tiff,Kruss,0,10X
IMG_20260324_140359_599,IMG_20260324_140359_599.tiff,Kruss,0,10X
IMG_20260324_140359_937,IMG_20260324_140359_937.tiff,Kruss,0,10X
IMG_20260324_140400_269,IMG_20260324_140400_269.tiff,Kruss,0,10X
IMG_20260324_140400_600,IMG_20260324_140400_600.tiff,Kruss,0,10X
IMG_20260324_140537_427,IMG_20260324_140537_427.tiff,Kruss,0,10X
IMG_20260324_140537_792,IMG_20260324_140537_792.tiff,Kruss,0,10X
IMG_20260324_140538_136,IMG_20260324_140538_136.tiff,Kruss,0,10X
IMG_20260324_140538_491,IMG_20260324_140538_491.tiff,Kruss,0,10X
IMG_20260324_140628_880,IMG_20260324_140628_880.tiff,Kruss,0,10X
IMG_20260324_140629_201,IMG_20260324_140629_201.tiff,Kruss,0,10X
IMG_20260324_140629_520,IMG_20260324_140629_520.tiff,Kruss,0,10X
IMG_20260327_163914_945,IMG_20260327_163914_945.tiff,Kruss,0,10X
IMG_20260327_164138_620,IMG_20260327_164138_620.tiff,Kruss,0,10X
IMG_20260327_164138_947,IMG_20260327_164138_947.tiff,Kruss,0,10X
IMG_20260327_164139_421,IMG_20260327_164139_421.tiff,Kruss,0,10X
IMG_20260327_164139_764,IMG_20260327_164139_764.tiff,Kruss,0,10X
IMG_20260327_164140_108,IMG_20260327_164140_108.tiff,Kruss,0,10X
IMG_20260327_164140_456,IMG_20260327_164140_456.tiff,Kruss,0,10X
IMG_20260327_164141_063,IMG_20260327_164141_063.tiff,Kruss,0,10X
IMG_20260327_164149_485,IMG_20260327_164149_485.tiff,Kruss,0,10X
IMG_20260327_164149_829,IMG_20260327_164149_829.tiff,Kruss,0,10X
IMG_20260324_140834_974,IMG_20260324_140834_974.tiff,Kruss,0,40X
IMG_20260324_140835_309,IMG_20260324_140835_309.tiff,Kruss,0,40X
IMG_20260324_140835_677,IMG_20260324_140835_677.tiff,Kruss,0,40X
IMG_20260324_140836_050,IMG_20260324_140836_050.tiff,Kruss,0,40X
IMG_20260324_141343_984,IMG_20260324_141343_984.tiff,Kruss,0,40X
IMG_20260324_141344_649,IMG_20260324_141344_649.tiff,Kruss,0,40X
IMG_20260324_141345_032,IMG_20260324_141345_032.tiff,Kruss,0,40X
IMG_20260324_141449_015,IMG_20260324_141449_015.tiff,Kruss,0,40X
IMG_20260324_141449_365,IMG_20260324_141449_365.tiff,Kruss,0,40X
IMG_20260324_141449_720,IMG_20260324_141449_720.tiff,Kruss,0,40X
IMG_20260324_141450_082,IMG_20260324_141450_082.tiff,Kruss,0,40X
IMG_20260324_141631_122,IMG_20260324_141631_122.tiff,Kruss,0,40X
IMG_20260324_141631_478,IMG_20260324_141631_478.tiff,Kruss,0,40X
IMG_20260324_141631_830,IMG_20260324_141631_830.tiff,Kruss,0,40X
IMG_20260324_141632_177,IMG_20260324_141632_177.tiff,Kruss,0,40X
IMG_20260324_141833_086,IMG_20260324_141833_086.tiff,Kruss,0,40X
IMG_20260324_141833_434,IMG_20260324_141833_434.tiff,Kruss,0,40X
IMG_20260324_141833_787,IMG_20260324_141833_787.tiff,Kruss,0,40X
IMG_20260324_141834_133,IMG_20260324_141834_133.tiff,Kruss,0,40X
IMG_20260324_142004_892,IMG_20260324_142004_892.tiff,Kruss,0,40X
IMG_20260324_142005_204,IMG_20260324_142005_204.tiff,Kruss,0,40X
IMG_20260324_142005_569,IMG_20260324_142005_569.tiff,Kruss,0,40X
IMG_20260324_142005_930,IMG_20260324_142005_930.tiff,Kruss,0,40X
IMG_20260324_142152_270,IMG_20260324_142152_270.tiff,Kruss,0,40X
IMG_20260324_142152_641,IMG_20260324_142152_641.tiff,Kruss,0,40X
IMG_20260324_142152_966,IMG_20260324_142152_966.tiff,Kruss,0,40X
IMG_20260324_142153_327,IMG_20260324_142153_327.tiff,Kruss,0,40X
IMG_20260324_142229_101,IMG_20260324_142229_101.tiff,Kruss,0,40X
IMG_20260324_142229_427,IMG_20260324_142229_427.tiff,Kruss,0,40X
IMG_20260327_163950_572,IMG_20260327_163950_572.tiff,Kruss,0,40X
IMG_20260327_163950_913,IMG_20260327_163950_913.tiff,Kruss,0,40X
IMG_20260327_164310_733,IMG_20260327_164310_733.tiff,Kruss,0,40X
IMG_20260327_164311_084,IMG_20260327_164311_084.tiff,Kruss,0,40X
IMG_20260327_164311_437,IMG_20260327_164311_437.tiff,Kruss,0,40X
IMG_20260327_164311_777,IMG_20260327_164311_777.tiff,Kruss,0,40X
IMG_20260327_164312_168,IMG_20260327_164312_168.tiff,Kruss,0,40X
IMG_20260327_164312_520,IMG_20260327_164312_520.tiff,Kruss,0,40X
IMG_20260327_164312_878,IMG_20260327_164312_878.tiff,Kruss,0,40X
IMG_20260327_164313_238,IMG_20260327_164313_238.tiff,Kruss,0,40X
IMG_20260327_164430_779,IMG_20260327_164430_779.tiff,Kruss,0,40X
IMG_20260327_164431_133,IMG_20260327_164431_133.tiff,Kruss,0,40X
IMG_20260327_164431_496,IMG_20260327_164431_496.tiff,Kruss,0,40X
IMG_20260327_164431_834,IMG_20260327_164431_834.tiff,Kruss,0,40X
IMG_20260327_164432_199,IMG_20260327_164432_199.tiff,Kruss,0,40X
IMG_20260327_164432_530,IMG_20260327_164432_530.tiff,Kruss,0,40X
IMG_20260327_164432_874,IMG_20260327_164432_874.tiff,Kruss,0,40X
IMG_20260327_164433_258,IMG_20260327_164433_258.tiff,Kruss,0,40X
IMG_20260327_164520_117,IMG_20260327_164520_117.tiff,Kruss,0,40X
IMG_20260327_164520_476,IMG_20260327_164520_476.tiff,Kruss,0,40X
IMG_20260327_164520_825,IMG_20260327_164520_825.tiff,Kruss,0,40X
IMG_20260327_164521_179,IMG_20260327_164521_179.tiff,Kruss,0,40X
IMG_20260327_164521_532,IMG_20260327_164521_532.tiff,Kruss,0,40X
IMG_20260327_164521_869,IMG_20260327_164521_869.tiff,Kruss,0,40X
IMG_20260327_164522_237,IMG_20260327_164522_237.tiff,Kruss,0,40X
IMG_20260327_164522_582,IMG_20260327_164522_582.tiff,Kruss,0,40X
IMG_20260327_164535_154,IMG_20260327_164535_154.tiff,Kruss,0,40X
IMG_20260327_164535_490,IMG_20260327_164535_490.tiff,Kruss,0,40X
IMG_20260324_135650_916,IMG_20260324_135650_916.tiff,Kruss,0,4X
IMG_20260324_135651_239,IMG_20260324_135651_239.tiff,Kruss,0,4X
IMG_20260324_135651_583,IMG_20260324_135651_583.tiff,Kruss,0,4X
IMG_20260324_140024_991,IMG_20260324_140024_991.tiff,Kruss,0,4X
IMG_20260324_140025_314,IMG_20260324_140025_314.tiff,Kruss,0,4X
IMG_20260324_140025_651,IMG_20260324_140025_651.tiff,Kruss,0,4X
IMG_20260327_163832_043,IMG_20260327_163832_043.tiff,Kruss,0,4X
IMG_20260327_163832_333,IMG_20260327_163832_333.tiff,Kruss,0,4X
IMG_20260327_163832_658,IMG_20260327_163832_658.tiff,Kruss,0,4X
IMG_20260327_163832_987,IMG_20260327_163832_987.tiff,Kruss,0,4X
IMG_20260327_163833_286,IMG_20260327_163833_286.tiff,Kruss,0,4X
IMG_20260324_142825_958,IMG_20260324_142825_958.tiff,Kruss,0,10X
IMG_20260324_142826_269,IMG_20260324_142826_269.tiff,Kruss,0,10X
IMG_20260324_142826_603,IMG_20260324_142826_603.tiff,Kruss,0,10X
IMG_20260324_142850_171,IMG_20260324_142850_171.tiff,Kruss,0,10X
IMG_20260327_164838_137,IMG_20260327_164838_137.tiff,Kruss,0,10X
IMG_20260327_164838_460,IMG_20260327_164838_460.tiff,Kruss,0,10X
IMG_20260327_164838_769,IMG_20260327_164838_769.tiff,Kruss,0,10X
IMG_20260324_143353_103,IMG_20260324_143353_103.tiff,Kruss,0,40X
IMG_20260324_143353_473,IMG_20260324_143353_473.tiff,Kruss,0,40X
IMG_20260324_143353_824,IMG_20260324_143353_824.tiff,Kruss,0,40X
IMG_20260324_143354_194,IMG_20260324_143354_194.tiff,Kruss,0,40X
IMG_20260324_143518_672,IMG_20260324_143518_672.tiff,Kruss,0,40X
IMG_20260327_164953_512,IMG_20260327_164953_512.tiff,Kruss,0,40X
IMG_20260327_164953_868,IMG_20260327_164953_868.tiff,Kruss,0,40X
IMG_20260327_164954_219,IMG_20260327_164954_219.tiff,Kruss,0,40X
IMG_20260327_164954_542,IMG_20260327_164954_542.tiff,Kruss,0,40X
IMG_20260327_164954_886,IMG_20260327_164954_886.tiff,Kruss,0,40X
IMG_20260324_142516_924,IMG_20260324_142516_924.tiff,Kruss,0,4X
IMG_20260327_164708_051,IMG_20260327_164708_051.tiff,Kruss,0,4X
IMG_20260327_164708_360,IMG_20260327_164708_360.tiff,Kruss,0,4X
IMG_20260327_164708_674,IMG_20260327_164708_674.tiff,Kruss,0,4X
IMG_20260327_164708_980,IMG_20260327_164708_980.tiff,Kruss,0,4X
IMG_20260327_151436_552,IMG_20260327_151436_552.tiff,Kruss,0,10X
IMG_20260327_151436_903,IMG_20260327_151436_903.tiff,Kruss,0,10X
IMG_20260327_151437_244,IMG_20260327_151437_244.tiff,Kruss,0,10X
IMG_20260327_151437_557,IMG_20260327_151437_557.tiff,Kruss,0,10X
IMG_20260327_151437_872,IMG_20260327_151437_872.tiff,Kruss,0,10X
IMG_20260327_151438_246,IMG_20260327_151438_246.tiff,Kruss,0,10X
IMG_20260327_151438_679,IMG_20260327_151438_679.tiff,Kruss,0,10X
IMG_20260327_151439_006,IMG_20260327_151439_006.tiff,Kruss,0,10X
IMG_20260327_151450_004,IMG_20260327_151450_004.tiff,Kruss,0,10X
IMG_20260327_151450_355,IMG_20260327_151450_355.tiff,Kruss,0,10X
IMG_20260327_151622_200,IMG_20260327_151622_200.tiff,Kruss,0,40X
IMG_20260327_151622_575,IMG_20260327_151622_575.tiff,Kruss,0,40X
IMG_20260327_151622_945,IMG_20260327_151622_945.tiff,Kruss,0,40X
IMG_20260327_151623_294,IMG_20260327_151623_294.tiff,Kruss,0,40X
IMG_20260327_151623_652,IMG_20260327_151623_652.tiff,Kruss,0,40X
IMG_20260327_151624_032,IMG_20260327_151624_032.tiff,Kruss,0,40X
IMG_20260327_151624_402,IMG_20260327_151624_402.tiff,Kruss,0,40X
IMG_20260327_151624_797,IMG_20260327_151624_797.tiff,Kruss,0,40X
IMG_20260327_151721_160,IMG_20260327_151721_160.tiff,Kruss,0,40X
IMG_20260327_151721_486,IMG_20260327_151721_486.tiff,Kruss,0,40X
IMG_20260327_151721_812,IMG_20260327_151721_812.tiff,Kruss,0,40X
IMG_20260327_151722_162,IMG_20260327_151722_162.tiff,Kruss,0,40X
IMG_20260327_151722_551,IMG_20260327_151722_551.tiff,Kruss,0,40X
IMG_20260327_151315_171,IMG_20260327_151315_171.tiff,Kruss,0,4X
IMG_20260327_151315_497,IMG_20260327_151315_497.tiff,Kruss,0,4X
IMG_20260327_151315_811,IMG_20260327_151315_811.tiff,Kruss,0,4X
IMG_20260327_151316_132,IMG_20260327_151316_132.tiff,Kruss,0,4X
IMG_20260327_160326_976,IMG_20260327_160326_976.tiff,Kruss,0,10X
IMG_20260327_160327_287,IMG_20260327_160327_287.tiff,Kruss,0,10X
IMG_20260327_160327_594,IMG_20260327_160327_594.tiff,Kruss,0,10X
IMG_20260327_160501_779,IMG_20260327_160501_779.tiff,Kruss,0,40X
IMG_20260327_160502_099,IMG_20260327_160502_099.tiff,Kruss,0,40X
IMG_20260327_160502_440,IMG_20260327_160502_440.tiff,Kruss,0,40X
IMG_20260327_160502_790,IMG_20260327_160502_790.tiff,Kruss,0,40X
IMG_20260327_160503_138,IMG_20260327_160503_138.tiff,Kruss,0,40X
IMG_20260327_160503_485,IMG_20260327_160503_485.tiff,Kruss,0,40X
IMG_20260327_160238_101,IMG_20260327_160238_101.tiff,Kruss,0,4X
IMG_20260327_151923_569,IMG_20260327_151923_569.tiff,Kruss,0,10X
IMG_20260327_152133_469,IMG_20260327_152133_469.tiff,Kruss,0,10X
IMG_20260327_152024_997,IMG_20260327_152024_997.tiff,Kruss,0,40X
IMG_20260327_152025_371,IMG_20260327_152025_371.tiff,Kruss,0,40X
IMG_20260327_152025_720,IMG_20260327_152025_720.tiff,Kruss,0,40X
IMG_20260327_152026_090,IMG_20260327_152026_090.tiff,Kruss,0,40X
IMG_20260327_152214_935,IMG_20260327_152214_935.tiff,Kruss,0,40X
IMG_20260327_152215_304,IMG_20260327_152215_304.tiff,Kruss,0,40X
IMG_20260327_152653_820,IMG_20260327_152653_820.tiff,Kruss,0,10X
IMG_20260327_152654_150,IMG_20260327_152654_150.tiff,Kruss,0,10X
IMG_20260327_152654_483,IMG_20260327_152654_483.tiff,Kruss,0,10X
IMG_20260327_152654_816,IMG_20260327_152654_816.tiff,Kruss,0,10X
IMG_20260327_152655_141,IMG_20260327_152655_141.tiff,Kruss,0,10X
IMG_20260327_152655_477,IMG_20260327_152655_477.tiff,Kruss,0,10X
IMG_20260327_152655_824,IMG_20260327_152655_824.tiff,Kruss,0,10X
IMG_20260327_152656_125,IMG_20260327_152656_125.tiff,Kruss,0,10X
IMG_20260327_152934_404,IMG_20260327_152934_404.tiff,Kruss,0,40X
IMG_20260327_152934_754,IMG_20260327_152934_754.tiff,Kruss,0,40X
IMG_20260327_152935_120,IMG_20260327_152935_120.tiff,Kruss,0,40X
IMG_20260327_152935_493,IMG_20260327_152935_493.tiff,Kruss,0,40X
IMG_20260327_152935_860,IMG_20260327_152935_860.tiff,Kruss,0,40X
IMG_20260327_152936_213,IMG_20260327_152936_213.tiff,Kruss,0,40X
IMG_20260327_152936_580,IMG_20260327_152936_580.tiff,Kruss,0,40X
IMG_20260327_152936_950,IMG_20260327_152936_950.tiff,Kruss,0,40X
IMG_20260327_153134_595,IMG_20260327_153134_595.tiff,Kruss,0,40X
IMG_20260327_153134_951,IMG_20260327_153134_951.tiff,Kruss,0,40X
IMG_20260327_153135_322,IMG_20260327_153135_322.tiff,Kruss,0,40X
IMG_20260327_153135_702,IMG_20260327_153135_702.tiff,Kruss,0,40X
IMG_20260327_153136_069,IMG_20260327_153136_069.tiff,Kruss,0,40X
IMG_20260327_153136_410,IMG_20260327_153136_410.tiff,Kruss,0,40X
IMG_20260327_153136_790,IMG_20260327_153136_790.tiff,Kruss,0,40X
IMG_20260327_153137_181,IMG_20260327_153137_181.tiff,Kruss,0,40X
IMG_20260327_153208_570,IMG_20260327_153208_570.tiff,Kruss,0,40X
IMG_20260327_153208_932,IMG_20260327_153208_932.tiff,Kruss,0,40X
IMG_20260327_153209_299,IMG_20260327_153209_299.tiff,Kruss,0,40X
IMG_20260327_152351_756,IMG_20260327_152351_756.tiff,Kruss,0,4X
IMG_20260327_152352_057,IMG_20260327_152352_057.tiff,Kruss,0,4X
IMG_20260327_152352_366,IMG_20260327_152352_366.tiff,Kruss,0,4X
IMG_20260327_152516_289,IMG_20260327_152516_289.tiff,Kruss,0,4X
IMG_20260327_152516_591,IMG_20260327_152516_591.tiff,Kruss,0,4X
IMG_20260327_152516_917,IMG_20260327_152516_917.tiff,Kruss,0,4X
IMG_20260327_153644_536,IMG_20260327_153644_536.tiff,Kruss,0,10X
IMG_20260327_153644_883,IMG_20260327_153644_883.tiff,Kruss,0,10X
IMG_20260327_153645_250,IMG_20260327_153645_250.tiff,Kruss,0,10X
IMG_20260327_153645_594,IMG_20260327_153645_594.tiff,Kruss,0,10X
IMG_20260327_153645_975,IMG_20260327_153645_975.tiff,Kruss,0,10X
IMG_20260327_153646_313,IMG_20260327_153646_313.tiff,Kruss,0,10X
IMG_20260327_153646_703,IMG_20260327_153646_703.tiff,Kruss,0,10X
IMG_20260327_153647_042,IMG_20260327_153647_042.tiff,Kruss,0,10X
IMG_20260327_153804_763,IMG_20260327_153804_763.tiff,Kruss,0,10X
IMG_20260327_153805_087,IMG_20260327_153805_087.tiff,Kruss,0,10X
IMG_20260327_153805_397,IMG_20260327_153805_397.tiff,Kruss,0,10X
IMG_20260327_153805_720,IMG_20260327_153805_720.tiff,Kruss,0,10X
IMG_20260327_153806_064,IMG_20260327_153806_064.tiff,Kruss,0,10X
IMG_20260327_153806_390,IMG_20260327_153806_390.tiff,Kruss,0,10X
IMG_20260327_153806_730,IMG_20260327_153806_730.tiff,Kruss,0,10X
IMG_20260327_153807_059,IMG_20260327_153807_059.tiff,Kruss,0,10X
IMG_20260327_153846_765,IMG_20260327_153846_765.tiff,Kruss,0,10X
IMG_20260327_153847_095,IMG_20260327_153847_095.tiff,Kruss,0,10X
IMG_20260327_153847_396,IMG_20260327_153847_396.tiff,Kruss,0,10X
IMG_20260327_153847_720,IMG_20260327_153847_720.tiff,Kruss,0,10X
IMG_20260327_153848_053,IMG_20260327_153848_053.tiff,Kruss,0,10X
IMG_20260327_154037_063,IMG_20260327_154037_063.tiff,Kruss,0,40X
IMG_20260327_154037_411,IMG_20260327_154037_411.tiff,Kruss,0,40X
IMG_20260327_154037_764,IMG_20260327_154037_764.tiff,Kruss,0,40X
IMG_20260327_154038_138,IMG_20260327_154038_138.tiff,Kruss,0,40X
IMG_20260327_154038_508,IMG_20260327_154038_508.tiff,Kruss,0,40X
IMG_20260327_154038_873,IMG_20260327_154038_873.tiff,Kruss,0,40X
IMG_20260327_154039_239,IMG_20260327_154039_239.tiff,Kruss,0,40X
IMG_20260327_154039_643,IMG_20260327_154039_643.tiff,Kruss,0,40X
IMG_20260327_154146_929,IMG_20260327_154146_929.tiff,Kruss,0,40X
IMG_20260327_154147_286,IMG_20260327_154147_286.tiff,Kruss,0,40X
IMG_20260327_154147_671,IMG_20260327_154147_671.tiff,Kruss,0,40X
IMG_20260327_154148_046,IMG_20260327_154148_046.tiff,Kruss,0,40X
IMG_20260327_154148_409,IMG_20260327_154148_409.tiff,Kruss,0,40X
IMG_20260327_154148_787,IMG_20260327_154148_787.tiff,Kruss,0,40X
IMG_20260327_154149_165,IMG_20260327_154149_165.tiff,Kruss,0,40X
IMG_20260327_154149_555,IMG_20260327_154149_555.tiff,Kruss,0,40X
IMG_20260327_154310_549,IMG_20260327_154310_549.tiff,Kruss,0,40X
IMG_20260327_154310_910,IMG_20260327_154310_910.tiff,Kruss,0,40X
IMG_20260327_154311_248,IMG_20260327_154311_248.tiff,Kruss,0,40X
IMG_20260327_154311_649,IMG_20260327_154311_649.tiff,Kruss,0,40X
IMG_20260327_154312_004,IMG_20260327_154312_004.tiff,Kruss,0,40X
IMG_20260327_154312_362,IMG_20260327_154312_362.tiff,Kruss,0,40X
IMG_20260327_154312_739,IMG_20260327_154312_739.tiff,Kruss,0,40X
IMG_20260327_154313_096,IMG_20260327_154313_096.tiff,Kruss,0,40X
IMG_20260327_154435_618,IMG_20260327_154435_618.tiff,Kruss,0,40X
IMG_20260327_154435_982,IMG_20260327_154435_982.tiff,Kruss,0,40X
IMG_20260327_154436_328,IMG_20260327_154436_328.tiff,Kruss,0,40X
IMG_20260327_154436_697,IMG_20260327_154436_697.tiff,Kruss,0,40X
IMG_20260327_154437_052,IMG_20260327_154437_052.tiff,Kruss,0,40X
IMG_20260327_154437_402,IMG_20260327_154437_402.tiff,Kruss,0,40X
IMG_20260327_154437_757,IMG_20260327_154437_757.tiff,Kruss,0,40X
IMG_20260327_154438_103,IMG_20260327_154438_103.tiff,Kruss,0,40X
IMG_20260327_154545_890,IMG_20260327_154545_890.tiff,Kruss,0,40X
IMG_20260327_154546_250,IMG_20260327_154546_250.tiff,Kruss,0,40X
IMG_20260327_154546_667,IMG_20260327_154546_667.tiff,Kruss,0,40X
IMG_20260327_154547_014,IMG_20260327_154547_014.tiff,Kruss,0,40X
IMG_20260327_154547_370,IMG_20260327_154547_370.tiff,Kruss,0,40X
IMG_20260327_154547_748,IMG_20260327_154547_748.tiff,Kruss,0,40X
IMG_20260327_154548_098,IMG_20260327_154548_098.tiff,Kruss,0,40X
IMG_20260327_154548_449,IMG_20260327_154548_449.tiff,Kruss,0,40X
IMG_20260327_154732_350,IMG_20260327_154732_350.tiff,Kruss,0,40X
IMG_20260327_154732_744,IMG_20260327_154732_744.tiff,Kruss,0,40X
IMG_20260327_154733_109,IMG_20260327_154733_109.tiff,Kruss,0,40X
IMG_20260327_154733_450,IMG_20260327_154733_450.tiff,Kruss,0,40X
IMG_20260327_154733_822,IMG_20260327_154733_822.tiff,Kruss,0,40X
IMG_20260327_154734_186,IMG_20260327_154734_186.tiff,Kruss,0,40X
IMG_20260327_154734_568,IMG_20260327_154734_568.tiff,Kruss,0,40X
IMG_20260327_154734_953,IMG_20260327_154734_953.tiff,Kruss,0,40X
IMG_20260327_154842_806,IMG_20260327_154842_806.tiff,Kruss,0,40X
IMG_20260327_154843_149,IMG_20260327_154843_149.tiff,Kruss,0,40X
IMG_20260327_154843_484,IMG_20260327_154843_484.tiff,Kruss,0,40X
IMG_20260327_154843_849,IMG_20260327_154843_849.tiff,Kruss,0,40X
IMG_20260327_154844_216,IMG_20260327_154844_216.tiff,Kruss,0,40X
IMG_20260327_154844_585,IMG_20260327_154844_585.tiff,Kruss,0,40X
IMG_20260327_154844_946,IMG_20260327_154844_946.tiff,Kruss,0,40X
IMG_20260327_154845_324,IMG_20260327_154845_324.tiff,Kruss,0,40X
IMG_20260327_154933_091,IMG_20260327_154933_091.tiff,Kruss,0,40X
IMG_20260327_154933_443,IMG_20260327_154933_443.tiff,Kruss,0,40X
IMG_20260327_154933_781,IMG_20260327_154933_781.tiff,Kruss,0,40X
IMG_20260327_154934_147,IMG_20260327_154934_147.tiff,Kruss,0,40X
IMG_20260327_154934_500,IMG_20260327_154934_500.tiff,Kruss,0,40X
IMG_20260327_154934_854,IMG_20260327_154934_854.tiff,Kruss,0,40X
IMG_20260327_154935_221,IMG_20260327_154935_221.tiff,Kruss,0,40X
IMG_20260327_154935_594,IMG_20260327_154935_594.tiff,Kruss,0,40X
IMG_20260327_155122_614,IMG_20260327_155122_614.tiff,Kruss,0,40X
IMG_20260327_155122_946,IMG_20260327_155122_946.tiff,Kruss,0,40X
IMG_20260327_155123_306,IMG_20260327_155123_306.tiff,Kruss,0,40X
IMG_20260327_155123_689,IMG_20260327_155123_689.tiff,Kruss,0,40X
IMG_20260327_155124_055,IMG_20260327_155124_055.tiff,Kruss,0,40X
IMG_20260327_155124_418,IMG_20260327_155124_418.tiff,Kruss,0,40X
IMG_20260327_155124_787,IMG_20260327_155124_787.tiff,Kruss,0,40X
IMG_20260327_155125_143,IMG_20260327_155125_143.tiff,Kruss,0,40X
IMG_20260327_155142_144,IMG_20260327_155142_144.tiff,Kruss,0,40X
IMG_20260327_153522_115,IMG_20260327_153522_115.tiff,Kruss,0,4X
IMG_20260327_153522_429,IMG_20260327_153522_429.tiff,Kruss,0,4X
IMG_20260327_153522_733,IMG_20260327_153522_733.tiff,Kruss,0,4X
IMG_20260327_153523_067,IMG_20260327_153523_067.tiff,Kruss,0,4X
IMG_20260327_153523_398,IMG_20260327_153523_398.tiff,Kruss,0,4X
IMG_20260327_153523_719,IMG_20260327_153523_719.tiff,Kruss,0,4X
IMG_20260327_153524_069,IMG_20260327_153524_069.tiff,Kruss,0,4X
IMG_20260327_153524_380,IMG_20260327_153524_380.tiff,Kruss,0,4X
IMG_20260327_155518_798,IMG_20260327_155518_798.tiff,Kruss,0,10X
IMG_20260327_155519_140,IMG_20260327_155519_140.tiff,Kruss,0,10X
IMG_20260327_155519_464,IMG_20260327_155519_464.tiff,Kruss,0,10X
IMG_20260327_155520_100,IMG_20260327_155520_100.tiff,Kruss,0,10X
IMG_20260327_155520_427,IMG_20260327_155520_427.tiff,Kruss,0,10X
IMG_20260327_160035_964,IMG_20260327_160035_964.tiff,Kruss,0,10X
IMG_20260327_160036_293,IMG_20260327_160036_293.tiff,Kruss,0,10X
IMG_20260327_155649_465,IMG_20260327_155649_465.tiff,Kruss,0,40X
IMG_20260327_155649_787,IMG_20260327_155649_787.tiff,Kruss,0,40X
IMG_20260327_155650_139,IMG_20260327_155650_139.tiff,Kruss,0,40X
IMG_20260327_155650_486,IMG_20260327_155650_486.tiff,Kruss,0,40X
IMG_20260327_155650_828,IMG_20260327_155650_828.tiff,Kruss,0,40X
IMG_20260327_155651_175,IMG_20260327_155651_175.tiff,Kruss,0,40X
IMG_20260327_155651_566,IMG_20260327_155651_566.tiff,Kruss,0,40X
IMG_20260327_155651_923,IMG_20260327_155651_923.tiff,Kruss,0,40X
IMG_20260327_155947_932,IMG_20260327_155947_932.tiff,Kruss,0,40X
IMG_20260327_155948_256,IMG_20260327_155948_256.tiff,Kruss,0,40X
IMG_20260327_155948_633,IMG_20260327_155948_633.tiff,Kruss,0,40X
IMG_20260327_155948_990,IMG_20260327_155948_990.tiff,Kruss,0,40X
IMG_20260327_155949_349,IMG_20260327_155949_349.tiff,Kruss,0,40X
IMG_20260327_155949_685,IMG_20260327_155949_685.tiff,Kruss,0,40X
IMG_20260327_155950_024,IMG_20260327_155950_024.tiff,Kruss,0,40X
IMG_20260327_155950_405,IMG_20260327_155950_405.tiff,Kruss,0,40X
IMG_20260327_160011_184,IMG_20260327_160011_184.tiff,Kruss,0,40X
IMG_20260327_160011_543,IMG_20260327_160011_543.tiff,Kruss,0,40X
IMG_20260327_160011_881,IMG_20260327_160011_881.tiff,Kruss,0,40X
IMG_20260327_155336_058,IMG_20260327_155336_058.tiff,Kruss,0,4X
IMG_20260327_155336_372,IMG_20260327_155336_372.tiff,Kruss,0,4X
IMG_20260327_160100_995,IMG_20260327_160100_995.tiff,Kruss,0,4X
IMG_20260326_164047_609,IMG_20260326_164047_609.tiff,Kruss,0,10X
IMG_20260326_164047_924,IMG_20260326_164047_924.tiff,Kruss,0,10X
IMG_20260326_164048_225,IMG_20260326_164048_225.tiff,Kruss,0,10X
IMG_20260326_164048_877,IMG_20260326_164048_877.tiff,Kruss,0,10X
IMG_20260326_164537_290,IMG_20260326_164537_290.tiff,Kruss,0,40X
IMG_20260326_164537_630,IMG_20260326_164537_630.tiff,Kruss,0,40X
IMG_20260326_164537_958,IMG_20260326_164537_958.tiff,Kruss,0,40X
IMG_20260326_164538_305,IMG_20260326_164538_305.tiff,Kruss,0,40X
IMG_20260326_164538_634,IMG_20260326_164538_634.tiff,Kruss,0,40X
IMG_20260326_164538_957,IMG_20260326_164538_957.tiff,Kruss,0,40X
IMG_20260326_164539_315,IMG_20260326_164539_315.tiff,Kruss,0,40X
IMG_20260326_164539_656,IMG_20260326_164539_656.tiff,Kruss,0,40X
IMG_20260327_112221_902,IMG_20260327_112221_902.tiff,Kruss,0,10X
IMG_20260327_112222_228,IMG_20260327_112222_228.tiff,Kruss,0,10X
IMG_20260327_112222_551,IMG_20260327_112222_551.tiff,Kruss,0,10X
IMG_20260327_112222_868,IMG_20260327_112222_868.tiff,Kruss,0,10X
IMG_20260327_112223_183,IMG_20260327_112223_183.tiff,Kruss,0,10X
IMG_20260327_112223_508,IMG_20260327_112223_508.tiff,Kruss,0,10X
IMG_20260327_112223_840,IMG_20260327_112223_840.tiff,Kruss,0,10X
IMG_20260327_112224_143,IMG_20260327_112224_143.tiff,Kruss,0,10X
IMG_20260327_112358_047,IMG_20260327_112358_047.tiff,Kruss,0,10X
IMG_20260327_112358_383,IMG_20260327_112358_383.tiff,Kruss,0,10X
IMG_20260327_112358_705,IMG_20260327_112358_705.tiff,Kruss,0,10X
IMG_20260327_112359_004,IMG_20260327_112359_004.tiff,Kruss,0,10X
IMG_20260327_112834_515,IMG_20260327_112834_515.tiff,Kruss,0,40X
IMG_20260327_112834_874,IMG_20260327_112834_874.tiff,Kruss,0,40X
IMG_20260327_112835_201,IMG_20260327_112835_201.tiff,Kruss,0,40X
IMG_20260327_112835_553,IMG_20260327_112835_553.tiff,Kruss,0,40X
IMG_20260327_112835_925,IMG_20260327_112835_925.tiff,Kruss,0,40X
IMG_20260327_112836_281,IMG_20260327_112836_281.tiff,Kruss,0,40X
IMG_20260327_112836_616,IMG_20260327_112836_616.tiff,Kruss,0,40X
IMG_20260327_112836_961,IMG_20260327_112836_961.tiff,Kruss,0,40X
IMG_20260327_112000_948,IMG_20260327_112000_948.tiff,Kruss,0,4X
IMG_20260327_112001_571,IMG_20260327_112001_571.tiff,Kruss,0,4X
IMG_20260327_112001_893,IMG_20260327_112001_893.tiff,Kruss,0,4X
IMG_20260326_165326_900,IMG_20260326_165326_900.tiff,Kruss,0,10X
IMG_20260326_165327_271,IMG_20260326_165327_271.tiff,Kruss,0,10X
IMG_20260326_165327_618,IMG_20260326_165327_618.tiff,Kruss,0,10X
IMG_20260326_165327_934,IMG_20260326_165327_934.tiff,Kruss,0,10X
IMG_20260326_165342_309,IMG_20260326_165342_309.tiff,Kruss,0,10X
IMG_20260326_165519_949,IMG_20260326_165519_949.tiff,Kruss,0,40X
IMG_20260326_165520_289,IMG_20260326_165520_289.tiff,Kruss,0,40X
IMG_20260326_165520_606,IMG_20260326_165520_606.tiff,Kruss,0,40X
IMG_20260326_165520_957,IMG_20260326_165520_957.tiff,Kruss,0,40X
IMG_20260326_165521_291,IMG_20260326_165521_291.tiff,Kruss,0,40X
IMG_20260326_165521_616,IMG_20260326_165521_616.tiff,Kruss,0,40X
IMG_20260326_165521_952,IMG_20260326_165521_952.tiff,Kruss,0,40X
IMG_20260326_165648_768,IMG_20260326_165648_768.tiff,Kruss,0,40X
IMG_20260326_165649_212,IMG_20260326_165649_212.tiff,Kruss,0,40X
IMG_20260326_165649_559,IMG_20260326_165649_559.tiff,Kruss,0,40X
IMG_20260326_165649_928,IMG_20260326_165649_928.tiff,Kruss,0,40X
IMG_20260326_165650_280,IMG_20260326_165650_280.tiff,Kruss,0,40X
IMG_20260326_165650_953,IMG_20260326_165650_953.tiff,Kruss,0,40X
IMG_20260326_165140_245,IMG_20260326_165140_245.tiff,Kruss,0,4X
IMG_20260326_165140_552,IMG_20260326_165140_552.tiff,Kruss,0,4X
IMG_20260326_165141_511,IMG_20260326_165141_511.tiff,Kruss,0,4X
IMG_20260326_170152_034,IMG_20260326_170152_034.tiff,Kruss,0,10X
IMG_20260326_170152_354,IMG_20260326_170152_354.tiff,Kruss,0,10X
IMG_20260326_170152_706,IMG_20260326_170152_706.tiff,Kruss,0,10X
IMG_20260326_170153_038,IMG_20260326_170153_038.tiff,Kruss,0,10X
IMG_20260326_170356_924,IMG_20260326_170356_924.tiff,Kruss,0,40X
IMG_20260326_170357_337,IMG_20260326_170357_337.tiff,Kruss,0,40X
IMG_20260326_170357_696,IMG_20260326_170357_696.tiff,Kruss,0,40X
IMG_20260326_170358_049,IMG_20260326_170358_049.tiff,Kruss,0,40X
IMG_20260326_170358_476,IMG_20260326_170358_476.tiff,Kruss,0,40X
IMG_20260326_170358_836,IMG_20260326_170358_836.tiff,Kruss,0,40X
IMG_20260326_170359_193,IMG_20260326_170359_193.tiff,Kruss,0,40X
IMG_20260326_170359_646,IMG_20260326_170359_646.tiff,Kruss,0,40X
IMG_20260326_165848_652,IMG_20260326_165848_652.tiff,Kruss,0,4X
IMG_20260326_165848_968,IMG_20260326_165848_968.tiff,Kruss,0,4X
IMG_20260326_170620_286,IMG_20260326_170620_286.tiff,Kruss,0,10X
IMG_20260326_170620_618,IMG_20260326_170620_618.tiff,Kruss,0,10X
IMG_20260326_170620_946,IMG_20260326_170620_946.tiff,Kruss,0,10X
IMG_20260326_170621_263,IMG_20260326_170621_263.tiff,Kruss,0,10X
IMG_20260326_170621_587,IMG_20260326_170621_587.tiff,Kruss,0,10X
IMG_20260326_170621_931,IMG_20260326_170621_931.tiff,Kruss,0,10X
IMG_20260326_170622_267,IMG_20260326_170622_267.tiff,Kruss,0,10X
IMG_20260326_170622_621,IMG_20260326_170622_621.tiff,Kruss,0,10X
IMG_20260326_170628_351,IMG_20260326_170628_351.tiff,Kruss,0,10X
IMG_20260326_170738_221,IMG_20260326_170738_221.tiff,Kruss,0,40X
IMG_20260326_170738_599,IMG_20260326_170738_599.tiff,Kruss,0,40X
IMG_20260326_170738_961,IMG_20260326_170738_961.tiff,Kruss,0,40X
IMG_20260326_170739_312,IMG_20260326_170739_312.tiff,Kruss,0,40X
IMG_20260326_170739_687,IMG_20260326_170739_687.tiff,Kruss,0,40X
IMG_20260326_170740_048,IMG_20260326_170740_048.tiff,Kruss,0,40X
IMG_20260326_170740_423,IMG_20260326_170740_423.tiff,Kruss,0,40X
IMG_20260326_170740_804,IMG_20260326_170740_804.tiff,Kruss,0,40X
IMG_20260326_170906_221,IMG_20260326_170906_221.tiff,Kruss,0,40X
IMG_20260326_170906_613,IMG_20260326_170906_613.tiff,Kruss,0,40X
IMG_20260326_170906_979,IMG_20260326_170906_979.tiff,Kruss,0,40X
IMG_20260326_170907_315,IMG_20260326_170907_315.tiff,Kruss,0,40X
IMG_20260326_170907_686,IMG_20260326_170907_686.tiff,Kruss,0,40X
IMG_20260326_170908_034,IMG_20260326_170908_034.tiff,Kruss,0,40X
IMG_20260326_170908_400,IMG_20260326_170908_400.tiff,Kruss,0,40X
IMG_20260326_170908_791,IMG_20260326_170908_791.tiff,Kruss,0,40X
IMG_20260326_170953_216,IMG_20260326_170953_216.tiff,Kruss,0,40X
IMG_20260326_170953_584,IMG_20260326_170953_584.tiff,Kruss,0,40X
IMG_20260326_170953_923,IMG_20260326_170953_923.tiff,Kruss,0,40X
IMG_20260326_170954_261,IMG_20260326_170954_261.tiff,Kruss,0,40X
IMG_20260326_170954_596,IMG_20260326_170954_596.tiff,Kruss,0,40X
IMG_20260326_170954_958,IMG_20260326_170954_958.tiff,Kruss,0,40X
IMG_20260326_170955_308,IMG_20260326_170955_308.tiff,Kruss,0,40X
IMG_20260326_170955_670,IMG_20260326_170955_670.tiff,Kruss,0,40X
IMG_20260326_171016_484,IMG_20260326_171016_484.tiff,Kruss,0,40X
IMG_20260326_171016_843,IMG_20260326_171016_843.tiff,Kruss,0,40X
IMG_20260326_170511_649,IMG_20260326_170511_649.tiff,Kruss,0,4X
IMG_20260326_170511_942,IMG_20260326_170511_942.tiff,Kruss,0,4X
IMG_20260326_170512_241,IMG_20260326_170512_241.tiff,Kruss,0,4X
IMG_20260327_104111_786,IMG_20260327_104111_786.tiff,Kruss,0,10X
IMG_20260327_104112_149,IMG_20260327_104112_149.tiff,Kruss,0,10X
IMG_20260327_104112_498,IMG_20260327_104112_498.tiff,Kruss,0,10X
IMG_20260327_104112_889,IMG_20260327_104112_889.tiff,Kruss,0,10X
IMG_20260327_104113_231,IMG_20260327_104113_231.tiff,Kruss,0,10X
IMG_20260327_104113_654,IMG_20260327_104113_654.tiff,Kruss,0,10X
IMG_20260327_104114_007,IMG_20260327_104114_007.tiff,Kruss,0,10X
IMG_20260327_104114_342,IMG_20260327_104114_342.tiff,Kruss,0,10X
IMG_20260327_104301_133,IMG_20260327_104301_133.tiff,Kruss,0,10X
IMG_20260327_104301_463,IMG_20260327_104301_463.tiff,Kruss,0,10X
IMG_20260327_104301_796,IMG_20260327_104301_796.tiff,Kruss,0,10X
IMG_20260327_104302_119,IMG_20260327_104302_119.tiff,Kruss,0,10X
IMG_20260327_104302_466,IMG_20260327_104302_466.tiff,Kruss,0,10X
IMG_20260327_104302_802,IMG_20260327_104302_802.tiff,Kruss,0,10X
IMG_20260327_104303_157,IMG_20260327_104303_157.tiff,Kruss,0,10X
IMG_20260327_104303_504,IMG_20260327_104303_504.tiff,Kruss,0,10X
IMG_20260327_104655_944,IMG_20260327_104655_944.tiff,Kruss,0,40X
IMG_20260327_104656_308,IMG_20260327_104656_308.tiff,Kruss,0,40X
IMG_20260327_104656_655,IMG_20260327_104656_655.tiff,Kruss,0,40X
IMG_20260327_104657_028,IMG_20260327_104657_028.tiff,Kruss,0,40X
IMG_20260327_104657_405,IMG_20260327_104657_405.tiff,Kruss,0,40X
IMG_20260327_104657_749,IMG_20260327_104657_749.tiff,Kruss,0,40X
IMG_20260327_104658_108,IMG_20260327_104658_108.tiff,Kruss,0,40X
IMG_20260327_104658_485,IMG_20260327_104658_485.tiff,Kruss,0,40X
IMG_20260327_104815_158,IMG_20260327_104815_158.tiff,Kruss,0,40X
IMG_20260327_104815_522,IMG_20260327_104815_522.tiff,Kruss,0,40X
IMG_20260327_104815_867,IMG_20260327_104815_867.tiff,Kruss,0,40X
IMG_20260327_104816_211,IMG_20260327_104816_211.tiff,Kruss,0,40X
IMG_20260327_104816_560,IMG_20260327_104816_560.tiff,Kruss,0,40X
IMG_20260327_104816_917,IMG_20260327_104816_917.tiff,Kruss,0,40X
IMG_20260327_104817_284,IMG_20260327_104817_284.tiff,Kruss,0,40X
IMG_20260327_104817_655,IMG_20260327_104817_655.tiff,Kruss,0,40X
IMG_20260327_105011_924,IMG_20260327_105011_924.tiff,Kruss,0,40X
IMG_20260327_105012_272,IMG_20260327_105012_272.tiff,Kruss,0,40X
IMG_20260327_105012_620,IMG_20260327_105012_620.tiff,Kruss,0,40X
IMG_20260327_105012_977,IMG_20260327_105012_977.tiff,Kruss,0,40X
IMG_20260327_105013_333,IMG_20260327_105013_333.tiff,Kruss,0,40X
IMG_20260327_105013_697,IMG_20260327_105013_697.tiff,Kruss,0,40X
IMG_20260327_105014_063,IMG_20260327_105014_063.tiff,Kruss,0,40X
IMG_20260327_105014_413,IMG_20260327_105014_413.tiff,Kruss,0,40X
IMG_20260327_111234_324,IMG_20260327_111234_324.tiff,Kruss,0,40X
IMG_20260327_111234_704,IMG_20260327_111234_704.tiff,Kruss,0,40X
IMG_20260327_103932_367,IMG_20260327_103932_367.tiff,Kruss,0,4X
IMG_20260327_103932_688,IMG_20260327_103932_688.tiff,Kruss,0,4X
IMG_20260327_103932_992,IMG_20260327_103932_992.tiff,Kruss,0,4X
IMG_20260327_103933_315,IMG_20260327_103933_315.tiff,Kruss,0,4X
IMG_20260327_103933_642,IMG_20260327_103933_642.tiff,Kruss,0,4X
IMG_20260327_103933_957,IMG_20260327_103933_957.tiff,Kruss,0,4X
IMG_20260327_103942_650,IMG_20260327_103942_650.tiff,Kruss,0,4X
IMG_20260327_103942_959,IMG_20260327_103942_959.tiff,Kruss,0,4X
IMG_20260326_153041_129,IMG_20260326_153041_129.tiff,Kruss,0,10X
IMG_20260326_153041_452,IMG_20260326_153041_452.tiff,Kruss,0,10X
IMG_20260326_153041_802,IMG_20260326_153041_802.tiff,Kruss,0,10X
IMG_20260326_153042_139,IMG_20260326_153042_139.tiff,Kruss,0,10X
IMG_20260326_153042_471,IMG_20260326_153042_471.tiff,Kruss,0,10X
IMG_20260326_153042_778,IMG_20260326_153042_778.tiff,Kruss,0,10X
IMG_20260326_153043_115,IMG_20260326_153043_115.tiff,Kruss,0,10X
IMG_20260326_153043_444,IMG_20260326_153043_444.tiff,Kruss,0,10X
IMG_20260326_153116_887,IMG_20260326_153116_887.tiff,Kruss,0,10X
IMG_20260326_153117_190,IMG_20260326_153117_190.tiff,Kruss,0,10X
IMG_20260326_153117_537,IMG_20260326_153117_537.tiff,Kruss,0,10X
IMG_20260326_153501_567,IMG_20260326_153501_567.tiff,Kruss,0,40X
IMG_20260326_153501_945,IMG_20260326_153501_945.tiff,Kruss,0,40X
IMG_20260326_153502_311,IMG_20260326_153502_311.tiff,Kruss,0,40X
IMG_20260326_153502_678,IMG_20260326_153502_678.tiff,Kruss,0,40X
IMG_20260326_153503_025,IMG_20260326_153503_025.tiff,Kruss,0,40X
IMG_20260326_153503_381,IMG_20260326_153503_381.tiff,Kruss,0,40X
IMG_20260326_153503_762,IMG_20260326_153503_762.tiff,Kruss,0,40X
IMG_20260326_153504_120,IMG_20260326_153504_120.tiff,Kruss,0,40X
IMG_20260326_153740_520,IMG_20260326_153740_520.tiff,Kruss,0,40X
IMG_20260326_153740_916,IMG_20260326_153740_916.tiff,Kruss,0,40X
IMG_20260326_153741_269,IMG_20260326_153741_269.tiff,Kruss,0,40X
IMG_20260326_153741_624,IMG_20260326_153741_624.tiff,Kruss,0,40X
IMG_20260326_153741_971,IMG_20260326_153741_971.tiff,Kruss,0,40X
IMG_20260326_153742_324,IMG_20260326_153742_324.tiff,Kruss,0,40X
IMG_20260326_153742_680,IMG_20260326_153742_680.tiff,Kruss,0,40X
IMG_20260326_153743_041,IMG_20260326_153743_041.tiff,Kruss,0,40X
IMG_20260326_154042_281,IMG_20260326_154042_281.tiff,Kruss,0,40X
IMG_20260326_154042_621,IMG_20260326_154042_621.tiff,Kruss,0,40X
IMG_20260326_154042_963,IMG_20260326_154042_963.tiff,Kruss,0,40X
IMG_20260326_154043_301,IMG_20260326_154043_301.tiff,Kruss,0,40X
IMG_20260326_154043_641,IMG_20260326_154043_641.tiff,Kruss,0,40X
IMG_20260326_154043_978,IMG_20260326_154043_978.tiff,Kruss,0,40X
IMG_20260326_154044_335,IMG_20260326_154044_335.tiff,Kruss,0,40X
IMG_20260326_154713_369,IMG_20260326_154713_369.tiff,Kruss,0,4X
IMG_20260326_154713_679,IMG_20260326_154713_679.tiff,Kruss,0,4X
IMG_20260326_154713_975,IMG_20260326_154713_975.tiff,Kruss,0,4X
IMG_20260326_154714_287,IMG_20260326_154714_287.tiff,Kruss,0,4X
IMG_20260326_154714_591,IMG_20260326_154714_591.tiff,Kruss,0,4X
IMG_20260326_154714_902,IMG_20260326_154714_902.tiff,Kruss,0,4X
IMG_20260326_154715_225,IMG_20260326_154715_225.tiff,Kruss,0,4X
IMG_20260326_105845_260,IMG_20260326_105845_260.tiff,Kruss,0,10X
IMG_20260326_105845_587,IMG_20260326_105845_587.tiff,Kruss,0,10X
IMG_20260326_105845_930,IMG_20260326_105845_930.tiff,Kruss,0,10X
IMG_20260326_105846_239,IMG_20260326_105846_239.tiff,Kruss,0,10X
IMG_20260326_105846_564,IMG_20260326_105846_564.tiff,Kruss,0,10X
IMG_20260326_105846_927,IMG_20260326_105846_927.tiff,Kruss,0,10X
IMG_20260326_105847_254,IMG_20260326_105847_254.tiff,Kruss,0,10X
IMG_20260326_105847_582,IMG_20260326_105847_582.tiff,Kruss,0,10X
IMG_20260326_110005_297,IMG_20260326_110005_297.tiff,Kruss,0,10X
IMG_20260326_110005_624,IMG_20260326_110005_624.tiff,Kruss,0,10X
IMG_20260326_110005_980,IMG_20260326_110005_980.tiff,Kruss,0,10X
IMG_20260326_110006_310,IMG_20260326_110006_310.tiff,Kruss,0,10X
IMG_20260326_110006_971,IMG_20260326_110006_971.tiff,Kruss,0,10X
IMG_20260326_110007_287,IMG_20260326_110007_287.tiff,Kruss,0,10X
IMG_20260326_110225_027,IMG_20260326_110225_027.tiff,Kruss,0,40X
IMG_20260326_110225_381,IMG_20260326_110225_381.tiff,Kruss,0,40X
IMG_20260326_110225_742,IMG_20260326_110225_742.tiff,Kruss,0,40X
IMG_20260326_110226_076,IMG_20260326_110226_076.tiff,Kruss,0,40X
IMG_20260326_110226_780,IMG_20260326_110226_780.tiff,Kruss,0,40X
IMG_20260326_110227_129,IMG_20260326_110227_129.tiff,Kruss,0,40X
IMG_20260326_110227_479,IMG_20260326_110227_479.tiff,Kruss,0,40X
IMG_20260326_110346_656,IMG_20260326_110346_656.tiff,Kruss,0,40X
IMG_20260326_110347_001,IMG_20260326_110347_001.tiff,Kruss,0,40X
IMG_20260326_110347_365,IMG_20260326_110347_365.tiff,Kruss,0,40X
IMG_20260326_110347_705,IMG_20260326_110347_705.tiff,Kruss,0,40X
IMG_20260326_110348_066,IMG_20260326_110348_066.tiff,Kruss,0,40X
IMG_20260326_110348_406,IMG_20260326_110348_406.tiff,Kruss,0,40X
IMG_20260326_110348_737,IMG_20260326_110348_737.tiff,Kruss,0,40X
IMG_20260326_110349_093,IMG_20260326_110349_093.tiff,Kruss,0,40X
IMG_20260326_110518_397,IMG_20260326_110518_397.tiff,Kruss,0,40X
IMG_20260326_110518_766,IMG_20260326_110518_766.tiff,Kruss,0,40X
IMG_20260326_110519_115,IMG_20260326_110519_115.tiff,Kruss,0,40X
IMG_20260326_110519_474,IMG_20260326_110519_474.tiff,Kruss,0,40X
IMG_20260326_110519_822,IMG_20260326_110519_822.tiff,Kruss,0,40X
IMG_20260326_110520_194,IMG_20260326_110520_194.tiff,Kruss,0,40X
IMG_20260326_110520_556,IMG_20260326_110520_556.tiff,Kruss,0,40X
IMG_20260326_110520_914,IMG_20260326_110520_914.tiff,Kruss,0,40X
IMG_20260326_110649_127,IMG_20260326_110649_127.tiff,Kruss,0,40X
IMG_20260326_110649_843,IMG_20260326_110649_843.tiff,Kruss,0,40X
IMG_20260326_110650_200,IMG_20260326_110650_200.tiff,Kruss,0,40X
IMG_20260326_110650_554,IMG_20260326_110650_554.tiff,Kruss,0,40X
IMG_20260326_110650_909,IMG_20260326_110650_909.tiff,Kruss,0,40X
IMG_20260326_110651_293,IMG_20260326_110651_293.tiff,Kruss,0,40X
IMG_20260326_110651_639,IMG_20260326_110651_639.tiff,Kruss,0,40X
IMG_20260326_110754_413,IMG_20260326_110754_413.tiff,Kruss,0,40X
IMG_20260326_110754_788,IMG_20260326_110754_788.tiff,Kruss,0,40X
IMG_20260326_110755_153,IMG_20260326_110755_153.tiff,Kruss,0,40X
IMG_20260326_110755_504,IMG_20260326_110755_504.tiff,Kruss,0,40X
IMG_20260326_110755_857,IMG_20260326_110755_857.tiff,Kruss,0,40X
IMG_20260326_110756_248,IMG_20260326_110756_248.tiff,Kruss,0,40X
IMG_20260326_110756_595,IMG_20260326_110756_595.tiff,Kruss,0,40X
IMG_20260326_110756_931,IMG_20260326_110756_931.tiff,Kruss,0,40X
IMG_20260326_110855_777,IMG_20260326_110855_777.tiff,Kruss,0,40X
IMG_20260326_110856_129,IMG_20260326_110856_129.tiff,Kruss,0,40X
IMG_20260326_110856_481,IMG_20260326_110856_481.tiff,Kruss,0,40X
IMG_20260326_110856_836,IMG_20260326_110856_836.tiff,Kruss,0,40X
IMG_20260326_105524_927,IMG_20260326_105524_927.tiff,Kruss,0,4X
IMG_20260326_105525_223,IMG_20260326_105525_223.tiff,Kruss,0,4X
IMG_20260326_105525_541,IMG_20260326_105525_541.tiff,Kruss,0,4X
IMG_20260326_105525_837,IMG_20260326_105525_837.tiff,Kruss,0,4X
IMG_20260326_105526_157,IMG_20260326_105526_157.tiff,Kruss,0,4X
IMG_20260326_105526_465,IMG_20260326_105526_465.tiff,Kruss,0,4X
IMG_20260326_105526_768,IMG_20260326_105526_768.tiff,Kruss,0,4X
IMG_20260326_105527_078,IMG_20260326_105527_078.tiff,Kruss,0,4X
IMG_20260326_105658_801,IMG_20260326_105658_801.tiff,Kruss,0,4X
IMG_20260326_105659_102,IMG_20260326_105659_102.tiff,Kruss,0,4X
IMG_20260326_111304_024,IMG_20260326_111304_024.tiff,Kruss,0,10X
IMG_20260326_111304_344,IMG_20260326_111304_344.tiff,Kruss,0,10X
IMG_20260326_111304_674,IMG_20260326_111304_674.tiff,Kruss,0,10X
IMG_20260326_111304_995,IMG_20260326_111304_995.tiff,Kruss,0,10X
IMG_20260326_111305_300,IMG_20260326_111305_300.tiff,Kruss,0,10X
IMG_20260326_111305_630,IMG_20260326_111305_630.tiff,Kruss,0,10X
IMG_20260326_111305_977,IMG_20260326_111305_977.tiff,Kruss,0,10X
IMG_20260326_111323_723,IMG_20260326_111323_723.tiff,Kruss,0,10X
IMG_20260326_111324_025,IMG_20260326_111324_025.tiff,Kruss,0,10X
IMG_20260326_111616_988,IMG_20260326_111616_988.tiff,Kruss,0,40X
IMG_20260326_111617_334,IMG_20260326_111617_334.tiff,Kruss,0,40X
IMG_20260326_111617_659,IMG_20260326_111617_659.tiff,Kruss,0,40X
IMG_20260326_111617_968,IMG_20260326_111617_968.tiff,Kruss,0,40X
IMG_20260326_111618_273,IMG_20260326_111618_273.tiff,Kruss,0,40X
IMG_20260326_111618_604,IMG_20260326_111618_604.tiff,Kruss,0,40X
IMG_20260326_111618_925,IMG_20260326_111618_925.tiff,Kruss,0,40X
IMG_20260326_111619_254,IMG_20260326_111619_254.tiff,Kruss,0,40X
IMG_20260326_111804_264,IMG_20260326_111804_264.tiff,Kruss,0,40X
IMG_20260326_111804_630,IMG_20260326_111804_630.tiff,Kruss,0,40X
IMG_20260326_111804_967,IMG_20260326_111804_967.tiff,Kruss,0,40X
IMG_20260326_111805_305,IMG_20260326_111805_305.tiff,Kruss,0,40X
IMG_20260326_111805_651,IMG_20260326_111805_651.tiff,Kruss,0,40X
IMG_20260326_111805_992,IMG_20260326_111805_992.tiff,Kruss,0,40X
IMG_20260326_111806_328,IMG_20260326_111806_328.tiff,Kruss,0,40X
IMG_20260326_111806_665,IMG_20260326_111806_665.tiff,Kruss,0,40X
IMG_20260326_111926_966,IMG_20260326_111926_966.tiff,Kruss,0,40X
IMG_20260326_111927_337,IMG_20260326_111927_337.tiff,Kruss,0,40X
IMG_20260326_111927_690,IMG_20260326_111927_690.tiff,Kruss,0,40X
IMG_20260326_111928_028,IMG_20260326_111928_028.tiff,Kruss,0,40X
IMG_20260326_111928_343,IMG_20260326_111928_343.tiff,Kruss,0,40X
IMG_20260326_111928_661,IMG_20260326_111928_661.tiff,Kruss,0,40X
IMG_20260326_111928_976,IMG_20260326_111928_976.tiff,Kruss,0,40X
IMG_20260326_111929_307,IMG_20260326_111929_307.tiff,Kruss,0,40X
IMG_20260326_111054_514,IMG_20260326_111054_514.tiff,Kruss,0,4X
IMG_20260326_111054_850,IMG_20260326_111054_850.tiff,Kruss,0,4X
IMG_20260326_111055_172,IMG_20260326_111055_172.tiff,Kruss,0,4X
IMG_20260326_111055_480,IMG_20260326_111055_480.tiff,Kruss,0,4X
IMG_20260326_111055_815,IMG_20260326_111055_815.tiff,Kruss,0,4X
IMG_20260326_112314_195,IMG_20260326_112314_195.tiff,Kruss,0,10X
IMG_20260326_112314_519,IMG_20260326_112314_519.tiff,Kruss,0,10X
IMG_20260326_112432_247,IMG_20260326_112432_247.tiff,Kruss,0,40X
IMG_20260326_112432_571,IMG_20260326_112432_571.tiff,Kruss,0,40X
IMG_20260326_112433_262,IMG_20260326_112433_262.tiff,Kruss,0,40X
IMG_20260326_112433_607,IMG_20260326_112433_607.tiff,Kruss,0,40X
IMG_20260326_112433_943,IMG_20260326_112433_943.tiff,Kruss,0,40X
IMG_20260326_112434_284,IMG_20260326_112434_284.tiff,Kruss,0,40X
IMG_20260326_113115_738,IMG_20260326_113115_738.tiff,Kruss,0,10X
IMG_20260326_113116_063,IMG_20260326_113116_063.tiff,Kruss,0,10X
IMG_20260326_113116_378,IMG_20260326_113116_378.tiff,Kruss,0,10X
IMG_20260326_113116_698,IMG_20260326_113116_698.tiff,Kruss,0,10X
IMG_20260326_113117_035,IMG_20260326_113117_035.tiff,Kruss,0,10X
IMG_20260326_113117_350,IMG_20260326_113117_350.tiff,Kruss,0,10X
IMG_20260326_113117_667,IMG_20260326_113117_667.tiff,Kruss,0,10X
IMG_20260326_113117_998,IMG_20260326_113117_998.tiff,Kruss,0,10X
IMG_20260326_113418_964,IMG_20260326_113418_964.tiff,Kruss,0,40X
IMG_20260326_113419_338,IMG_20260326_113419_338.tiff,Kruss,0,40X
IMG_20260326_113419_668,IMG_20260326_113419_668.tiff,Kruss,0,40X
IMG_20260326_113420_047,IMG_20260326_113420_047.tiff,Kruss,0,40X
IMG_20260326_113420_423,IMG_20260326_113420_423.tiff,Kruss,0,40X
IMG_20260326_113420_771,IMG_20260326_113420_771.tiff,Kruss,0,40X
IMG_20260326_113421_095,IMG_20260326_113421_095.tiff,Kruss,0,40X
IMG_20260326_113421_450,IMG_20260326_113421_450.tiff,Kruss,0,40X
IMG_20260326_113541_134,IMG_20260326_113541_134.tiff,Kruss,0,40X
IMG_20260326_113541_467,IMG_20260326_113541_467.tiff,Kruss,0,40X
IMG_20260326_113541_819,IMG_20260326_113541_819.tiff,Kruss,0,40X
IMG_20260326_113542_149,IMG_20260326_113542_149.tiff,Kruss,0,40X
IMG_20260326_113542_501,IMG_20260326_113542_501.tiff,Kruss,0,40X
IMG_20260326_113542_835,IMG_20260326_113542_835.tiff,Kruss,0,40X
IMG_20260326_113543_186,IMG_20260326_113543_186.tiff,Kruss,0,40X
IMG_20260326_113543_529,IMG_20260326_113543_529.tiff,Kruss,0,40X
IMG_20260326_113634_103,IMG_20260326_113634_103.tiff,Kruss,0,40X
IMG_20260326_113634_452,IMG_20260326_113634_452.tiff,Kruss,0,40X
IMG_20260326_113634_806,IMG_20260326_113634_806.tiff,Kruss,0,40X
IMG_20260326_113635_145,IMG_20260326_113635_145.tiff,Kruss,0,40X
IMG_20260326_113635_494,IMG_20260326_113635_494.tiff,Kruss,0,40X
IMG_20260326_112831_530,IMG_20260326_112831_530.tiff,Kruss,0,4X
IMG_20260326_112831_843,IMG_20260326_112831_843.tiff,Kruss,0,4X
IMG_20260326_112832_473,IMG_20260326_112832_473.tiff,Kruss,0,4X
IMG_20260326_112833_086,IMG_20260326_112833_086.tiff,Kruss,0,4X
IMG_20260326_112833_412,IMG_20260326_112833_412.tiff,Kruss,0,4X
IMG_20260326_112833_726,IMG_20260326_112833_726.tiff,Kruss,0,4X
IMG_20260324_095112_167,IMG_20260324_095112_167.tiff,Kruss,0,40X
IMG_20260324_095112_509,IMG_20260324_095112_509.tiff,Kruss,0,40X
IMG_20260324_095203_523,IMG_20260324_095203_523.tiff,Kruss,0,40X
IMG_20260324_095203_844,IMG_20260324_095203_844.tiff,Kruss,0,40X
IMG_20260324_095204_170,IMG_20260324_095204_170.tiff,Kruss,0,40X
IMG_20260324_095204_513,IMG_20260324_095204_513.tiff,Kruss,0,40X
IMG_20260324_095258_314,IMG_20260324_095258_314.tiff,Kruss,0,40X
IMG_20260324_113646_688,IMG_20260324_113646_688.tiff,Kruss,0,10X
IMG_20260324_113646_999,IMG_20260324_113646_999.tiff,Kruss,0,10X
IMG_20260324_113647_310,IMG_20260324_113647_310.tiff,Kruss,0,10X
IMG_20260324_113647_618,IMG_20260324_113647_618.tiff,Kruss,0,10X
IMG_20260324_113903_994,IMG_20260324_113903_994.tiff,Kruss,0,40X
IMG_20260324_113904_320,IMG_20260324_113904_320.tiff,Kruss,0,40X
IMG_20260324_113904_674,IMG_20260324_113904_674.tiff,Kruss,0,40X
IMG_20260324_113905_004,IMG_20260324_113905_004.tiff,Kruss,0,40X
IMG_20260324_113939_535,IMG_20260324_113939_535.tiff,Kruss,0,40X
IMG_20260324_113939_858,IMG_20260324_113939_858.tiff,Kruss,0,40X
IMG_20260324_113940_205,IMG_20260324_113940_205.tiff,Kruss,0,40X
IMG_20260324_113940_549,IMG_20260324_113940_549.tiff,Kruss,0,40X
IMG_20260324_113959_851,IMG_20260324_113959_851.tiff,Kruss,0,40X
IMG_20260324_114000_215,IMG_20260324_114000_215.tiff,Kruss,0,40X
IMG_20260324_113603_846,IMG_20260324_113603_846.tiff,Kruss,0,4X
IMG_20260324_113604_148,IMG_20260324_113604_148.tiff,Kruss,0,4X
IMG_20260324_110112_753,IMG_20260324_110112_753.tiff,Kruss,0,10X
IMG_20260324_110113_076,IMG_20260324_110113_076.tiff,Kruss,0,10X
IMG_20260324_110113_396,IMG_20260324_110113_396.tiff,Kruss,0,10X
IMG_20260324_110113_709,IMG_20260324_110113_709.tiff,Kruss,0,10X
IMG_20260324_110157_647,IMG_20260324_110157_647.tiff,Kruss,0,10X
IMG_20260324_110157_999,IMG_20260324_110157_999.tiff,Kruss,0,10X
IMG_20260324_110158_323,IMG_20260324_110158_323.tiff,Kruss,0,10X
IMG_20260324_110321_272,IMG_20260324_110321_272.tiff,Kruss,0,40X
IMG_20260324_110356_287,IMG_20260324_110356_287.tiff,Kruss,0,40X
IMG_20260324_110356_632,IMG_20260324_110356_632.tiff,Kruss,0,40X
IMG_20260324_110356_958,IMG_20260324_110356_958.tiff,Kruss,0,40X
IMG_20260324_110518_065,IMG_20260324_110518_065.tiff,Kruss,0,40X
IMG_20260324_110518_451,IMG_20260324_110518_451.tiff,Kruss,0,40X
IMG_20260324_110518_787,IMG_20260324_110518_787.tiff,Kruss,0,40X
IMG_20260324_110519_111,IMG_20260324_110519_111.tiff,Kruss,0,40X
IMG_20260324_110854_337,IMG_20260324_110854_337.tiff,Kruss,0,40X
IMG_20260324_110854_659,IMG_20260324_110854_659.tiff,Kruss,0,40X
IMG_20260324_110854_986,IMG_20260324_110854_986.tiff,Kruss,0,40X
IMG_20260324_095844_032,IMG_20260324_095844_032.tiff,Kruss,0,4X
IMG_20260324_095844_337,IMG_20260324_095844_337.tiff,Kruss,0,4X
IMG_20260324_111131_351,IMG_20260324_111131_351.tiff,Kruss,0,10X
IMG_20260324_111236_143,IMG_20260324_111236_143.tiff,Kruss,0,40X
IMG_20260324_111236_533,IMG_20260324_111236_533.tiff,Kruss,0,40X
IMG_20260324_111236_867,IMG_20260324_111236_867.tiff,Kruss,0,40X
IMG_20260324_111237_212,IMG_20260324_111237_212.tiff,Kruss,0,40X
IMG_20260324_110950_955,IMG_20260324_110950_955.tiff,Kruss,0,4X
IMG_20260324_111453_068,IMG_20260324_111453_068.tiff,Kruss,0,10X
IMG_20260324_111453_392,IMG_20260324_111453_392.tiff,Kruss,0,10X
IMG_20260324_111453_730,IMG_20260324_111453_730.tiff,Kruss,0,10X
IMG_20260324_111454_040,IMG_20260324_111454_040.tiff,Kruss,0,10X
IMG_20260324_111532_541,IMG_20260324_111532_541.tiff,Kruss,0,10X
IMG_20260324_111532_857,IMG_20260324_111532_857.tiff,Kruss,0,10X
IMG_20260324_111533_175,IMG_20260324_111533_175.tiff,Kruss,0,10X
IMG_20260324_111533_497,IMG_20260324_111533_497.tiff,Kruss,0,10X
IMG_20260324_111604_202,IMG_20260324_111604_202.tiff,Kruss,0,10X
IMG_20260324_111604_523,IMG_20260324_111604_523.tiff,Kruss,0,10X
IMG_20260324_111604_833,IMG_20260324_111604_833.tiff,Kruss,0,10X
IMG_20260324_111605_143,IMG_20260324_111605_143.tiff,Kruss,0,10X
IMG_20260324_111623_640,IMG_20260324_111623_640.tiff,Kruss,0,10X
IMG_20260324_111623_952,IMG_20260324_111623_952.tiff,Kruss,0,10X
IMG_20260324_111624_293,IMG_20260324_111624_293.tiff,Kruss,0,10X
IMG_20260324_111642_474,IMG_20260324_111642_474.tiff,Kruss,0,10X
IMG_20260324_111750_934,IMG_20260324_111750_934.tiff,Kruss,0,40X
IMG_20260324_111751_286,IMG_20260324_111751_286.tiff,Kruss,0,40X
IMG_20260324_111751_625,IMG_20260324_111751_625.tiff,Kruss,0,40X
IMG_20260324_111751_962,IMG_20260324_111751_962.tiff,Kruss,0,40X
IMG_20260324_111821_969,IMG_20260324_111821_969.tiff,Kruss,0,40X
IMG_20260324_111822_297,IMG_20260324_111822_297.tiff,Kruss,0,40X
IMG_20260324_111822_671,IMG_20260324_111822_671.tiff,Kruss,0,40X
IMG_20260324_111823_037,IMG_20260324_111823_037.tiff,Kruss,0,40X
IMG_20260324_111848_409,IMG_20260324_111848_409.tiff,Kruss,0,40X
IMG_20260324_111848_758,IMG_20260324_111848_758.tiff,Kruss,0,40X
IMG_20260324_111849_115,IMG_20260324_111849_115.tiff,Kruss,0,40X
IMG_20260324_111849_493,IMG_20260324_111849_493.tiff,Kruss,0,40X
IMG_20260324_112031_529,IMG_20260324_112031_529.tiff,Kruss,0,40X
IMG_20260324_112031_874,IMG_20260324_112031_874.tiff,Kruss,0,40X
IMG_20260324_112032_220,IMG_20260324_112032_220.tiff,Kruss,0,40X
IMG_20260324_112032_542,IMG_20260324_112032_542.tiff,Kruss,0,40X
IMG_20260324_112122_845,IMG_20260324_112122_845.tiff,Kruss,0,40X
IMG_20260324_112123_213,IMG_20260324_112123_213.tiff,Kruss,0,40X
IMG_20260324_112123_573,IMG_20260324_112123_573.tiff,Kruss,0,40X
IMG_20260324_112123_922,IMG_20260324_112123_922.tiff,Kruss,0,40X
IMG_20260324_112159_370,IMG_20260324_112159_370.tiff,Kruss,0,40X
IMG_20260324_112159_729,IMG_20260324_112159_729.tiff,Kruss,0,40X
IMG_20260324_112200_102,IMG_20260324_112200_102.tiff,Kruss,0,40X
IMG_20260324_112200_441,IMG_20260324_112200_441.tiff,Kruss,0,40X
IMG_20260324_112246_145,IMG_20260324_112246_145.tiff,Kruss,0,40X
IMG_20260324_112246_506,IMG_20260324_112246_506.tiff,Kruss,0,40X
IMG_20260324_112246_826,IMG_20260324_112246_826.tiff,Kruss,0,40X
IMG_20260324_112247_168,IMG_20260324_112247_168.tiff,Kruss,0,40X
IMG_20260324_112345_544,IMG_20260324_112345_544.tiff,Kruss,0,40X
IMG_20260324_112345_909,IMG_20260324_112345_909.tiff,Kruss,0,40X
IMG_20260324_112346_271,IMG_20260324_112346_271.tiff,Kruss,0,40X
IMG_20260324_112346_617,IMG_20260324_112346_617.tiff,Kruss,0,40X
IMG_20260324_111355_530,IMG_20260324_111355_530.tiff,Kruss,0,4X
IMG_20260324_111355_855,IMG_20260324_111355_855.tiff,Kruss,0,4X
IMG_20260324_111356_181,IMG_20260324_111356_181.tiff,Kruss,0,4X
IMG_20260324_111408_343,IMG_20260324_111408_343.tiff,Kruss,0,4X
IMG_20260324_112648_942,IMG_20260324_112648_942.tiff,Kruss,0,10X
IMG_20260324_112649_226,IMG_20260324_112649_226.tiff,Kruss,0,10X
IMG_20260324_112649_566,IMG_20260324_112649_566.tiff,Kruss,0,10X
IMG_20260324_112649_898,IMG_20260324_112649_898.tiff,Kruss,0,10X
IMG_20260324_112719_616,IMG_20260324_112719_616.tiff,Kruss,0,10X
IMG_20260324_112719_905,IMG_20260324_112719_905.tiff,Kruss,0,10X
IMG_20260324_112720_199,IMG_20260324_112720_199.tiff,Kruss,0,10X
IMG_20260324_112720_522,IMG_20260324_112720_522.tiff,Kruss,0,10X
IMG_20260324_112744_408,IMG_20260324_112744_408.tiff,Kruss,0,10X
IMG_20260324_112744_743,IMG_20260324_112744_743.tiff,Kruss,0,10X
IMG_20260324_112745_048,IMG_20260324_112745_048.tiff,Kruss,0,10X
IMG_20260324_112745_352,IMG_20260324_112745_352.tiff,Kruss,0,10X
IMG_20260324_112752_704,IMG_20260324_112752_704.tiff,Kruss,0,10X
IMG_20260324_112753_022,IMG_20260324_112753_022.tiff,Kruss,0,10X
IMG_20260324_112858_990,IMG_20260324_112858_990.tiff,Kruss,0,40X
IMG_20260324_112859_336,IMG_20260324_112859_336.tiff,Kruss,0,40X
IMG_20260324_112859_698,IMG_20260324_112859_698.tiff,Kruss,0,40X
IMG_20260324_112900_042,IMG_20260324_112900_042.tiff,Kruss,0,40X
IMG_20260324_112944_835,IMG_20260324_112944_835.tiff,Kruss,0,40X
IMG_20260324_112945_189,IMG_20260324_112945_189.tiff,Kruss,0,40X
IMG_20260324_112945_539,IMG_20260324_112945_539.tiff,Kruss,0,40X
IMG_20260324_112945_901,IMG_20260324_112945_901.tiff,Kruss,0,40X
IMG_20260324_113039_219,IMG_20260324_113039_219.tiff,Kruss,0,40X
IMG_20260324_113039_580,IMG_20260324_113039_580.tiff,Kruss,0,40X
IMG_20260324_113039_929,IMG_20260324_113039_929.tiff,Kruss,0,40X
IMG_20260324_113040_292,IMG_20260324_113040_292.tiff,Kruss,0,40X
IMG_20260324_113145_724,IMG_20260324_113145_724.tiff,Kruss,0,40X
IMG_20260324_113146_157,IMG_20260324_113146_157.tiff,Kruss,0,40X
IMG_20260324_113146_528,IMG_20260324_113146_528.tiff,Kruss,0,40X
IMG_20260324_113146_874,IMG_20260324_113146_874.tiff,Kruss,0,40X
IMG_20260324_113221_645,IMG_20260324_113221_645.tiff,Kruss,0,40X
IMG_20260324_113221_998,IMG_20260324_113221_998.tiff,Kruss,0,40X
IMG_20260324_113222_332,IMG_20260324_113222_332.tiff,Kruss,0,40X
IMG_20260324_113222_702,IMG_20260324_113222_702.tiff,Kruss,0,40X
IMG_20260324_113329_019,IMG_20260324_113329_019.tiff,Kruss,0,40X
IMG_20260324_113329_365,IMG_20260324_113329_365.tiff,Kruss,0,40X
IMG_20260324_113329_745,IMG_20260324_113329_745.tiff,Kruss,0,40X
IMG_20260324_113330_088,IMG_20260324_113330_088.tiff,Kruss,0,40X
IMG_20260324_113412_715,IMG_20260324_113412_715.tiff,Kruss,0,40X
IMG_20260324_113413_054,IMG_20260324_113413_054.tiff,Kruss,0,40X
IMG_20260324_113413_383,IMG_20260324_113413_383.tiff,Kruss,0,40X
IMG_20260324_113413_717,IMG_20260324_113413_717.tiff,Kruss,0,40X
IMG_20260324_113440_616,IMG_20260324_113440_616.tiff,Kruss,0,40X
IMG_20260324_113440_981,IMG_20260324_113440_981.tiff,Kruss,0,40X
IMG_20260324_113441_352,IMG_20260324_113441_352.tiff,Kruss,0,40X
IMG_20260324_113441_732,IMG_20260324_113441_732.tiff,Kruss,0,40X
IMG_20260324_113509_457,IMG_20260324_113509_457.tiff,Kruss,0,40X
IMG_20260324_113509_785,IMG_20260324_113509_785.tiff,Kruss,0,40X
IMG_20260324_113510_226,IMG_20260324_113510_226.tiff,Kruss,0,40X
IMG_20260324_113510_571,IMG_20260324_113510_571.tiff,Kruss,0,40X
IMG_20260324_112455_014,IMG_20260324_112455_014.tiff,Kruss,0,4X
IMG_20260324_112455_314,IMG_20260324_112455_314.tiff,Kruss,0,4X
IMG_20260324_112455_631,IMG_20260324_112455_631.tiff,Kruss,0,4X
IMG_20260324_112455_939,IMG_20260324_112455_939.tiff,Kruss,0,4X
IMG_20260324_112512_028,IMG_20260324_112512_028.tiff,Kruss,0,4X
IMG_20260324_112512_331,IMG_20260324_112512_331.tiff,Kruss,0,4X
IMG_20260324_082242_162,IMG_20260324_082242_162.tiff,Kruss,0,10X
IMG_20260324_082242_481,IMG_20260324_082242_481.tiff,Kruss,0,10X
IMG_20260324_082242_820,IMG_20260324_082242_820.tiff,Kruss,0,10X
IMG_20260324_082243_165,IMG_20260324_082243_165.tiff,Kruss,0,10X
IMG_20260324_082641_198,IMG_20260324_082641_198.tiff,Kruss,0,10X
IMG_20260324_082641_539,IMG_20260324_082641_539.tiff,Kruss,0,10X
IMG_20260324_082641_883,IMG_20260324_082641_883.tiff,Kruss,0,10X
IMG_20260324_082736_386,IMG_20260324_082736_386.tiff,Kruss,0,10X
IMG_20260324_082736_719,IMG_20260324_082736_719.tiff,Kruss,0,10X
IMG_20260324_083016_319,IMG_20260324_083016_319.tiff,Kruss,0,40X
IMG_20260324_083016_661,IMG_20260324_083016_661.tiff,Kruss,0,40X
IMG_20260324_083017_028,IMG_20260324_083017_028.tiff,Kruss,0,40X
IMG_20260324_083118_668,IMG_20260324_083118_668.tiff,Kruss,0,40X
IMG_20260324_083119_041,IMG_20260324_083119_041.tiff,Kruss,0,40X
IMG_20260324_083119_740,IMG_20260324_083119_740.tiff,Kruss,0,40X
IMG_20260324_083223_576,IMG_20260324_083223_576.tiff,Kruss,0,40X
IMG_20260324_083223_914,IMG_20260324_083223_914.tiff,Kruss,0,40X
IMG_20260324_083324_117,IMG_20260324_083324_117.tiff,Kruss,0,40X
IMG_20260324_083424_893,IMG_20260324_083424_893.tiff,Kruss,0,40X
IMG_20260324_083425_250,IMG_20260324_083425_250.tiff,Kruss,0,40X
IMG_20260324_083425_593,IMG_20260324_083425_593.tiff,Kruss,0,40X
IMG_20260324_083425_948,IMG_20260324_083425_948.tiff,Kruss,0,40X
IMG_20260324_083538_043,IMG_20260324_083538_043.tiff,Kruss,0,40X
IMG_20260324_083538_406,IMG_20260324_083538_406.tiff,Kruss,0,40X
IMG_20260324_083538_756,IMG_20260324_083538_756.tiff,Kruss,0,40X
IMG_20260324_083654_875,IMG_20260324_083654_875.tiff,Kruss,0,40X
IMG_20260324_083655_246,IMG_20260324_083655_246.tiff,Kruss,0,40X
IMG_20260324_083655_609,IMG_20260324_083655_609.tiff,Kruss,0,40X
IMG_20260324_083655_979,IMG_20260324_083655_979.tiff,Kruss,0,40X
IMG_20260324_083816_731,IMG_20260324_083816_731.tiff,Kruss,0,40X
IMG_20260324_083817_084,IMG_20260324_083817_084.tiff,Kruss,0,40X
IMG_20260324_083817_431,IMG_20260324_083817_431.tiff,Kruss,0,40X
IMG_20260324_083817_781,IMG_20260324_083817_781.tiff,Kruss,0,40X
IMG_20260324_083926_816,IMG_20260324_083926_816.tiff,Kruss,0,40X
IMG_20260324_083927_181,IMG_20260324_083927_181.tiff,Kruss,0,40X
IMG_20260324_083927_538,IMG_20260324_083927_538.tiff,Kruss,0,40X
IMG_20260324_083927_862,IMG_20260324_083927_862.tiff,Kruss,0,40X
IMG_20260324_084011_510,IMG_20260324_084011_510.tiff,Kruss,0,40X
IMG_20260324_084011_853,IMG_20260324_084011_853.tiff,Kruss,0,40X
IMG_20260324_084012_192,IMG_20260324_084012_192.tiff,Kruss,0,40X
IMG_20260324_082111_594,IMG_20260324_082111_594.tiff,Kruss,0,4X
IMG_20260324_082112_307,IMG_20260324_082112_307.tiff,Kruss,0,4X
IMG_20260324_082112_650,IMG_20260324_082112_650.tiff,Kruss,0,4X
IMG_20260324_082113_068,IMG_20260324_082113_068.tiff,Kruss,0,4X
IMG_20260324_082128_907,IMG_20260324_082128_907.tiff,Kruss,0,4X
IMG_20260324_093942_209,IMG_20260324_093942_209.tiff,Kruss,0,40X
IMG_20260324_093942_519,IMG_20260324_093942_519.tiff,Kruss,0,40X
IMG_20260324_093942_840,IMG_20260324_093942_840.tiff,Kruss,0,40X
IMG_20260324_084433_591,IMG_20260324_084433_591.tiff,Kruss,0,10X
IMG_20260324_084433_928,IMG_20260324_084433_928.tiff,Kruss,0,10X
IMG_20260324_084434_267,IMG_20260324_084434_267.tiff,Kruss,0,10X
IMG_20260324_084505_982,IMG_20260324_084505_982.tiff,Kruss,0,10X
IMG_20260324_084506_314,IMG_20260324_084506_314.tiff,Kruss,0,10X
IMG_20260324_084506_638,IMG_20260324_084506_638.tiff,Kruss,0,10X
IMG_20260324_084506_961,IMG_20260324_084506_961.tiff,Kruss,0,10X
IMG_20260324_084751_310,IMG_20260324_084751_310.tiff,Kruss,0,40X
IMG_20260324_084751_638,IMG_20260324_084751_638.tiff,Kruss,0,40X
IMG_20260324_084751_974,IMG_20260324_084751_974.tiff,Kruss,0,40X
IMG_20260324_084752_332,IMG_20260324_084752_332.tiff,Kruss,0,40X
IMG_20260324_084846_312,IMG_20260324_084846_312.tiff,Kruss,0,40X
IMG_20260324_084846_659,IMG_20260324_084846_659.tiff,Kruss,0,40X
IMG_20260324_084847_012,IMG_20260324_084847_012.tiff,Kruss,0,40X
IMG_20260324_084847_392,IMG_20260324_084847_392.tiff,Kruss,0,40X
IMG_20260324_085008_385,IMG_20260324_085008_385.tiff,Kruss,0,40X
IMG_20260324_085008_735,IMG_20260324_085008_735.tiff,Kruss,0,40X
IMG_20260324_085009_070,IMG_20260324_085009_070.tiff,Kruss,0,40X
IMG_20260324_085009_418,IMG_20260324_085009_418.tiff,Kruss,0,40X
IMG_20260324_085057_757,IMG_20260324_085057_757.tiff,Kruss,0,40X
IMG_20260324_085058_110,IMG_20260324_085058_110.tiff,Kruss,0,40X
IMG_20260324_085058_453,IMG_20260324_085058_453.tiff,Kruss,0,40X
IMG_20260324_085058_808,IMG_20260324_085058_808.tiff,Kruss,0,40X
IMG_20260324_085209_160,IMG_20260324_085209_160.tiff,Kruss,0,40X
IMG_20260324_085209_497,IMG_20260324_085209_497.tiff,Kruss,0,40X
IMG_20260324_085210_166,IMG_20260324_085210_166.tiff,Kruss,0,40X
IMG_20260324_085309_010,IMG_20260324_085309_010.tiff,Kruss,0,40X
IMG_20260324_085309_355,IMG_20260324_085309_355.tiff,Kruss,0,40X
IMG_20260324_085309_686,IMG_20260324_085309_686.tiff,Kruss,0,40X
IMG_20260324_085424_076,IMG_20260324_085424_076.tiff,Kruss,0,40X
IMG_20260324_085424_439,IMG_20260324_085424_439.tiff,Kruss,0,40X
IMG_20260324_085424_765,IMG_20260324_085424_765.tiff,Kruss,0,40X
IMG_20260324_085425_104,IMG_20260324_085425_104.tiff,Kruss,0,40X
IMG_20260324_085441_563,IMG_20260324_085441_563.tiff,Kruss,0,40X
IMG_20260324_085441_888,IMG_20260324_085441_888.tiff,Kruss,0,40X
IMG_20260324_084258_106,IMG_20260324_084258_106.tiff,Kruss,0,4X
IMG_20260324_084258_431,IMG_20260324_084258_431.tiff,Kruss,0,4X
IMG_20260324_084258_768,IMG_20260324_084258_768.tiff,Kruss,0,4X
IMG_20260324_084259_078,IMG_20260324_084259_078.tiff,Kruss,0,4X
IMG_20260324_085814_000,IMG_20260324_085814_000.tiff,Kruss,0,10X
IMG_20260324_085814_329,IMG_20260324_085814_329.tiff,Kruss,0,10X
IMG_20260324_085814_642,IMG_20260324_085814_642.tiff,Kruss,0,10X
IMG_20260324_085814_969,IMG_20260324_085814_969.tiff,Kruss,0,10X
IMG_20260324_085900_986,IMG_20260324_085900_986.tiff,Kruss,0,10X
IMG_20260324_085901_324,IMG_20260324_085901_324.tiff,Kruss,0,10X
IMG_20260324_085901_652,IMG_20260324_085901_652.tiff,Kruss,0,10X
IMG_20260324_085901_991,IMG_20260324_085901_991.tiff,Kruss,0,10X
IMG_20260324_085936_915,IMG_20260324_085936_915.tiff,Kruss,0,10X
IMG_20260324_085937_217,IMG_20260324_085937_217.tiff,Kruss,0,10X
IMG_20260324_090310_780,IMG_20260324_090310_780.tiff,Kruss,0,40X
IMG_20260324_090311_108,IMG_20260324_090311_108.tiff,Kruss,0,40X
IMG_20260324_090311_445,IMG_20260324_090311_445.tiff,Kruss,0,40X
IMG_20260324_090311_824,IMG_20260324_090311_824.tiff,Kruss,0,40X
IMG_20260324_090354_250,IMG_20260324_090354_250.tiff,Kruss,0,40X
IMG_20260324_090354_586,IMG_20260324_090354_586.tiff,Kruss,0,40X
IMG_20260324_090354_942,IMG_20260324_090354_942.tiff,Kruss,0,40X
IMG_20260324_090355_298,IMG_20260324_090355_298.tiff,Kruss,0,40X
IMG_20260324_090434_043,IMG_20260324_090434_043.tiff,Kruss,0,40X
IMG_20260324_090434_385,IMG_20260324_090434_385.tiff,Kruss,0,40X
IMG_20260324_090434_707,IMG_20260324_090434_707.tiff,Kruss,0,40X
IMG_20260324_090435_056,IMG_20260324_090435_056.tiff,Kruss,0,40X
IMG_20260324_090528_529,IMG_20260324_090528_529.tiff,Kruss,0,40X
IMG_20260324_090528_903,IMG_20260324_090528_903.tiff,Kruss,0,40X
IMG_20260324_090529_248,IMG_20260324_090529_248.tiff,Kruss,0,40X
IMG_20260324_090529_596,IMG_20260324_090529_596.tiff,Kruss,0,40X
IMG_20260324_090604_920,IMG_20260324_090604_920.tiff,Kruss,0,40X
IMG_20260324_090605_302,IMG_20260324_090605_302.tiff,Kruss,0,40X
IMG_20260324_090605_642,IMG_20260324_090605_642.tiff,Kruss,0,40X
IMG_20260324_090605_995,IMG_20260324_090605_995.tiff,Kruss,0,40X
IMG_20260324_090647_795,IMG_20260324_090647_795.tiff,Kruss,0,40X
IMG_20260324_090752_023,IMG_20260324_090752_023.tiff,Kruss,0,40X
IMG_20260324_090752_373,IMG_20260324_090752_373.tiff,Kruss,0,40X
IMG_20260324_090752_730,IMG_20260324_090752_730.tiff,Kruss,0,40X
IMG_20260324_090753_086,IMG_20260324_090753_086.tiff,Kruss,0,40X
IMG_20260324_090853_096,IMG_20260324_090853_096.tiff,Kruss,0,40X
IMG_20260324_090853_399,IMG_20260324_090853_399.tiff,Kruss,0,40X
IMG_20260324_090853_749,IMG_20260324_090853_749.tiff,Kruss,0,40X
IMG_20260324_090854_074,IMG_20260324_090854_074.tiff,Kruss,0,40X
IMG_20260324_090937_929,IMG_20260324_090937_929.tiff,Kruss,0,40X
IMG_20260324_090938_307,IMG_20260324_090938_307.tiff,Kruss,0,40X
IMG_20260324_090938_666,IMG_20260324_090938_666.tiff,Kruss,0,40X
IMG_20260324_090939_023,IMG_20260324_090939_023.tiff,Kruss,0,40X
IMG_20260324_091021_861,IMG_20260324_091021_861.tiff,Kruss,0,40X
IMG_20260324_091022_223,IMG_20260324_091022_223.tiff,Kruss,0,40X
IMG_20260324_091022_555,IMG_20260324_091022_555.tiff,Kruss,0,40X
IMG_20260324_091022_897,IMG_20260324_091022_897.tiff,Kruss,0,40X
IMG_20260324_091101_004,IMG_20260324_091101_004.tiff,Kruss,0,40X
IMG_20260324_091101_362,IMG_20260324_091101_362.tiff,Kruss,0,40X
IMG_20260324_091101_720,IMG_20260324_091101_720.tiff,Kruss,0,40X
IMG_20260324_091102_208,IMG_20260324_091102_208.tiff,Kruss,0,40X
IMG_20260324_091143_406,IMG_20260324_091143_406.tiff,Kruss,0,40X
IMG_20260324_091143_741,IMG_20260324_091143_741.tiff,Kruss,0,40X
IMG_20260324_091144_088,IMG_20260324_091144_088.tiff,Kruss,0,40X
IMG_20260324_091144_431,IMG_20260324_091144_431.tiff,Kruss,0,40X
IMG_20260324_085702_928,IMG_20260324_085702_928.tiff,Kruss,0,4X
IMG_20260324_085703_247,IMG_20260324_085703_247.tiff,Kruss,0,4X
IMG_20260324_085703_555,IMG_20260324_085703_555.tiff,Kruss,0,4X
IMG_20260324_091956_767,IMG_20260324_091956_767.tiff,Kruss,0,10X
IMG_20260324_092030_657,IMG_20260324_092030_657.tiff,Kruss,0,10X
IMG_20260324_092030_972,IMG_20260324_092030_972.tiff,Kruss,0,10X
IMG_20260324_092031_330,IMG_20260324_092031_330.tiff,Kruss,0,10X
IMG_20260324_092159_459,IMG_20260324_092159_459.tiff,Kruss,0,40X
IMG_20260324_092317_403,IMG_20260324_092317_403.tiff,Kruss,0,40X
IMG_20260324_092317_725,IMG_20260324_092317_725.tiff,Kruss,0,40X
IMG_20260324_092318_038,IMG_20260324_092318_038.tiff,Kruss,0,40X
IMG_20260324_092318_355,IMG_20260324_092318_355.tiff,Kruss,0,40X
IMG_20260324_092407_950,IMG_20260324_092407_950.tiff,Kruss,0,40X
IMG_20260324_092408_280,IMG_20260324_092408_280.tiff,Kruss,0,40X
IMG_20260324_092408_585,IMG_20260324_092408_585.tiff,Kruss,0,40X
IMG_20260324_092408_895,IMG_20260324_092408_895.tiff,Kruss,0,40X
IMG_20260324_092512_548,IMG_20260324_092512_548.tiff,Kruss,0,40X
IMG_20260324_092512_871,IMG_20260324_092512_871.tiff,Kruss,0,40X
IMG_20260324_091357_162,IMG_20260324_091357_162.tiff,Kruss,0,4X
IMG_20260324_091357_475,IMG_20260324_091357_475.tiff,Kruss,0,4X
IMG_20260324_092933_081,IMG_20260324_092933_081.tiff,Kruss,0,10X
IMG_20260324_092933_407,IMG_20260324_092933_407.tiff,Kruss,0,10X
IMG_20260324_092933_758,IMG_20260324_092933_758.tiff,Kruss,0,10X
IMG_20260324_093135_046,IMG_20260324_093135_046.tiff,Kruss,0,40X
IMG_20260324_093135_363,IMG_20260324_093135_363.tiff,Kruss,0,40X
IMG_20260324_093135_691,IMG_20260324_093135_691.tiff,Kruss,0,40X
IMG_20260324_093136_019,IMG_20260324_093136_019.tiff,Kruss,0,40X
IMG_20260324_093228_158,IMG_20260324_093228_158.tiff,Kruss,0,40X
IMG_20260324_093228_471,IMG_20260324_093228_471.tiff,Kruss,0,40X
IMG_20260324_093228_831,IMG_20260324_093228_831.tiff,Kruss,0,40X
IMG_20260324_093229_173,IMG_20260324_093229_173.tiff,Kruss,0,40X
IMG_20260324_093316_377,IMG_20260324_093316_377.tiff,Kruss,0,40X
IMG_20260324_093316_709,IMG_20260324_093316_709.tiff,Kruss,0,40X
IMG_20260324_093317_068,IMG_20260324_093317_068.tiff,Kruss,0,40X
IMG_20260324_093317_402,IMG_20260324_093317_402.tiff,Kruss,0,40X
IMG_20260324_093400_751,IMG_20260324_093400_751.tiff,Kruss,0,40X
IMG_20260324_093401_138,IMG_20260324_093401_138.tiff,Kruss,0,40X
IMG_20260324_093401_483,IMG_20260324_093401_483.tiff,Kruss,0,40X
IMG_20260324_093401_827,IMG_20260324_093401_827.tiff,Kruss,0,40X
IMG_20260324_093448_604,IMG_20260324_093448_604.tiff,Kruss,0,40X
IMG_20260324_093448_951,IMG_20260324_093448_951.tiff,Kruss,0,40X
IMG_20260324_093449_296,IMG_20260324_093449_296.tiff,Kruss,0,40X
IMG_20260324_093449_639,IMG_20260324_093449_639.tiff,Kruss,0,40X
IMG_20260324_093531_504,IMG_20260324_093531_504.tiff,Kruss,0,40X
IMG_20260324_093531_859,IMG_20260324_093531_859.tiff,Kruss,0,40X
IMG_20260324_093532_199,IMG_20260324_093532_199.tiff,Kruss,0,40X
IMG_20260324_093532_529,IMG_20260324_093532_529.tiff,Kruss,0,40X
IMG_20260324_092734_707,IMG_20260324_092734_707.tiff,Kruss,0,4X
IMG_20260324_092735_016,IMG_20260324_092735_016.tiff,Kruss,0,4X
IMG_20260323_154234_915,IMG_20260323_154234_915.tiff,Kruss,4,10X
IMG_20260323_154235_276,IMG_20260323_154235_276.tiff,Kruss,4,10X
IMG_20260323_154235_670,IMG_20260323_154235_670.tiff,Kruss,4,10X
IMG_20260323_154236_023,IMG_20260323_154236_023.tiff,Kruss,4,10X
IMG_20260323_154308_150,IMG_20260323_154308_150.tiff,Kruss,4,10X
IMG_20260323_154308_516,IMG_20260323_154308_516.tiff,Kruss,4,10X
IMG_20260323_154308_861,IMG_20260323_154308_861.tiff,Kruss,4,10X
IMG_20260323_154309_212,IMG_20260323_154309_212.tiff,Kruss,4,10X
IMG_20260323_154427_778,IMG_20260323_154427_778.tiff,Kruss,4,40X
IMG_20260323_154428_227,IMG_20260323_154428_227.tiff,Kruss,4,40X
IMG_20260323_154428_577,IMG_20260323_154428_577.tiff,Kruss,4,40X
IMG_20260323_154428_941,IMG_20260323_154428_941.tiff,Kruss,4,40X
IMG_20260323_154523_539,IMG_20260323_154523_539.tiff,Kruss,4,40X
IMG_20260323_154524_001,IMG_20260323_154524_001.tiff,Kruss,4,40X
IMG_20260323_154524_401,IMG_20260323_154524_401.tiff,Kruss,4,40X
IMG_20260323_154524_831,IMG_20260323_154524_831.tiff,Kruss,4,40X
IMG_20260323_154553_598,IMG_20260323_154553_598.tiff,Kruss,4,40X
IMG_20260323_154553_953,IMG_20260323_154553_953.tiff,Kruss,4,40X
IMG_20260323_154554_326,IMG_20260323_154554_326.tiff,Kruss,4,40X
IMG_20260323_154554_720,IMG_20260323_154554_720.tiff,Kruss,4,40X
IMG_20260323_154628_196,IMG_20260323_154628_196.tiff,Kruss,4,40X
IMG_20260323_154628_563,IMG_20260323_154628_563.tiff,Kruss,4,40X
IMG_20260323_154628_952,IMG_20260323_154628_952.tiff,Kruss,4,40X
IMG_20260323_154629_341,IMG_20260323_154629_341.tiff,Kruss,4,40X
IMG_20260323_164703_684,IMG_20260323_164703_684.tiff,Kruss,4,10X
IMG_20260323_164704_002,IMG_20260323_164704_002.tiff,Kruss,4,10X
IMG_20260323_164837_485,IMG_20260323_164837_485.tiff,Kruss,4,10X
IMG_20260323_164854_896,IMG_20260323_164854_896.tiff,Kruss,4,10X
IMG_20260323_164855_245,IMG_20260323_164855_245.tiff,Kruss,4,10X
IMG_20260323_164855_583,IMG_20260323_164855_583.tiff,Kruss,4,10X
IMG_20260323_165014_262,IMG_20260323_165014_262.tiff,Kruss,4,40X
IMG_20260323_165014_632,IMG_20260323_165014_632.tiff,Kruss,4,40X
IMG_20260323_165015_005,IMG_20260323_165015_005.tiff,Kruss,4,40X
IMG_20260323_165015_363,IMG_20260323_165015_363.tiff,Kruss,4,40X
IMG_20260323_165042_143,IMG_20260323_165042_143.tiff,Kruss,4,40X
IMG_20260323_165042_488,IMG_20260323_165042_488.tiff,Kruss,4,40X
IMG_20260323_165042_855,IMG_20260323_165042_855.tiff,Kruss,4,40X
IMG_20260323_165043_204,IMG_20260323_165043_204.tiff,Kruss,4,40X
IMG_20260323_165109_728,IMG_20260323_165109_728.tiff,Kruss,4,40X
IMG_20260323_165110_080,IMG_20260323_165110_080.tiff,Kruss,4,40X
IMG_20260323_165110_414,IMG_20260323_165110_414.tiff,Kruss,4,40X
IMG_20260323_165110_759,IMG_20260323_165110_759.tiff,Kruss,4,40X
IMG_20260323_164501_420,IMG_20260323_164501_420.tiff,Kruss,4,4X
IMG_20260323_164501_754,IMG_20260323_164501_754.tiff,Kruss,4,4X
IMG_20260323_164502_071,IMG_20260323_164502_071.tiff,Kruss,4,4X
IMG_20260323_164537_612,IMG_20260323_164537_612.tiff,Kruss,4,4X
IMG_20260323_164538_286,IMG_20260323_164538_286.tiff,Kruss,4,4X
IMG_20260323_164538_598,IMG_20260323_164538_598.tiff,Kruss,4,4X
IMG_20260323_155134_381,IMG_20260323_155134_381.tiff,Kruss,4,10X
IMG_20260323_155345_791,IMG_20260323_155345_791.tiff,Kruss,4,10X
IMG_20260323_155346_102,IMG_20260323_155346_102.tiff,Kruss,4,10X
IMG_20260323_155346_441,IMG_20260323_155346_441.tiff,Kruss,4,10X
IMG_20260323_155414_880,IMG_20260323_155414_880.tiff,Kruss,4,10X
IMG_20260323_155415_578,IMG_20260323_155415_578.tiff,Kruss,4,10X
IMG_20260323_160035_491,IMG_20260323_160035_491.tiff,Kruss,4,40X
IMG_20260323_160035_887,IMG_20260323_160035_887.tiff,Kruss,4,40X
IMG_20260323_160036_252,IMG_20260323_160036_252.tiff,Kruss,4,40X
IMG_20260323_160036_631,IMG_20260323_160036_631.tiff,Kruss,4,40X
IMG_20260323_160232_064,IMG_20260323_160232_064.tiff,Kruss,4,40X
IMG_20260323_160254_330,IMG_20260323_160254_330.tiff,Kruss,4,40X
IMG_20260323_160254_702,IMG_20260323_160254_702.tiff,Kruss,4,40X
IMG_20260323_160255_078,IMG_20260323_160255_078.tiff,Kruss,4,40X
IMG_20260323_160255_425,IMG_20260323_160255_425.tiff,Kruss,4,40X
IMG_20260323_160315_744,IMG_20260323_160315_744.tiff,Kruss,4,40X
IMG_20260323_160316_082,IMG_20260323_160316_082.tiff,Kruss,4,40X
IMG_20260323_160316_449,IMG_20260323_160316_449.tiff,Kruss,4,40X
IMG_20260323_160316_811,IMG_20260323_160316_811.tiff,Kruss,4,40X
IMG_20260323_154907_934,IMG_20260323_154907_934.tiff,Kruss,4,4X
IMG_20260323_154908_252,IMG_20260323_154908_252.tiff,Kruss,4,4X
IMG_20260323_155618_826,IMG_20260323_155618_826.tiff,Kruss,4,10X
IMG_20260323_162052_349,IMG_20260323_162052_349.tiff,Kruss,4,40X
IMG_20260323_162052_719,IMG_20260323_162052_719.tiff,Kruss,4,40X
IMG_20260323_162053_057,IMG_20260323_162053_057.tiff,Kruss,4,40X
IMG_20260323_162053_442,IMG_20260323_162053_442.tiff,Kruss,4,40X
IMG_20260323_162125_155,IMG_20260323_162125_155.tiff,Kruss,4,40X
IMG_20260323_162649_148,IMG_20260323_162649_148.tiff,Kruss,4,40X
IMG_20260323_162721_498,IMG_20260323_162721_498.tiff,Kruss,4,40X
IMG_20260323_162721_870,IMG_20260323_162721_870.tiff,Kruss,4,40X
IMG_20260323_162722_225,IMG_20260323_162722_225.tiff,Kruss,4,40X
IMG_20260323_162722_583,IMG_20260323_162722_583.tiff,Kruss,4,40X
IMG_20260323_162749_415,IMG_20260323_162749_415.tiff,Kruss,4,40X
IMG_20260323_162749_781,IMG_20260323_162749_781.tiff,Kruss,4,40X
IMG_20260323_162750_145,IMG_20260323_162750_145.tiff,Kruss,4,40X
IMG_20260323_162750_525,IMG_20260323_162750_525.tiff,Kruss,4,40X
IMG_20260323_162804_061,IMG_20260323_162804_061.tiff,Kruss,4,40X
IMG_20260323_155532_045,IMG_20260323_155532_045.tiff,Kruss,4,4X
IMG_20260323_155532_376,IMG_20260323_155532_376.tiff,Kruss,4,4X
IMG_20260323_155532_701,IMG_20260323_155532_701.tiff,Kruss,4,4X
IMG_20260323_155532_987,IMG_20260323_155532_987.tiff,Kruss,4,4X
IMG_20260323_155539_457,IMG_20260323_155539_457.tiff,Kruss,4,4X
IMG_20260323_163349_722,IMG_20260323_163349_722.tiff,Kruss,4,40X
IMG_20260323_163350_102,IMG_20260323_163350_102.tiff,Kruss,4,40X
IMG_20260323_163350_456,IMG_20260323_163350_456.tiff,Kruss,4,40X
IMG_20260323_163410_738,IMG_20260323_163410_738.tiff,Kruss,4,40X
IMG_20260323_163411_109,IMG_20260323_163411_109.tiff,Kruss,4,40X
IMG_20260323_163411_470,IMG_20260323_163411_470.tiff,Kruss,4,40X
IMG_20260323_163411_835,IMG_20260323_163411_835.tiff,Kruss,4,40X
IMG_20260323_163434_980,IMG_20260323_163434_980.tiff,Kruss,4,40X
IMG_20260323_163435_324,IMG_20260323_163435_324.tiff,Kruss,4,40X
IMG_20260323_163435_671,IMG_20260323_163435_671.tiff,Kruss,4,40X
IMG_20260323_163436_007,IMG_20260323_163436_007.tiff,Kruss,4,40X
IMG_20260323_163506_788,IMG_20260323_163506_788.tiff,Kruss,4,40X
IMG_20260323_163507_151,IMG_20260323_163507_151.tiff,Kruss,4,40X
IMG_20260323_163932_182,IMG_20260323_163932_182.tiff,Kruss,4,10X
IMG_20260323_163932_515,IMG_20260323_163932_515.tiff,Kruss,4,10X
IMG_20260323_163932_836,IMG_20260323_163932_836.tiff,Kruss,4,10X
IMG_20260323_163946_078,IMG_20260323_163946_078.tiff,Kruss,4,10X
IMG_20260323_163946_407,IMG_20260323_163946_407.tiff,Kruss,4,10X
IMG_20260323_164149_905,IMG_20260323_164149_905.tiff,Kruss,4,40X
IMG_20260323_164150_271,IMG_20260323_164150_271.tiff,Kruss,4,40X
IMG_20260323_164150_616,IMG_20260323_164150_616.tiff,Kruss,4,40X
IMG_20260323_164150_980,IMG_20260323_164150_980.tiff,Kruss,4,40X
IMG_20260323_164210_497,IMG_20260323_164210_497.tiff,Kruss,4,40X
IMG_20260323_164210_871,IMG_20260323_164210_871.tiff,Kruss,4,40X
IMG_20260323_164211_244,IMG_20260323_164211_244.tiff,Kruss,4,40X
IMG_20260323_164211_593,IMG_20260323_164211_593.tiff,Kruss,4,40X
IMG_20260323_164240_066,IMG_20260323_164240_066.tiff,Kruss,4,40X
IMG_20260323_164240_431,IMG_20260323_164240_431.tiff,Kruss,4,40X
IMG_20260323_164240_777,IMG_20260323_164240_777.tiff,Kruss,4,40X
IMG_20260323_164241_159,IMG_20260323_164241_159.tiff,Kruss,4,40X
IMG_20260323_164313_466,IMG_20260323_164313_466.tiff,Kruss,4,40X
IMG_20260323_164313_812,IMG_20260323_164313_812.tiff,Kruss,4,40X
IMG_20260323_164314_182,IMG_20260323_164314_182.tiff,Kruss,4,40X
IMG_20260323_164314_519,IMG_20260323_164314_519.tiff,Kruss,4,40X
IMG_20260323_164331_060,IMG_20260323_164331_060.tiff,Kruss,4,40X
IMG_20260323_163612_017,IMG_20260323_163612_017.tiff,Kruss,4,4X
IMG_20260323_163612_322,IMG_20260323_163612_322.tiff,Kruss,4,4X
IMG_20260323_163612_646,IMG_20260323_163612_646.tiff,Kruss,4,4X
IMG_20260323_163612_960,IMG_20260323_163612_960.tiff,Kruss,4,4X
