file_name,image_id,data_provider,isup_grade,objective_lens,Id,Ma_So,Ma_Nam,Ket_Luan,Ten_Slide,image_found,actual_file_name
IMG_20260331_171235_297.tiff,IMG_20260331_171235_297,Kruss,4,40X,4648,3073,YCT 25,"I-XII. CARCINÔM TUYẾN TIỀN LIỆT , GLEASON 4+3",Slide11-12,False,
IMG_20260331_163301_426.tiff,IMG_20260331_163301_426,Kruss,4,40X,4598,3073,YCT 25,"I-XII. CARCINÔM TUYẾN TIỀN LIỆT , GLEASON 4+3",Slide7-8,False,
IMG_20260331_163301_760.tiff,IMG_20260331_163301_760,Kruss,4,40X,4599,3073,YCT 25,"I-XII. CARCINÔM TUYẾN TIỀN LIỆT , GLEASON 4+3",Slide7-8,False,
IMG_20260331_165019_286.tiff,IMG_20260331_165019_286,Kruss,4,40X,4611,3073,YCT 25,"I-XII. CARCINÔM TUYẾN TIỀN LIỆT , GLEASON 4+3",Slide9-10,False,
IMG_20260331_165019_615.tiff,IMG_20260331_165019_615,Kruss,4,40X,4612,3073,YCT 25,"I-XII. CARCINÔM TUYẾN TIỀN LIỆT , GLEASON 4+3",Slide9-10,False,
IMG_20260331_165019_989.tiff,IMG_20260331_165019_989,Kruss,4,40X,4613,3073,YCT 25,"I-XII. CARCINÔM TUYẾN TIỀN LIỆT , GLEASON 4+3",Slide9-10,False,
IMG_20260331_165020_342.tiff,IMG_20260331_165020_342,Kruss,4,40X,4614,3073,YCT 25,"I-XII. CARCINÔM TUYẾN TIỀN LIỆT , GLEASON 4+3",Slide9-10,False,
IMG_20260331_165020_692.tiff,IMG_20260331_165020_692,Kruss,4,40X,4615,3073,YCT 25,"I-XII. CARCINÔM TUYẾN TIỀN LIỆT , GLEASON 4+3",Slide9-10,False,
IMG_20260331_165021_040.tiff,IMG_20260331_165021_040,Kruss,4,40X,4616,3073,YCT 25,"I-XII. CARCINÔM TUYẾN TIỀN LIỆT , GLEASON 4+3",Slide9-10,False,
IMG_20260331_165021_390.tiff,IMG_20260331_165021_390,Kruss,4,40X,4617,3073,YCT 25,"I-XII. CARCINÔM TUYẾN TIỀN LIỆT , GLEASON 4+3",Slide9-10,False,
IMG_20260331_165021_730.tiff,IMG_20260331_165021_730,Kruss,4,40X,4618,3073,YCT 25,"I-XII. CARCINÔM TUYẾN TIỀN LIỆT , GLEASON 4+3",Slide9-10,False,
IMG_20260331_165201_412.tiff,IMG_20260331_165201_412,Kruss,4,40X,4619,3073,YCT 25,"I-XII. CARCINÔM TUYẾN TIỀN LIỆT , GLEASON 4+3",Slide9-10,False,
IMG_20260331_165201_752.tiff,IMG_20260331_165201_752,Kruss,4,40X,4620,3073,YCT 25,"I-XII. CARCINÔM TUYẾN TIỀN LIỆT , GLEASON 4+3",Slide9-10,False,
IMG_20260331_145528_754.tiff,IMG_20260331_145528_754,Kruss,3,10X,4431,3241,YCT 25,"I-XII. CARCINÔM TUYẾN TIỀN LIỆT , GLEASON 4+5",Slide11-12,False,
IMG_20260331_145529_060.tiff,IMG_20260331_145529_060,Kruss,3,10X,4432,3241,YCT 25,"I-XII. CARCINÔM TUYẾN TIỀN LIỆT , GLEASON 4+5",Slide11-12,False,
IMG_20260331_145951_561.tiff,IMG_20260331_145951_561,Kruss,3,40X,4445,3241,YCT 25,"I-XII. CARCINÔM TUYẾN TIỀN LIỆT , GLEASON 4+5",Slide11-12,False,
IMG_20260331_145951_899.tiff,IMG_20260331_145951_899,Kruss,3,40X,4446,3241,YCT 25,"I-XII. CARCINÔM TUYẾN TIỀN LIỆT , GLEASON 4+5",Slide11-12,False,
IMG_20260331_145952_240.tiff,IMG_20260331_145952_240,Kruss,3,40X,4447,3241,YCT 25,"I-XII. CARCINÔM TUYẾN TIỀN LIỆT , GLEASON 4+5",Slide11-12,False,
IMG_20260331_145952_586.tiff,IMG_20260331_145952_586,Kruss,3,40X,4448,3241,YCT 25,"I-XII. CARCINÔM TUYẾN TIỀN LIỆT , GLEASON 4+5",Slide11-12,False,
IMG_20260331_145953_248.tiff,IMG_20260331_145953_248,Kruss,3,40X,4450,3241,YCT 25,"I-XII. CARCINÔM TUYẾN TIỀN LIỆT , GLEASON 4+5",Slide11-12,False,
IMG_20260331_145953_585.tiff,IMG_20260331_145953_585,Kruss,0,40X,4451,3241,YCT 25,"I-XII. CARCINÔM TUYẾN TIỀN LIỆT , GLEASON 4+5",Slide11-12,False,
IMG_20260331_145953_927.tiff,IMG_20260331_145953_927,Kruss,0,40X,4452,3241,YCT 25,"I-XII. CARCINÔM TUYẾN TIỀN LIỆT , GLEASON 4+5",Slide11-12,False,
IMG_20260331_150519_390.tiff,IMG_20260331_150519_390,Kruss,0,40X,4453,3241,YCT 25,"I-XII. CARCINÔM TUYẾN TIỀN LIỆT , GLEASON 4+5",Slide11-12,False,
IMG_20260330_145503_134.tiff,IMG_20260330_145503_134,Kruss,5,10X,3839,3241,YCT 25,"I-XII. CARCINÔM TUYẾN TIỀN LIỆT , GLEASON 4+5",Slide3-4,False,
IMG_20260330_145503_488.tiff,IMG_20260330_145503_488,Kruss,5,10X,3840,3241,YCT 25,"I-XII. CARCINÔM TUYẾN TIỀN LIỆT , GLEASON 4+5",Slide3-4,False,
IMG_20260330_145503_813.tiff,IMG_20260330_145503_813,Kruss,5,10X,3841,3241,YCT 25,"I-XII. CARCINÔM TUYẾN TIỀN LIỆT , GLEASON 4+5",Slide3-4,False,
IMG_20260330_145129_337.tiff,IMG_20260330_145129_337,Kruss,4,4X,3823,3241,YCT 25,"I-XII. CARCINÔM TUYẾN TIỀN LIỆT , GLEASON 4+5",Slide3-4,True,IMG_20260330_145129_337.tiff
IMG_20260330_145129_651.tiff,IMG_20260330_145129_651,Kruss,4,4X,3824,3241,YCT 25,"I-XII. CARCINÔM TUYẾN TIỀN LIỆT , GLEASON 4+5",Slide3-4,True,IMG_20260330_145129_651.tiff
IMG_20260331_133959_820.tiff,IMG_20260331_133959_820,Kruss,5,10X,4311,3241,YCT 25,"I-XII. CARCINÔM TUYẾN TIỀN LIỆT , GLEASON 4+5",Slide5-6,False,
IMG_20260331_134000_203.tiff,IMG_20260331_134000_203,Kruss,5,10X,4312,3241,YCT 25,"I-XII. CARCINÔM TUYẾN TIỀN LIỆT , GLEASON 4+5",Slide5-6,False,
IMG_20260331_134153_598.tiff,IMG_20260331_134153_598,Kruss,5,10X,4313,3241,YCT 25,"I-XII. CARCINÔM TUYẾN TIỀN LIỆT , GLEASON 4+5",Slide5-6,False,
IMG_20260331_134155_902.tiff,IMG_20260331_134155_902,Kruss,5,10X,4320,3241,YCT 25,"I-XII. CARCINÔM TUYẾN TIỀN LIỆT , GLEASON 4+5",Slide5-6,False,
IMG_20260331_133714_147.tiff,IMG_20260331_133714_147,Kruss,5,4X,4302,3241,YCT 25,"I-XII. CARCINÔM TUYẾN TIỀN LIỆT , GLEASON 4+5",Slide5-6,True,IMG_20260331_133714_147.tiff
IMG_20260331_142105_125.tiff,IMG_20260331_142105_125,Kruss,3,40X,4374,3241,YCT 25,"I-XII. CARCINÔM TUYẾN TIỀN LIỆT , GLEASON 4+5",Slide7-8,False,
IMG_20260331_142105_457.tiff,IMG_20260331_142105_457,Kruss,3,40X,4375,3241,YCT 25,"I-XII. CARCINÔM TUYẾN TIỀN LIỆT , GLEASON 4+5",Slide7-8,False,
IMG_20260331_142105_795.tiff,IMG_20260331_142105_795,Kruss,3,40X,4376,3241,YCT 25,"I-XII. CARCINÔM TUYẾN TIỀN LIỆT , GLEASON 4+5",Slide7-8,False,
IMG_20260331_142106_142.tiff,IMG_20260331_142106_142,Kruss,3,40X,4377,3241,YCT 25,"I-XII. CARCINÔM TUYẾN TIỀN LIỆT , GLEASON 4+5",Slide7-8,False,
IMG_20260331_142106_488.tiff,IMG_20260331_142106_488,Kruss,3,40X,4378,3241,YCT 25,"I-XII. CARCINÔM TUYẾN TIỀN LIỆT , GLEASON 4+5",Slide7-8,False,
IMG_20260331_142850_347.tiff,IMG_20260331_142850_347,Kruss,3,40X,4379,3241,YCT 25,"I-XII. CARCINÔM TUYẾN TIỀN LIỆT , GLEASON 4+5",Slide7-8,False,
IMG_20260331_142850_703.tiff,IMG_20260331_142850_703,Kruss,3,40X,4380,3241,YCT 25,"I-XII. CARCINÔM TUYẾN TIỀN LIỆT , GLEASON 4+5",Slide7-8,False,
IMG_20260331_142851_031.tiff,IMG_20260331_142851_031,Kruss,3,40X,4381,3241,YCT 25,"I-XII. CARCINÔM TUYẾN TIỀN LIỆT , GLEASON 4+5",Slide7-8,False,
IMG_20260331_142851_360.tiff,IMG_20260331_142851_360,Kruss,3,40X,4382,3241,YCT 25,"I-XII. CARCINÔM TUYẾN TIỀN LIỆT , GLEASON 4+5",Slide7-8,False,
IMG_20260331_142851_687.tiff,IMG_20260331_142851_687,Kruss,3,40X,4383,3241,YCT 25,"I-XII. CARCINÔM TUYẾN TIỀN LIỆT , GLEASON 4+5",Slide7-8,False,
IMG_20260331_141015_584.tiff,IMG_20260331_141015_584,Kruss,3,4X,4358,3241,YCT 25,"I-XII. CARCINÔM TUYẾN TIỀN LIỆT , GLEASON 4+5",Slide7-8,True,IMG_20260331_141015_584.tiff
IMG_20260331_143734_829.tiff,IMG_20260331_143734_829,Kruss,3,10X,4391,3241,YCT 25,"I-XII. CARCINÔM TUYẾN TIỀN LIỆT , GLEASON 4+5",Slide9-10,False,
IMG_20260331_143735_157.tiff,IMG_20260331_143735_157,Kruss,3,10X,4392,3241,YCT 25,"I-XII. CARCINÔM TUYẾN TIỀN LIỆT , GLEASON 4+5",Slide9-10,False,
IMG_20260331_143735_794.tiff,IMG_20260331_143735_794,Kruss,3,10X,4394,3241,YCT 25,"I-XII. CARCINÔM TUYẾN TIỀN LIỆT , GLEASON 4+5",Slide9-10,False,
IMG_20260331_143736_120.tiff,IMG_20260331_143736_120,Kruss,3,10X,4395,3241,YCT 25,"I-XII. CARCINÔM TUYẾN TIỀN LIỆT , GLEASON 4+5",Slide9-10,False,
IMG_20260331_143736_419.tiff,IMG_20260331_143736_419,Kruss,3,10X,4396,3241,YCT 25,"I-XII. CARCINÔM TUYẾN TIỀN LIỆT , GLEASON 4+5",Slide9-10,False,
IMG_20260331_143858_164.tiff,IMG_20260331_143858_164,Kruss,3,10X,4397,3241,YCT 25,"I-XII. CARCINÔM TUYẾN TIỀN LIỆT , GLEASON 4+5",Slide9-10,False,
IMG_20260331_143858_497.tiff,IMG_20260331_143858_497,Kruss,3,10X,4398,3241,YCT 25,"I-XII. CARCINÔM TUYẾN TIỀN LIỆT , GLEASON 4+5",Slide9-10,False,
IMG_20260331_143858_817.tiff,IMG_20260331_143858_817,Kruss,3,10X,4399,3241,YCT 25,"I-XII. CARCINÔM TUYẾN TIỀN LIỆT , GLEASON 4+5",Slide9-10,False,
IMG_20260331_143859_123.tiff,IMG_20260331_143859_123,Kruss,3,10X,4400,3241,YCT 25,"I-XII. CARCINÔM TUYẾN TIỀN LIỆT , GLEASON 4+5",Slide9-10,False,
IMG_20260331_144239_597.tiff,IMG_20260331_144239_597,Kruss,3,40X,4401,3241,YCT 25,"I-XII. CARCINÔM TUYẾN TIỀN LIỆT , GLEASON 4+5",Slide9-10,False,
IMG_20260331_144239_966.tiff,IMG_20260331_144239_966,Kruss,3,40X,4402,3241,YCT 25,"I-XII. CARCINÔM TUYẾN TIỀN LIỆT , GLEASON 4+5",Slide9-10,False,
IMG_20260331_144240_316.tiff,IMG_20260331_144240_316,Kruss,3,40X,4403,3241,YCT 25,"I-XII. CARCINÔM TUYẾN TIỀN LIỆT , GLEASON 4+5",Slide9-10,False,
IMG_20260331_144240_689.tiff,IMG_20260331_144240_689,Kruss,3,40X,4404,3241,YCT 25,"I-XII. CARCINÔM TUYẾN TIỀN LIỆT , GLEASON 4+5",Slide9-10,False,
IMG_20260331_144241_048.tiff,IMG_20260331_144241_048,Kruss,3,40X,4405,3241,YCT 25,"I-XII. CARCINÔM TUYẾN TIỀN LIỆT , GLEASON 4+5",Slide9-10,False,
IMG_20260331_144241_409.tiff,IMG_20260331_144241_409,Kruss,3,40X,4406,3241,YCT 25,"I-XII. CARCINÔM TUYẾN TIỀN LIỆT , GLEASON 4+5",Slide9-10,False,
IMG_20260331_144241_759.tiff,IMG_20260331_144241_759,Kruss,3,40X,4407,3241,YCT 25,"I-XII. CARCINÔM TUYẾN TIỀN LIỆT , GLEASON 4+5",Slide9-10,False,
IMG_20260331_144242_124.tiff,IMG_20260331_144242_124,Kruss,3,40X,4408,3241,YCT 25,"I-XII. CARCINÔM TUYẾN TIỀN LIỆT , GLEASON 4+5",Slide9-10,False,
IMG_20260331_144517_859.tiff,IMG_20260331_144517_859,Kruss,3,40X,4409,3241,YCT 25,"I-XII. CARCINÔM TUYẾN TIỀN LIỆT , GLEASON 4+5",Slide9-10,False,
IMG_20260331_144518_221.tiff,IMG_20260331_144518_221,Kruss,3,40X,4410,3241,YCT 25,"I-XII. CARCINÔM TUYẾN TIỀN LIỆT , GLEASON 4+5",Slide9-10,False,
IMG_20260331_144518_597.tiff,IMG_20260331_144518_597,Kruss,3,40X,4411,3241,YCT 25,"I-XII. CARCINÔM TUYẾN TIỀN LIỆT , GLEASON 4+5",Slide9-10,False,
IMG_20260331_144518_959.tiff,IMG_20260331_144518_959,Kruss,3,40X,4412,3241,YCT 25,"I-XII. CARCINÔM TUYẾN TIỀN LIỆT , GLEASON 4+5",Slide9-10,False,
IMG_20260331_144829_863.tiff,IMG_20260331_144829_863,Kruss,3,40X,4418,3241,YCT 25,"I-XII. CARCINÔM TUYẾN TIỀN LIỆT , GLEASON 4+5",Slide9-10,False,
IMG_20260331_144830_205.tiff,IMG_20260331_144830_205,Kruss,3,40X,4419,3241,YCT 25,"I-XII. CARCINÔM TUYẾN TIỀN LIỆT , GLEASON 4+5",Slide9-10,False,
IMG_20260331_144830_574.tiff,IMG_20260331_144830_574,Kruss,3,40X,4420,3241,YCT 25,"I-XII. CARCINÔM TUYẾN TIỀN LIỆT , GLEASON 4+5",Slide9-10,False,
IMG_20260331_144830_908.tiff,IMG_20260331_144830_908,Kruss,3,40X,4421,3241,YCT 25,"I-XII. CARCINÔM TUYẾN TIỀN LIỆT , GLEASON 4+5",Slide9-10,False,
IMG_20260331_144831_260.tiff,IMG_20260331_144831_260,Kruss,3,40X,4422,3241,YCT 25,"I-XII. CARCINÔM TUYẾN TIỀN LIỆT , GLEASON 4+5",Slide9-10,False,
IMG_20260331_144831_645.tiff,IMG_20260331_144831_645,Kruss,3,40X,4423,3241,YCT 25,"I-XII. CARCINÔM TUYẾN TIỀN LIỆT , GLEASON 4+5",Slide9-10,False,
IMG_20260331_144831_991.tiff,IMG_20260331_144831_991,Kruss,3,40X,4424,3241,YCT 25,"I-XII. CARCINÔM TUYẾN TIỀN LIỆT , GLEASON 4+5",Slide9-10,False,
IMG_20260331_145107_419.tiff,IMG_20260331_145107_419,Kruss,3,40X,4425,3241,YCT 25,"I-XII. CARCINÔM TUYẾN TIỀN LIỆT , GLEASON 4+5",Slide9-10,False,
IMG_20260331_145107_771.tiff,IMG_20260331_145107_771,Kruss,3,40X,4426,3241,YCT 25,"I-XII. CARCINÔM TUYẾN TIỀN LIỆT , GLEASON 4+5",Slide9-10,False,
IMG_20260331_143545_971.tiff,IMG_20260331_143545_971,Kruss,3,4X,4384,3241,YCT 25,"I-XII. CARCINÔM TUYẾN TIỀN LIỆT , GLEASON 4+5",Slide9-10,True,IMG_20260331_143545_971.tiff
IMG_20260331_143546_280.tiff,IMG_20260331_143546_280,Kruss,3,4X,4385,3241,YCT 25,"I-XII. CARCINÔM TUYẾN TIỀN LIỆT , GLEASON 4+5",Slide9-10,True,IMG_20260331_143546_280.tiff
IMG_20260331_143546_590.tiff,IMG_20260331_143546_590,Kruss,3,4X,4386,3241,YCT 25,"I-XII. CARCINÔM TUYẾN TIỀN LIỆT , GLEASON 4+5",Slide9-10,True,IMG_20260331_143546_590.tiff
IMG_20260331_143546_912.tiff,IMG_20260331_143546_912,Kruss,3,4X,4387,3241,YCT 25,"I-XII. CARCINÔM TUYẾN TIỀN LIỆT , GLEASON 4+5",Slide9-10,True,IMG_20260331_143546_912.tiff
IMG_20260331_143547_233.tiff,IMG_20260331_143547_233,Kruss,3,4X,4388,3241,YCT 25,"I-XII. CARCINÔM TUYẾN TIỀN LIỆT , GLEASON 4+5",Slide9-10,True,IMG_20260331_143547_233.tiff
IMG_20260329_152332_731.tiff,IMG_20260329_152332_731,Kruss,5,10X,3484,3684,YCT 25,"I-XII. CARCINÔM TUYẾN TIỀN LIỆT , GLEASON 4+4",Slide1-2,False,
IMG_20260329_152333_047.tiff,IMG_20260329_152333_047,Kruss,5,10X,3485,3684,YCT 25,"I-XII. CARCINÔM TUYẾN TIỀN LIỆT , GLEASON 4+4",Slide1-2,False,
IMG_20260329_152333_694.tiff,IMG_20260329_152333_694,Kruss,5,10X,3487,3684,YCT 25,"I-XII. CARCINÔM TUYẾN TIỀN LIỆT , GLEASON 4+4",Slide1-2,False,
IMG_20260329_152334_009.tiff,IMG_20260329_152334_009,Kruss,4,10X,3488,3684,YCT 25,"I-XII. CARCINÔM TUYẾN TIỀN LIỆT , GLEASON 4+4",Slide1-2,False,
IMG_20260329_152334_330.tiff,IMG_20260329_152334_330,Kruss,4,10X,3489,3684,YCT 25,"I-XII. CARCINÔM TUYẾN TIỀN LIỆT , GLEASON 4+4",Slide1-2,False,
IMG_20260329_152334_660.tiff,IMG_20260329_152334_660,Kruss,4,10X,3490,3684,YCT 25,"I-XII. CARCINÔM TUYẾN TIỀN LIỆT , GLEASON 4+4",Slide1-2,False,
IMG_20260329_152606_358.tiff,IMG_20260329_152606_358,Kruss,5,10X,3492,3684,YCT 25,"I-XII. CARCINÔM TUYẾN TIỀN LIỆT , GLEASON 4+4",Slide1-2,False,
IMG_20260329_152606_718.tiff,IMG_20260329_152606_718,Kruss,5,10X,3493,3684,YCT 25,"I-XII. CARCINÔM TUYẾN TIỀN LIỆT , GLEASON 4+4",Slide1-2,False,
IMG_20260329_152607_036.tiff,IMG_20260329_152607_036,Kruss,4,10X,3494,3684,YCT 25,"I-XII. CARCINÔM TUYẾN TIỀN LIỆT , GLEASON 4+4",Slide1-2,False,
IMG_20260329_152607_391.tiff,IMG_20260329_152607_391,Kruss,4,10X,3495,3684,YCT 25,"I-XII. CARCINÔM TUYẾN TIỀN LIỆT , GLEASON 4+4",Slide1-2,False,
IMG_20260329_152607_734.tiff,IMG_20260329_152607_734,Kruss,4,10X,3496,3684,YCT 25,"I-XII. CARCINÔM TUYẾN TIỀN LIỆT , GLEASON 4+4",Slide1-2,False,
IMG_20260329_152608_073.tiff,IMG_20260329_152608_073,Kruss,4,10X,3497,3684,YCT 25,"I-XII. CARCINÔM TUYẾN TIỀN LIỆT , GLEASON 4+4",Slide1-2,False,
IMG_20260329_152608_426.tiff,IMG_20260329_152608_426,Kruss,5,10X,3498,3684,YCT 25,"I-XII. CARCINÔM TUYẾN TIỀN LIỆT , GLEASON 4+4",Slide1-2,False,
IMG_20260329_152608_766.tiff,IMG_20260329_152608_766,Kruss,5,10X,3499,3684,YCT 25,"I-XII. CARCINÔM TUYẾN TIỀN LIỆT , GLEASON 4+4",Slide1-2,False,
IMG_20260329_153206_280.tiff,IMG_20260329_153206_280,Kruss,4,40X,3500,3684,YCT 25,"I-XII. CARCINÔM TUYẾN TIỀN LIỆT , GLEASON 4+4",Slide1-2,False,
IMG_20260329_153206_645.tiff,IMG_20260329_153206_645,Kruss,4,40X,3501,3684,YCT 25,"I-XII. CARCINÔM TUYẾN TIỀN LIỆT , GLEASON 4+4",Slide1-2,False,
IMG_20260329_153206_996.tiff,IMG_20260329_153206_996,Kruss,4,40X,3502,3684,YCT 25,"I-XII. CARCINÔM TUYẾN TIỀN LIỆT , GLEASON 4+4",Slide1-2,False,
IMG_20260329_153207_354.tiff,IMG_20260329_153207_354,Kruss,4,40X,3503,3684,YCT 25,"I-XII. CARCINÔM TUYẾN TIỀN LIỆT , GLEASON 4+4",Slide1-2,False,
IMG_20260329_153208_095.tiff,IMG_20260329_153208_095,Kruss,5,40X,3505,3684,YCT 25,"I-XII. CARCINÔM TUYẾN TIỀN LIỆT , GLEASON 4+4",Slide1-2,False,
IMG_20260329_152040_211.tiff,IMG_20260329_152040_211,Kruss,5,4X,3479,3684,YCT 25,"I-XII. CARCINÔM TUYẾN TIỀN LIỆT , GLEASON 4+4",Slide1-2,True,IMG_20260329_152040_211.tiff
IMG_20260329_152040_535.tiff,IMG_20260329_152040_535,Kruss,5,4X,3480,3684,YCT 25,"I-XII. CARCINÔM TUYẾN TIỀN LIỆT , GLEASON 4+4",Slide1-2,True,IMG_20260329_152040_535.tiff
IMG_20260329_152041_174.tiff,IMG_20260329_152041_174,Kruss,5,4X,3482,3684,YCT 25,"I-XII. CARCINÔM TUYẾN TIỀN LIỆT , GLEASON 4+4",Slide1-2,True,IMG_20260329_152041_174.tiff
IMG_20260329_152041_530.tiff,IMG_20260329_152041_530,Kruss,5,4X,3483,3684,YCT 25,"I-XII. CARCINÔM TUYẾN TIỀN LIỆT , GLEASON 4+4",Slide1-2,True,IMG_20260329_152041_530.tiff
IMG_20260329_163347_983.tiff,IMG_20260329_163347_983,Kruss,5,4X,3592,3684,YCT 25,"I-XII. CARCINÔM TUYẾN TIỀN LIỆT , GLEASON 4+4",Slide11-12,True,IMG_20260329_163347_983.tiff
IMG_20260329_155231_275.tiff,IMG_20260329_155231_275,Kruss,5,10X,3513,3684,YCT 25,"I-XII. CARCINÔM TUYẾN TIỀN LIỆT , GLEASON 4+4",Slide3-4,False,
IMG_20260329_155231_664.tiff,IMG_20260329_155231_664,Kruss,5,10X,3514,3684,YCT 25,"I-XII. CARCINÔM TUYẾN TIỀN LIỆT , GLEASON 4+4",Slide3-4,False,
IMG_20260329_155232_027.tiff,IMG_20260329_155232_027,Kruss,5,10X,3515,3684,YCT 25,"I-XII. CARCINÔM TUYẾN TIỀN LIỆT , GLEASON 4+4",Slide3-4,False,
IMG_20260329_155232_403.tiff,IMG_20260329_155232_403,Kruss,5,10X,3516,3684,YCT 25,"I-XII. CARCINÔM TUYẾN TIỀN LIỆT , GLEASON 4+4",Slide3-4,False,
IMG_20260329_155232_815.tiff,IMG_20260329_155232_815,Kruss,5,10X,3517,3684,YCT 25,"I-XII. CARCINÔM TUYẾN TIỀN LIỆT , GLEASON 4+4",Slide3-4,False,
IMG_20260329_155313_401.tiff,IMG_20260329_155313_401,Kruss,5,10X,3519,3684,YCT 25,"I-XII. CARCINÔM TUYẾN TIỀN LIỆT , GLEASON 4+4",Slide3-4,False,
IMG_20260329_155313_719.tiff,IMG_20260329_155313_719,Kruss,5,10X,3520,3684,YCT 25,"I-XII. CARCINÔM TUYẾN TIỀN LIỆT , GLEASON 4+4",Slide3-4,False,
IMG_20260329_155704_610.tiff,IMG_20260329_155704_610,Kruss,5,40X,3525,3684,YCT 25,"I-XII. CARCINÔM TUYẾN TIỀN LIỆT , GLEASON 4+4",Slide3-4,False,
IMG_20260329_155704_962.tiff,IMG_20260329_155704_962,Kruss,5,40X,3526,3684,YCT 25,"I-XII. CARCINÔM TUYẾN TIỀN LIỆT , GLEASON 4+4",Slide3-4,False,
IMG_20260329_155705_319.tiff,IMG_20260329_155705_319,Kruss,5,40X,3527,3684,YCT 25,"I-XII. CARCINÔM TUYẾN TIỀN LIỆT , GLEASON 4+4",Slide3-4,False,
IMG_20260329_155705_667.tiff,IMG_20260329_155705_667,Kruss,5,40X,3528,3684,YCT 25,"I-XII. CARCINÔM TUYẾN TIỀN LIỆT , GLEASON 4+4",Slide3-4,False,
IMG_20260329_155832_768.tiff,IMG_20260329_155832_768,Kruss,5,40X,3529,3684,YCT 25,"I-XII. CARCINÔM TUYẾN TIỀN LIỆT , GLEASON 4+4",Slide3-4,False,
IMG_20260329_155833_126.tiff,IMG_20260329_155833_126,Kruss,5,40X,3530,3684,YCT 25,"I-XII. CARCINÔM TUYẾN TIỀN LIỆT , GLEASON 4+4",Slide3-4,False,
IMG_20260329_155024_291.tiff,IMG_20260329_155024_291,Kruss,5,4X,3507,3684,YCT 25,"I-XII. CARCINÔM TUYẾN TIỀN LIỆT , GLEASON 4+4",Slide3-4,True,IMG_20260329_155024_291.tiff
IMG_20260329_155024_636.tiff,IMG_20260329_155024_636,Kruss,5,4X,3508,3684,YCT 25,"I-XII. CARCINÔM TUYẾN TIỀN LIỆT , GLEASON 4+4",Slide3-4,True,IMG_20260329_155024_636.tiff
IMG_20260329_155024_936.tiff,IMG_20260329_155024_936,Kruss,5,4X,3509,3684,YCT 25,"I-XII. CARCINÔM TUYẾN TIỀN LIỆT , GLEASON 4+4",Slide3-4,True,IMG_20260329_155024_936.tiff
IMG_20260329_160309_944.tiff,IMG_20260329_160309_944,Kruss,5,10X,3537,3684,YCT 25,"I-XII. CARCINÔM TUYẾN TIỀN LIỆT , GLEASON 4+4",Slide5-6,False,
IMG_20260329_160310_604.tiff,IMG_20260329_160310_604,Kruss,5,10X,3539,3684,YCT 25,"I-XII. CARCINÔM TUYẾN TIỀN LIỆT , GLEASON 4+4",Slide5-6,False,
IMG_20260329_160310_941.tiff,IMG_20260329_160310_941,Kruss,5,10X,3540,3684,YCT 25,"I-XII. CARCINÔM TUYẾN TIỀN LIỆT , GLEASON 4+4",Slide5-6,False,
IMG_20260329_160312_320.tiff,IMG_20260329_160312_320,Kruss,5,10X,3544,3684,YCT 25,"I-XII. CARCINÔM TUYẾN TIỀN LIỆT , GLEASON 4+4",Slide5-6,False,
IMG_20260329_160321_909.tiff,IMG_20260329_160321_909,Kruss,5,10X,3545,3684,YCT 25,"I-XII. CARCINÔM TUYẾN TIỀN LIỆT , GLEASON 4+4",Slide5-6,False,
IMG_20260329_160112_536.tiff,IMG_20260329_160112_536,Kruss,5,4X,3533,3684,YCT 25,"I-XII. CARCINÔM TUYẾN TIỀN LIỆT , GLEASON 4+4",Slide5-6,True,IMG_20260329_160112_536.tiff
IMG_20260329_160113_481.tiff,IMG_20260329_160113_481,Kruss,5,4X,3536,3684,YCT 25,"I-XII. CARCINÔM TUYẾN TIỀN LIỆT , GLEASON 4+4",Slide5-6,True,IMG_20260329_160113_481.tiff
IMG_20260329_161311_914.tiff,IMG_20260329_161311_914,Kruss,5,10X,3559,3684,YCT 25,"I-XII. CARCINÔM TUYẾN TIỀN LIỆT , GLEASON 4+4",Slide7-8,False,
IMG_20260329_161312_240.tiff,IMG_20260329_161312_240,Kruss,5,10X,3560,3684,YCT 25,"I-XII. CARCINÔM TUYẾN TIỀN LIỆT , GLEASON 4+4",Slide7-8,False,
IMG_20260329_161312_589.tiff,IMG_20260329_161312_589,Kruss,5,10X,3561,3684,YCT 25,"I-XII. CARCINÔM TUYẾN TIỀN LIỆT , GLEASON 4+4",Slide7-8,False,
IMG_20260329_161313_574.tiff,IMG_20260329_161313_574,Kruss,5,10X,3564,3684,YCT 25,"I-XII. CARCINÔM TUYẾN TIỀN LIỆT , GLEASON 4+4",Slide7-8,False,
IMG_20260329_161313_908.tiff,IMG_20260329_161313_908,Kruss,5,10X,3565,3684,YCT 25,"I-XII. CARCINÔM TUYẾN TIỀN LIỆT , GLEASON 4+4",Slide7-8,False,
IMG_20260329_161647_627.tiff,IMG_20260329_161647_627,Kruss,4,40X,3569,3684,YCT 25,"I-XII. CARCINÔM TUYẾN TIỀN LIỆT , GLEASON 4+4",Slide7-8,False,
IMG_20260329_161647_965.tiff,IMG_20260329_161647_965,Kruss,4,40X,3570,3684,YCT 25,"I-XII. CARCINÔM TUYẾN TIỀN LIỆT , GLEASON 4+4",Slide7-8,False,
IMG_20260329_161648_288.tiff,IMG_20260329_161648_288,Kruss,4,40X,3571,3684,YCT 25,"I-XII. CARCINÔM TUYẾN TIỀN LIỆT , GLEASON 4+4",Slide7-8,False,
IMG_20260329_161648_637.tiff,IMG_20260329_161648_637,Kruss,4,40X,3572,3684,YCT 25,"I-XII. CARCINÔM TUYẾN TIỀN LIỆT , GLEASON 4+4",Slide7-8,False,
IMG_20260329_161649_049.tiff,IMG_20260329_161649_049,Kruss,4,40X,3573,3684,YCT 25,"I-XII. CARCINÔM TUYẾN TIỀN LIỆT , GLEASON 4+4",Slide7-8,False,
IMG_20260329_161748_103.tiff,IMG_20260329_161748_103,Kruss,4,40X,3574,3684,YCT 25,"I-XII. CARCINÔM TUYẾN TIỀN LIỆT , GLEASON 4+4",Slide7-8,False,
IMG_20260329_161748_441.tiff,IMG_20260329_161748_441,Kruss,4,40X,3575,3684,YCT 25,"I-XII. CARCINÔM TUYẾN TIỀN LIỆT , GLEASON 4+4",Slide7-8,False,
IMG_20260329_161009_519.tiff,IMG_20260329_161009_519,Kruss,5,4X,3554,3684,YCT 25,"I-XII. CARCINÔM TUYẾN TIỀN LIỆT , GLEASON 4+4",Slide7-8,True,IMG_20260329_161009_519.tiff
IMG_20260329_161009_840.tiff,IMG_20260329_161009_840,Kruss,5,4X,3555,3684,YCT 25,"I-XII. CARCINÔM TUYẾN TIỀN LIỆT , GLEASON 4+4",Slide7-8,True,IMG_20260329_161009_840.tiff
IMG_20260329_161010_139.tiff,IMG_20260329_161010_139,Kruss,5,4X,3556,3684,YCT 25,"I-XII. CARCINÔM TUYẾN TIỀN LIỆT , GLEASON 4+4",Slide7-8,True,IMG_20260329_161010_139.tiff
IMG_20260329_150401_016.tiff,IMG_20260329_150401_016,Kruss,3,10X,3470,4085,YCT 25,"III,IV,XI,XII.CARCINÔM TUYẾN TIỀN LIỆT, GLEASON 3",Slide11-12,False,
IMG_20260329_151202_230.tiff,IMG_20260329_151202_230,Kruss,3,40X,3472,4085,YCT 25,"III,IV,XI,XII.CARCINÔM TUYẾN TIỀN LIỆT, GLEASON 3",Slide11-12,False,
IMG_20260329_151202_570.tiff,IMG_20260329_151202_570,Kruss,3,40X,3473,4085,YCT 25,"III,IV,XI,XII.CARCINÔM TUYẾN TIỀN LIỆT, GLEASON 3",Slide11-12,False,
IMG_20260329_151202_924.tiff,IMG_20260329_151202_924,Kruss,3,40X,3474,4085,YCT 25,"III,IV,XI,XII.CARCINÔM TUYẾN TIỀN LIỆT, GLEASON 3",Slide11-12,False,
IMG_20260329_151203_290.tiff,IMG_20260329_151203_290,Kruss,3,40X,3475,4085,YCT 25,"III,IV,XI,XII.CARCINÔM TUYẾN TIỀN LIỆT, GLEASON 3",Slide11-12,False,
IMG_20260329_114902_971.tiff,IMG_20260329_114902_971,Kruss,3,10X,3262,4085,YCT 25,"III,IV,XI,XII.CARCINÔM TUYẾN TIỀN LIỆT, GLEASON 3",Slide3-4,False,
IMG_20260329_120423_574.tiff,IMG_20260329_120423_574,Kruss,3,40X,3277,4085,YCT 25,"III,IV,XI,XII.CARCINÔM TUYẾN TIỀN LIỆT, GLEASON 3",Slide3-4,False,
IMG_20260329_120423_921.tiff,IMG_20260329_120423_921,Kruss,3,40X,3278,4085,YCT 25,"III,IV,XI,XII.CARCINÔM TUYẾN TIỀN LIỆT, GLEASON 3",Slide3-4,False,
IMG_20260329_120424_292.tiff,IMG_20260329_120424_292,Kruss,3,40X,3279,4085,YCT 25,"III,IV,XI,XII.CARCINÔM TUYẾN TIỀN LIỆT, GLEASON 3",Slide3-4,False,
IMG_20260329_120424_695.tiff,IMG_20260329_120424_695,Kruss,3,40X,3280,4085,YCT 25,"III,IV,XI,XII.CARCINÔM TUYẾN TIỀN LIỆT, GLEASON 3",Slide3-4,False,
IMG_20260329_120425_066.tiff,IMG_20260329_120425_066,Kruss,3,40X,3281,4085,YCT 25,"III,IV,XI,XII.CARCINÔM TUYẾN TIỀN LIỆT, GLEASON 3",Slide3-4,False,
IMG_20260329_120425_413.tiff,IMG_20260329_120425_413,Kruss,3,40X,3282,4085,YCT 25,"III,IV,XI,XII.CARCINÔM TUYẾN TIỀN LIỆT, GLEASON 3",Slide3-4,False,
IMG_20260329_114528_513.tiff,IMG_20260329_114528_513,Kruss,3,4X,3255,4085,YCT 25,"III,IV,XI,XII.CARCINÔM TUYẾN TIỀN LIỆT, GLEASON 3",Slide3-4,True,IMG_20260329_114528_513.tiff
IMG_20260329_143317_322.tiff,IMG_20260329_143317_322,Kruss,5,10X,3414,4085,YCT 25,"III,IV,XI,XII.CARCINÔM TUYẾN TIỀN LIỆT, GLEASON 3",Slide9-10,False,
IMG_20260329_143318_091.tiff,IMG_20260329_143318_091,Kruss,5,10X,3416,4085,YCT 25,"III,IV,XI,XII.CARCINÔM TUYẾN TIỀN LIỆT, GLEASON 3",Slide9-10,False,
IMG_20260327_114433_802.tiff,IMG_20260327_114433_802,Kruss,4,10X,2223,176,YCT 26,"I-XII. CARCINÔM TUYẾN TIỀN LIỆT , GLEASON 4+4",Slide1-2,False,
IMG_20260327_114434_127.tiff,IMG_20260327_114434_127,Kruss,4,10X,2224,176,YCT 26,"I-XII. CARCINÔM TUYẾN TIỀN LIỆT , GLEASON 4+4",Slide1-2,False,
IMG_20260327_114434_448.tiff,IMG_20260327_114434_448,Kruss,4,10X,2225,176,YCT 26,"I-XII. CARCINÔM TUYẾN TIỀN LIỆT , GLEASON 4+4",Slide1-2,False,
IMG_20260327_114855_871.tiff,IMG_20260327_114855_871,Kruss,5,40X,2228,176,YCT 26,"I-XII. CARCINÔM TUYẾN TIỀN LIỆT , GLEASON 4+4",Slide1-2,False,
IMG_20260327_114235_935.tiff,IMG_20260327_114235_935,Kruss,4,4X,2218,176,YCT 26,"I-XII. CARCINÔM TUYẾN TIỀN LIỆT , GLEASON 4+4",Slide1-2,True,IMG_20260327_114235_935.tiff
IMG_20260327_124058_530.tiff,IMG_20260327_124058_530,Kruss,5,10X,2318,176,YCT 26,"I-XII. CARCINÔM TUYẾN TIỀN LIỆT , GLEASON 4+4",Slide11-12,False,
IMG_20260327_124058_858.tiff,IMG_20260327_124058_858,Kruss,5,10X,2319,176,YCT 26,"I-XII. CARCINÔM TUYẾN TIỀN LIỆT , GLEASON 4+4",Slide11-12,False,
IMG_20260327_124059_169.tiff,IMG_20260327_124059_169,Kruss,5,10X,2320,176,YCT 26,"I-XII. CARCINÔM TUYẾN TIỀN LIỆT , GLEASON 4+4",Slide11-12,False,
IMG_20260327_124608_180.tiff,IMG_20260327_124608_180,Kruss,4,40X,2324,176,YCT 26,"I-XII. CARCINÔM TUYẾN TIỀN LIỆT , GLEASON 4+4",Slide11-12,False,
IMG_20260327_121358_240.tiff,IMG_20260327_121358_240,Kruss,4,10X,2282,176,YCT 26,"I-XII. CARCINÔM TUYẾN TIỀN LIỆT , GLEASON 4+4",Slide7-8,False,
IMG_20260327_121358_565.tiff,IMG_20260327_121358_565,Kruss,4,10X,2283,176,YCT 26,"I-XII. CARCINÔM TUYẾN TIỀN LIỆT , GLEASON 4+4",Slide7-8,False,
IMG_20260327_121358_942.tiff,IMG_20260327_121358_942,Kruss,4,10X,2284,176,YCT 26,"I-XII. CARCINÔM TUYẾN TIỀN LIỆT , GLEASON 4+4",Slide7-8,False,
IMG_20260327_121359_280.tiff,IMG_20260327_121359_280,Kruss,4,10X,2285,176,YCT 26,"I-XII. CARCINÔM TUYẾN TIỀN LIỆT , GLEASON 4+4",Slide7-8,False,
IMG_20260327_121359_600.tiff,IMG_20260327_121359_600,Kruss,4,10X,2286,176,YCT 26,"I-XII. CARCINÔM TUYẾN TIỀN LIỆT , GLEASON 4+4",Slide7-8,False,
IMG_20260327_121359_955.tiff,IMG_20260327_121359_955,Kruss,4,10X,2287,176,YCT 26,"I-XII. CARCINÔM TUYẾN TIỀN LIỆT , GLEASON 4+4",Slide7-8,False,
IMG_20260327_121427_196.tiff,IMG_20260327_121427_196,Kruss,4,10X,2289,176,YCT 26,"I-XII. CARCINÔM TUYẾN TIỀN LIỆT , GLEASON 4+4",Slide7-8,False,
IMG_20260327_121931_004.tiff,IMG_20260327_121931_004,Kruss,4,40X,2298,176,YCT 26,"I-XII. CARCINÔM TUYẾN TIỀN LIỆT , GLEASON 4+4",Slide7-8,False,
IMG_20260327_121130_456.tiff,IMG_20260327_121130_456,Kruss,4,4X,2275,176,YCT 26,"I-XII. CARCINÔM TUYẾN TIỀN LIỆT , GLEASON 4+4",Slide7-8,True,IMG_20260327_121130_456.tiff
IMG_20260327_121130_768.tiff,IMG_20260327_121130_768,Kruss,4,4X,2276,176,YCT 26,"I-XII. CARCINÔM TUYẾN TIỀN LIỆT , GLEASON 4+4",Slide7-8,True,IMG_20260327_121130_768.tiff
IMG_20260327_121131_090.tiff,IMG_20260327_121131_090,Kruss,4,4X,2277,176,YCT 26,"I-XII. CARCINÔM TUYẾN TIỀN LIỆT , GLEASON 4+4",Slide7-8,True,IMG_20260327_121131_090.tiff
IMG_20260327_121131_403.tiff,IMG_20260327_121131_403,Kruss,4,4X,2278,176,YCT 26,"I-XII. CARCINÔM TUYẾN TIỀN LIỆT , GLEASON 4+4",Slide7-8,True,IMG_20260327_121131_403.tiff
IMG_20260327_122753_763.tiff,IMG_20260327_122753_763,Kruss,4,10X,2304,176,YCT 26,"I-XII. CARCINÔM TUYẾN TIỀN LIỆT , GLEASON 4+4",Slide9-10,False,
IMG_20260327_122754_106.tiff,IMG_20260327_122754_106,Kruss,4,10X,2305,176,YCT 26,"I-XII. CARCINÔM TUYẾN TIỀN LIỆT , GLEASON 4+4",Slide9-10,False,
IMG_20260327_123322_938.tiff,IMG_20260327_123322_938,Kruss,4,40X,2309,176,YCT 26,"I-XII. CARCINÔM TUYẾN TIỀN LIỆT , GLEASON 4+4",Slide9-10,False,
IMG_20260327_123324_040.tiff,IMG_20260327_123324_040,Kruss,4,40X,2312,176,YCT 26,"I-XII. CARCINÔM TUYẾN TIỀN LIỆT , GLEASON 4+4",Slide9-10,False,
IMG_20260324_150438_274.tiff,IMG_20260324_150438_274,Kruss,0,10X,1032,215,YCT 26,I-XII.TĂNG SẢN LÀNH TÍNH TUYẾN TIỀN LIỆT,Slide1-2,False,
IMG_20260324_150438_629.tiff,IMG_20260324_150438_629,Kruss,0,10X,1033,215,YCT 26,I-XII.TĂNG SẢN LÀNH TÍNH TUYẾN TIỀN LIỆT,Slide1-2,False,
IMG_20260324_150439_018.tiff,IMG_20260324_150439_018,Kruss,0,10X,1034,215,YCT 26,I-XII.TĂNG SẢN LÀNH TÍNH TUYẾN TIỀN LIỆT,Slide1-2,False,
IMG_20260324_150439_372.tiff,IMG_20260324_150439_372,Kruss,0,10X,1035,215,YCT 26,I-XII.TĂNG SẢN LÀNH TÍNH TUYẾN TIỀN LIỆT,Slide1-2,False,
IMG_20260324_152202_482.tiff,IMG_20260324_152202_482,Kruss,0,10X,1036,215,YCT 26,I-XII.TĂNG SẢN LÀNH TÍNH TUYẾN TIỀN LIỆT,Slide1-2,False,
IMG_20260324_152204_933.tiff,IMG_20260324_152204_933,Kruss,0,10X,1037,215,YCT 26,I-XII.TĂNG SẢN LÀNH TÍNH TUYẾN TIỀN LIỆT,Slide1-2,False,
IMG_20260324_152205_907.tiff,IMG_20260324_152205_907,Kruss,0,10X,1038,215,YCT 26,I-XII.TĂNG SẢN LÀNH TÍNH TUYẾN TIỀN LIỆT,Slide1-2,False,
IMG_20260324_152206_326.tiff,IMG_20260324_152206_326,Kruss,0,10X,1039,215,YCT 26,I-XII.TĂNG SẢN LÀNH TÍNH TUYẾN TIỀN LIỆT,Slide1-2,False,
IMG_20260324_152454_138.tiff,IMG_20260324_152454_138,Kruss,0,10X,1040,215,YCT 26,I-XII.TĂNG SẢN LÀNH TÍNH TUYẾN TIỀN LIỆT,Slide1-2,False,
IMG_20260324_152454_473.tiff,IMG_20260324_152454_473,Kruss,0,10X,1041,215,YCT 26,I-XII.TĂNG SẢN LÀNH TÍNH TUYẾN TIỀN LIỆT,Slide1-2,False,
IMG_20260324_152454_800.tiff,IMG_20260324_152454_800,Kruss,0,10X,1042,215,YCT 26,I-XII.TĂNG SẢN LÀNH TÍNH TUYẾN TIỀN LIỆT,Slide1-2,False,
IMG_20260324_152455_155.tiff,IMG_20260324_152455_155,Kruss,0,10X,1043,215,YCT 26,I-XII.TĂNG SẢN LÀNH TÍNH TUYẾN TIỀN LIỆT,Slide1-2,False,
IMG_20260324_152612_727.tiff,IMG_20260324_152612_727,Kruss,0,10X,1044,215,YCT 26,I-XII.TĂNG SẢN LÀNH TÍNH TUYẾN TIỀN LIỆT,Slide1-2,False,
IMG_20260324_153100_259.tiff,IMG_20260324_153100_259,Kruss,0,40X,1045,215,YCT 26,I-XII.TĂNG SẢN LÀNH TÍNH TUYẾN TIỀN LIỆT,Slide1-2,False,
IMG_20260324_153100_638.tiff,IMG_20260324_153100_638,Kruss,0,40X,1046,215,YCT 26,I-XII.TĂNG SẢN LÀNH TÍNH TUYẾN TIỀN LIỆT,Slide1-2,False,
IMG_20260324_153100_977.tiff,IMG_20260324_153100_977,Kruss,0,40X,1047,215,YCT 26,I-XII.TĂNG SẢN LÀNH TÍNH TUYẾN TIỀN LIỆT,Slide1-2,False,
IMG_20260324_153101_317.tiff,IMG_20260324_153101_317,Kruss,0,40X,1048,215,YCT 26,I-XII.TĂNG SẢN LÀNH TÍNH TUYẾN TIỀN LIỆT,Slide1-2,False,
IMG_20260324_153405_996.tiff,IMG_20260324_153405_996,Kruss,0,40X,1049,215,YCT 26,I-XII.TĂNG SẢN LÀNH TÍNH TUYẾN TIỀN LIỆT,Slide1-2,False,
IMG_20260324_153406_364.tiff,IMG_20260324_153406_364,Kruss,0,40X,1050,215,YCT 26,I-XII.TĂNG SẢN LÀNH TÍNH TUYẾN TIỀN LIỆT,Slide1-2,False,
IMG_20260324_153406_695.tiff,IMG_20260324_153406_695,Kruss,0,40X,1051,215,YCT 26,I-XII.TĂNG SẢN LÀNH TÍNH TUYẾN TIỀN LIỆT,Slide1-2,False,
IMG_20260324_153407_015.tiff,IMG_20260324_153407_015,Kruss,0,40X,1052,215,YCT 26,I-XII.TĂNG SẢN LÀNH TÍNH TUYẾN TIỀN LIỆT,Slide1-2,False,
IMG_20260324_153638_443.tiff,IMG_20260324_153638_443,Kruss,0,40X,1053,215,YCT 26,I-XII.TĂNG SẢN LÀNH TÍNH TUYẾN TIỀN LIỆT,Slide1-2,False,
IMG_20260324_153638_772.tiff,IMG_20260324_153638_772,Kruss,0,40X,1054,215,YCT 26,I-XII.TĂNG SẢN LÀNH TÍNH TUYẾN TIỀN LIỆT,Slide1-2,False,
IMG_20260324_153639_113.tiff,IMG_20260324_153639_113,Kruss,0,40X,1055,215,YCT 26,I-XII.TĂNG SẢN LÀNH TÍNH TUYẾN TIỀN LIỆT,Slide1-2,False,
IMG_20260324_150032_195.tiff,IMG_20260324_150032_195,Kruss,0,4X,1026,215,YCT 26,I-XII.TĂNG SẢN LÀNH TÍNH TUYẾN TIỀN LIỆT,Slide1-2,True,IMG_20260324_150032_195.tiff
IMG_20260324_150032_527.tiff,IMG_20260324_150032_527,Kruss,0,4X,1027,215,YCT 26,I-XII.TĂNG SẢN LÀNH TÍNH TUYẾN TIỀN LIỆT,Slide1-2,True,IMG_20260324_150032_527.tiff
IMG_20260324_150032_924.tiff,IMG_20260324_150032_924,Kruss,0,4X,1028,215,YCT 26,I-XII.TĂNG SẢN LÀNH TÍNH TUYẾN TIỀN LIỆT,Slide1-2,True,IMG_20260324_150032_924.tiff
IMG_20260324_150033_243.tiff,IMG_20260324_150033_243,Kruss,0,4X,1029,215,YCT 26,I-XII.TĂNG SẢN LÀNH TÍNH TUYẾN TIỀN LIỆT,Slide1-2,True,IMG_20260324_150033_243.tiff
IMG_20260324_150141_288.tiff,IMG_20260324_150141_288,Kruss,0,4X,1030,215,YCT 26,I-XII.TĂNG SẢN LÀNH TÍNH TUYẾN TIỀN LIỆT,Slide1-2,True,IMG_20260324_150141_288.tiff
IMG_20260324_150141_623.tiff,IMG_20260324_150141_623,Kruss,0,4X,1031,215,YCT 26,I-XII.TĂNG SẢN LÀNH TÍNH TUYẾN TIỀN LIỆT,Slide1-2,True,IMG_20260324_150141_623.tiff
IMG_20260326_150150_788.tiff,IMG_20260326_150150_788,Kruss,0,10X,1931,215,YCT 26,I-XII.TĂNG SẢN LÀNH TÍNH TUYẾN TIỀN LIỆT,Slide11-12,False,
IMG_20260326_150151_116.tiff,IMG_20260326_150151_116,Kruss,0,10X,1932,215,YCT 26,I-XII.TĂNG SẢN LÀNH TÍNH TUYẾN TIỀN LIỆT,Slide11-12,False,
IMG_20260326_150151_454.tiff,IMG_20260326_150151_454,Kruss,0,10X,1933,215,YCT 26,I-XII.TĂNG SẢN LÀNH TÍNH TUYẾN TIỀN LIỆT,Slide11-12,False,
IMG_20260326_150152_114.tiff,IMG_20260326_150152_114,Kruss,0,10X,1935,215,YCT 26,I-XII.TĂNG SẢN LÀNH TÍNH TUYẾN TIỀN LIỆT,Slide11-12,False,
IMG_20260326_150152_465.tiff,IMG_20260326_150152_465,Kruss,0,10X,1936,215,YCT 26,I-XII.TĂNG SẢN LÀNH TÍNH TUYẾN TIỀN LIỆT,Slide11-12,False,
IMG_20260326_150152_811.tiff,IMG_20260326_150152_811,Kruss,0,10X,1937,215,YCT 26,I-XII.TĂNG SẢN LÀNH TÍNH TUYẾN TIỀN LIỆT,Slide11-12,False,
IMG_20260326_150332_686.tiff,IMG_20260326_150332_686,Kruss,0,10X,1939,215,YCT 26,I-XII.TĂNG SẢN LÀNH TÍNH TUYẾN TIỀN LIỆT,Slide11-12,False,
IMG_20260326_150333_017.tiff,IMG_20260326_150333_017,Kruss,0,10X,1940,215,YCT 26,I-XII.TĂNG SẢN LÀNH TÍNH TUYẾN TIỀN LIỆT,Slide11-12,False,
IMG_20260326_150333_385.tiff,IMG_20260326_150333_385,Kruss,0,10X,1941,215,YCT 26,I-XII.TĂNG SẢN LÀNH TÍNH TUYẾN TIỀN LIỆT,Slide11-12,False,
IMG_20260326_151116_255.tiff,IMG_20260326_151116_255,Kruss,0,40X,1943,215,YCT 26,I-XII.TĂNG SẢN LÀNH TÍNH TUYẾN TIỀN LIỆT,Slide11-12,False,
IMG_20260326_151116_605.tiff,IMG_20260326_151116_605,Kruss,0,40X,1944,215,YCT 26,I-XII.TĂNG SẢN LÀNH TÍNH TUYẾN TIỀN LIỆT,Slide11-12,False,
IMG_20260326_151116_953.tiff,IMG_20260326_151116_953,Kruss,0,40X,1945,215,YCT 26,I-XII.TĂNG SẢN LÀNH TÍNH TUYẾN TIỀN LIỆT,Slide11-12,False,
IMG_20260326_151117_298.tiff,IMG_20260326_151117_298,Kruss,0,40X,1946,215,YCT 26,I-XII.TĂNG SẢN LÀNH TÍNH TUYẾN TIỀN LIỆT,Slide11-12,False,
IMG_20260326_151117_647.tiff,IMG_20260326_151117_647,Kruss,0,40X,1947,215,YCT 26,I-XII.TĂNG SẢN LÀNH TÍNH TUYẾN TIỀN LIỆT,Slide11-12,False,
IMG_20260326_151117_992.tiff,IMG_20260326_151117_992,Kruss,0,40X,1948,215,YCT 26,I-XII.TĂNG SẢN LÀNH TÍNH TUYẾN TIỀN LIỆT,Slide11-12,False,
IMG_20260326_151118_335.tiff,IMG_20260326_151118_335,Kruss,0,40X,1949,215,YCT 26,I-XII.TĂNG SẢN LÀNH TÍNH TUYẾN TIỀN LIỆT,Slide11-12,False,
IMG_20260326_151118_655.tiff,IMG_20260326_151118_655,Kruss,0,40X,1950,215,YCT 26,I-XII.TĂNG SẢN LÀNH TÍNH TUYẾN TIỀN LIỆT,Slide11-12,False,
IMG_20260326_151416_528.tiff,IMG_20260326_151416_528,Kruss,0,40X,1951,215,YCT 26,I-XII.TĂNG SẢN LÀNH TÍNH TUYẾN TIỀN LIỆT,Slide11-12,False,
IMG_20260326_151416_900.tiff,IMG_20260326_151416_900,Kruss,0,40X,1952,215,YCT 26,I-XII.TĂNG SẢN LÀNH TÍNH TUYẾN TIỀN LIỆT,Slide11-12,False,
IMG_20260326_151417_246.tiff,IMG_20260326_151417_246,Kruss,0,40X,1953,215,YCT 26,I-XII.TĂNG SẢN LÀNH TÍNH TUYẾN TIỀN LIỆT,Slide11-12,False,
IMG_20260326_151417_583.tiff,IMG_20260326_151417_583,Kruss,0,40X,1954,215,YCT 26,I-XII.TĂNG SẢN LÀNH TÍNH TUYẾN TIỀN LIỆT,Slide11-12,False,
IMG_20260326_151417_917.tiff,IMG_20260326_151417_917,Kruss,0,40X,1955,215,YCT 26,I-XII.TĂNG SẢN LÀNH TÍNH TUYẾN TIỀN LIỆT,Slide11-12,False,
IMG_20260326_145937_909.tiff,IMG_20260326_145937_909,Kruss,0,4X,1926,215,YCT 26,I-XII.TĂNG SẢN LÀNH TÍNH TUYẾN TIỀN LIỆT,Slide11-12,True,IMG_20260326_145937_909.tiff
IMG_20260326_145938_365.tiff,IMG_20260326_145938_365,Kruss,0,4X,1927,215,YCT 26,I-XII.TĂNG SẢN LÀNH TÍNH TUYẾN TIỀN LIỆT,Slide11-12,True,IMG_20260326_145938_365.tiff
IMG_20260326_145938_679.tiff,IMG_20260326_145938_679,Kruss,0,4X,1928,215,YCT 26,I-XII.TĂNG SẢN LÀNH TÍNH TUYẾN TIỀN LIỆT,Slide11-12,True,IMG_20260326_145938_679.tiff
IMG_20260326_145939_006.tiff,IMG_20260326_145939_006,Kruss,0,4X,1929,215,YCT 26,I-XII.TĂNG SẢN LÀNH TÍNH TUYẾN TIỀN LIỆT,Slide11-12,True,IMG_20260326_145939_006.tiff
IMG_20260326_145939_338.tiff,IMG_20260326_145939_338,Kruss,0,4X,1930,215,YCT 26,I-XII.TĂNG SẢN LÀNH TÍNH TUYẾN TIỀN LIỆT,Slide11-12,True,IMG_20260326_145939_338.tiff
IMG_20260324_154436_095.tiff,IMG_20260324_154436_095,Kruss,0,10X,1065,215,YCT 26,I-XII.TĂNG SẢN LÀNH TÍNH TUYẾN TIỀN LIỆT,Slide3-4,False,
IMG_20260324_154436_437.tiff,IMG_20260324_154436_437,Kruss,0,10X,1066,215,YCT 26,I-XII.TĂNG SẢN LÀNH TÍNH TUYẾN TIỀN LIỆT,Slide3-4,False,
IMG_20260324_154516_699.tiff,IMG_20260324_154516_699,Kruss,0,10X,1067,215,YCT 26,I-XII.TĂNG SẢN LÀNH TÍNH TUYẾN TIỀN LIỆT,Slide3-4,False,
IMG_20260324_154517_022.tiff,IMG_20260324_154517_022,Kruss,0,10X,1068,215,YCT 26,I-XII.TĂNG SẢN LÀNH TÍNH TUYẾN TIỀN LIỆT,Slide3-4,False,
IMG_20260324_154517_366.tiff,IMG_20260324_154517_366,Kruss,0,10X,1069,215,YCT 26,I-XII.TĂNG SẢN LÀNH TÍNH TUYẾN TIỀN LIỆT,Slide3-4,False,
IMG_20260324_154517_703.tiff,IMG_20260324_154517_703,Kruss,0,10X,1070,215,YCT 26,I-XII.TĂNG SẢN LÀNH TÍNH TUYẾN TIỀN LIỆT,Slide3-4,False,
IMG_20260324_154637_891.tiff,IMG_20260324_154637_891,Kruss,0,10X,1071,215,YCT 26,I-XII.TĂNG SẢN LÀNH TÍNH TUYẾN TIỀN LIỆT,Slide3-4,False,
IMG_20260324_154638_236.tiff,IMG_20260324_154638_236,Kruss,0,10X,1072,215,YCT 26,I-XII.TĂNG SẢN LÀNH TÍNH TUYẾN TIỀN LIỆT,Slide3-4,False,
IMG_20260324_154638_542.tiff,IMG_20260324_154638_542,Kruss,0,10X,1073,215,YCT 26,I-XII.TĂNG SẢN LÀNH TÍNH TUYẾN TIỀN LIỆT,Slide3-4,False,
IMG_20260324_154638_890.tiff,IMG_20260324_154638_890,Kruss,0,10X,1074,215,YCT 26,I-XII.TĂNG SẢN LÀNH TÍNH TUYẾN TIỀN LIỆT,Slide3-4,False,
IMG_20260324_154700_050.tiff,IMG_20260324_154700_050,Kruss,0,10X,1075,215,YCT 26,I-XII.TĂNG SẢN LÀNH TÍNH TUYẾN TIỀN LIỆT,Slide3-4,False,
IMG_20260324_154700_400.tiff,IMG_20260324_154700_400,Kruss,0,10X,1076,215,YCT 26,I-XII.TĂNG SẢN LÀNH TÍNH TUYẾN TIỀN LIỆT,Slide3-4,False,
IMG_20260324_154912_854.tiff,IMG_20260324_154912_854,Kruss,0,40X,1077,215,YCT 26,I-XII.TĂNG SẢN LÀNH TÍNH TUYẾN TIỀN LIỆT,Slide3-4,False,
IMG_20260324_154913_234.tiff,IMG_20260324_154913_234,Kruss,0,40X,1078,215,YCT 26,I-XII.TĂNG SẢN LÀNH TÍNH TUYẾN TIỀN LIỆT,Slide3-4,False,
IMG_20260324_154913_626.tiff,IMG_20260324_154913_626,Kruss,0,40X,1079,215,YCT 26,I-XII.TĂNG SẢN LÀNH TÍNH TUYẾN TIỀN LIỆT,Slide3-4,False,
IMG_20260324_154913_979.tiff,IMG_20260324_154913_979,Kruss,0,40X,1080,215,YCT 26,I-XII.TĂNG SẢN LÀNH TÍNH TUYẾN TIỀN LIỆT,Slide3-4,False,
IMG_20260324_155135_226.tiff,IMG_20260324_155135_226,Kruss,0,40X,1081,215,YCT 26,I-XII.TĂNG SẢN LÀNH TÍNH TUYẾN TIỀN LIỆT,Slide3-4,False,
IMG_20260324_155135_604.tiff,IMG_20260324_155135_604,Kruss,0,40X,1082,215,YCT 26,I-XII.TĂNG SẢN LÀNH TÍNH TUYẾN TIỀN LIỆT,Slide3-4,False,
IMG_20260324_155135_987.tiff,IMG_20260324_155135_987,Kruss,0,40X,1083,215,YCT 26,I-XII.TĂNG SẢN LÀNH TÍNH TUYẾN TIỀN LIỆT,Slide3-4,False,
IMG_20260324_155136_348.tiff,IMG_20260324_155136_348,Kruss,0,40X,1084,215,YCT 26,I-XII.TĂNG SẢN LÀNH TÍNH TUYẾN TIỀN LIỆT,Slide3-4,False,
IMG_20260324_155334_682.tiff,IMG_20260324_155334_682,Kruss,0,40X,1085,215,YCT 26,I-XII.TĂNG SẢN LÀNH TÍNH TUYẾN TIỀN LIỆT,Slide3-4,False,
IMG_20260324_155335_077.tiff,IMG_20260324_155335_077,Kruss,0,40X,1086,215,YCT 26,I-XII.TĂNG SẢN LÀNH TÍNH TUYẾN TIỀN LIỆT,Slide3-4,False,
IMG_20260324_155335_427.tiff,IMG_20260324_155335_427,Kruss,0,40X,1087,215,YCT 26,I-XII.TĂNG SẢN LÀNH TÍNH TUYẾN TIỀN LIỆT,Slide3-4,False,
IMG_20260324_155335_771.tiff,IMG_20260324_155335_771,Kruss,0,40X,1088,215,YCT 26,I-XII.TĂNG SẢN LÀNH TÍNH TUYẾN TIỀN LIỆT,Slide3-4,False,
IMG_20260324_155517_230.tiff,IMG_20260324_155517_230,Kruss,0,40X,1089,215,YCT 26,I-XII.TĂNG SẢN LÀNH TÍNH TUYẾN TIỀN LIỆT,Slide3-4,False,
IMG_20260324_155517_580.tiff,IMG_20260324_155517_580,Kruss,0,40X,1090,215,YCT 26,I-XII.TĂNG SẢN LÀNH TÍNH TUYẾN TIỀN LIỆT,Slide3-4,False,
IMG_20260324_155517_958.tiff,IMG_20260324_155517_958,Kruss,0,40X,1091,215,YCT 26,I-XII.TĂNG SẢN LÀNH TÍNH TUYẾN TIỀN LIỆT,Slide3-4,False,
IMG_20260324_154123_993.tiff,IMG_20260324_154123_993,Kruss,0,4X,1056,215,YCT 26,I-XII.TĂNG SẢN LÀNH TÍNH TUYẾN TIỀN LIỆT,Slide3-4,True,IMG_20260324_154123_993.tiff
IMG_20260324_154124_305.tiff,IMG_20260324_154124_305,Kruss,0,4X,1057,215,YCT 26,I-XII.TĂNG SẢN LÀNH TÍNH TUYẾN TIỀN LIỆT,Slide3-4,True,IMG_20260324_154124_305.tiff
IMG_20260324_154124_622.tiff,IMG_20260324_154124_622,Kruss,0,4X,1058,215,YCT 26,I-XII.TĂNG SẢN LÀNH TÍNH TUYẾN TIỀN LIỆT,Slide3-4,True,IMG_20260324_154124_622.tiff
IMG_20260324_154124_941.tiff,IMG_20260324_154124_941,Kruss,0,4X,1059,215,YCT 26,I-XII.TĂNG SẢN LÀNH TÍNH TUYẾN TIỀN LIỆT,Slide3-4,True,IMG_20260324_154124_941.tiff
IMG_20260324_154243_261.tiff,IMG_20260324_154243_261,Kruss,0,4X,1060,215,YCT 26,I-XII.TĂNG SẢN LÀNH TÍNH TUYẾN TIỀN LIỆT,Slide3-4,True,IMG_20260324_154243_261.tiff
IMG_20260324_154243_582.tiff,IMG_20260324_154243_582,Kruss,0,4X,1061,215,YCT 26,I-XII.TĂNG SẢN LÀNH TÍNH TUYẾN TIỀN LIỆT,Slide3-4,True,IMG_20260324_154243_582.tiff
IMG_20260324_154243_890.tiff,IMG_20260324_154243_890,Kruss,0,4X,1062,215,YCT 26,I-XII.TĂNG SẢN LÀNH TÍNH TUYẾN TIỀN LIỆT,Slide3-4,True,IMG_20260324_154243_890.tiff
IMG_20260326_140128_261.tiff,IMG_20260326_140128_261,Kruss,0,10X,1855,215,YCT 26,I-XII.TĂNG SẢN LÀNH TÍNH TUYẾN TIỀN LIỆT,Slide5-6,False,
IMG_20260326_140128_771.tiff,IMG_20260326_140128_771,Kruss,0,10X,1856,215,YCT 26,I-XII.TĂNG SẢN LÀNH TÍNH TUYẾN TIỀN LIỆT,Slide5-6,False,
IMG_20260326_140129_100.tiff,IMG_20260326_140129_100,Kruss,0,10X,1857,215,YCT 26,I-XII.TĂNG SẢN LÀNH TÍNH TUYẾN TIỀN LIỆT,Slide5-6,False,
IMG_20260326_140129_406.tiff,IMG_20260326_140129_406,Kruss,0,10X,1858,215,YCT 26,I-XII.TĂNG SẢN LÀNH TÍNH TUYẾN TIỀN LIỆT,Slide5-6,False,
IMG_20260326_140129_750.tiff,IMG_20260326_140129_750,Kruss,0,10X,1859,215,YCT 26,I-XII.TĂNG SẢN LÀNH TÍNH TUYẾN TIỀN LIỆT,Slide5-6,False,
IMG_20260326_140130_061.tiff,IMG_20260326_140130_061,Kruss,0,10X,1860,215,YCT 26,I-XII.TĂNG SẢN LÀNH TÍNH TUYẾN TIỀN LIỆT,Slide5-6,False,
IMG_20260326_140130_374.tiff,IMG_20260326_140130_374,Kruss,0,10X,1861,215,YCT 26,I-XII.TĂNG SẢN LÀNH TÍNH TUYẾN TIỀN LIỆT,Slide5-6,False,
IMG_20260326_140130_715.tiff,IMG_20260326_140130_715,Kruss,0,10X,1862,215,YCT 26,I-XII.TĂNG SẢN LÀNH TÍNH TUYẾN TIỀN LIỆT,Slide5-6,False,
IMG_20260326_140257_468.tiff,IMG_20260326_140257_468,Kruss,0,10X,1863,215,YCT 26,I-XII.TĂNG SẢN LÀNH TÍNH TUYẾN TIỀN LIỆT,Slide5-6,False,
IMG_20260326_140257_822.tiff,IMG_20260326_140257_822,Kruss,0,10X,1864,215,YCT 26,I-XII.TĂNG SẢN LÀNH TÍNH TUYẾN TIỀN LIỆT,Slide5-6,False,
IMG_20260326_140258_160.tiff,IMG_20260326_140258_160,Kruss,0,10X,1865,215,YCT 26,I-XII.TĂNG SẢN LÀNH TÍNH TUYẾN TIỀN LIỆT,Slide5-6,False,
IMG_20260326_142214_380.tiff,IMG_20260326_142214_380,Kruss,0,40X,1866,215,YCT 26,I-XII.TĂNG SẢN LÀNH TÍNH TUYẾN TIỀN LIỆT,Slide5-6,False,
IMG_20260326_142214_725.tiff,IMG_20260326_142214_725,Kruss,0,40X,1867,215,YCT 26,I-XII.TĂNG SẢN LÀNH TÍNH TUYẾN TIỀN LIỆT,Slide5-6,False,
IMG_20260326_142215_073.tiff,IMG_20260326_142215_073,Kruss,0,40X,1868,215,YCT 26,I-XII.TĂNG SẢN LÀNH TÍNH TUYẾN TIỀN LIỆT,Slide5-6,False,
IMG_20260326_142215_414.tiff,IMG_20260326_142215_414,Kruss,0,40X,1869,215,YCT 26,I-XII.TĂNG SẢN LÀNH TÍNH TUYẾN TIỀN LIỆT,Slide5-6,False,
IMG_20260326_142215_751.tiff,IMG_20260326_142215_751,Kruss,0,40X,1870,215,YCT 26,I-XII.TĂNG SẢN LÀNH TÍNH TUYẾN TIỀN LIỆT,Slide5-6,False,
IMG_20260326_142216_439.tiff,IMG_20260326_142216_439,Kruss,0,40X,1872,215,YCT 26,I-XII.TĂNG SẢN LÀNH TÍNH TUYẾN TIỀN LIỆT,Slide5-6,False,
IMG_20260326_142216_789.tiff,IMG_20260326_142216_789,Kruss,0,40X,1873,215,YCT 26,I-XII.TĂNG SẢN LÀNH TÍNH TUYẾN TIỀN LIỆT,Slide5-6,False,
IMG_20260326_142704_678.tiff,IMG_20260326_142704_678,Kruss,0,40X,1874,215,YCT 26,I-XII.TĂNG SẢN LÀNH TÍNH TUYẾN TIỀN LIỆT,Slide5-6,False,
IMG_20260326_142705_029.tiff,IMG_20260326_142705_029,Kruss,0,40X,1875,215,YCT 26,I-XII.TĂNG SẢN LÀNH TÍNH TUYẾN TIỀN LIỆT,Slide5-6,False,
IMG_20260326_142705_406.tiff,IMG_20260326_142705_406,Kruss,0,40X,1876,215,YCT 26,I-XII.TĂNG SẢN LÀNH TÍNH TUYẾN TIỀN LIỆT,Slide5-6,False,
IMG_20260326_142705_765.tiff,IMG_20260326_142705_765,Kruss,0,40X,1877,215,YCT 26,I-XII.TĂNG SẢN LÀNH TÍNH TUYẾN TIỀN LIỆT,Slide5-6,False,
IMG_20260326_142706_114.tiff,IMG_20260326_142706_114,Kruss,0,40X,1878,215,YCT 26,I-XII.TĂNG SẢN LÀNH TÍNH TUYẾN TIỀN LIỆT,Slide5-6,False,
IMG_20260326_142706_517.tiff,IMG_20260326_142706_517,Kruss,0,40X,1879,215,YCT 26,I-XII.TĂNG SẢN LÀNH TÍNH TUYẾN TIỀN LIỆT,Slide5-6,False,
IMG_20260326_142706_881.tiff,IMG_20260326_142706_881,Kruss,0,40X,1880,215,YCT 26,I-XII.TĂNG SẢN LÀNH TÍNH TUYẾN TIỀN LIỆT,Slide5-6,False,
IMG_20260326_142707_221.tiff,IMG_20260326_142707_221,Kruss,0,40X,1881,215,YCT 26,I-XII.TĂNG SẢN LÀNH TÍNH TUYẾN TIỀN LIỆT,Slide5-6,False,
IMG_20260326_135731_763.tiff,IMG_20260326_135731_763,Kruss,0,4X,1847,215,YCT 26,I-XII.TĂNG SẢN LÀNH TÍNH TUYẾN TIỀN LIỆT,Slide5-6,True,IMG_20260326_135731_763.tiff
IMG_20260326_135732_085.tiff,IMG_20260326_135732_085,Kruss,0,4X,1848,215,YCT 26,I-XII.TĂNG SẢN LÀNH TÍNH TUYẾN TIỀN LIỆT,Slide5-6,True,IMG_20260326_135732_085.tiff
IMG_20260326_135732_399.tiff,IMG_20260326_135732_399,Kruss,0,4X,1849,215,YCT 26,I-XII.TĂNG SẢN LÀNH TÍNH TUYẾN TIỀN LIỆT,Slide5-6,True,IMG_20260326_135732_399.tiff
IMG_20260326_135733_033.tiff,IMG_20260326_135733_033,Kruss,0,4X,1851,215,YCT 26,I-XII.TĂNG SẢN LÀNH TÍNH TUYẾN TIỀN LIỆT,Slide5-6,True,IMG_20260326_135733_033.tiff
IMG_20260326_135733_392.tiff,IMG_20260326_135733_392,Kruss,0,4X,1852,215,YCT 26,I-XII.TĂNG SẢN LÀNH TÍNH TUYẾN TIỀN LIỆT,Slide5-6,True,IMG_20260326_135733_392.tiff
IMG_20260326_135733_733.tiff,IMG_20260326_135733_733,Kruss,0,4X,1853,215,YCT 26,I-XII.TĂNG SẢN LÀNH TÍNH TUYẾN TIỀN LIỆT,Slide5-6,True,IMG_20260326_135733_733.tiff
IMG_20260326_143336_146.tiff,IMG_20260326_143336_146,Kruss,0,10X,1888,215,YCT 26,I-XII.TĂNG SẢN LÀNH TÍNH TUYẾN TIỀN LIỆT,Slide7-8,False,
IMG_20260326_143336_475.tiff,IMG_20260326_143336_475,Kruss,0,10X,1889,215,YCT 26,I-XII.TĂNG SẢN LÀNH TÍNH TUYẾN TIỀN LIỆT,Slide7-8,False,
IMG_20260326_143336_779.tiff,IMG_20260326_143336_779,Kruss,0,10X,1890,215,YCT 26,I-XII.TĂNG SẢN LÀNH TÍNH TUYẾN TIỀN LIỆT,Slide7-8,False,
IMG_20260326_143337_115.tiff,IMG_20260326_143337_115,Kruss,0,10X,1891,215,YCT 26,I-XII.TĂNG SẢN LÀNH TÍNH TUYẾN TIỀN LIỆT,Slide7-8,False,
IMG_20260326_143337_729.tiff,IMG_20260326_143337_729,Kruss,0,10X,1893,215,YCT 26,I-XII.TĂNG SẢN LÀNH TÍNH TUYẾN TIỀN LIỆT,Slide7-8,False,
IMG_20260326_143338_082.tiff,IMG_20260326_143338_082,Kruss,0,10X,1894,215,YCT 26,I-XII.TĂNG SẢN LÀNH TÍNH TUYẾN TIỀN LIỆT,Slide7-8,False,
IMG_20260326_143338_410.tiff,IMG_20260326_143338_410,Kruss,0,10X,1895,215,YCT 26,I-XII.TĂNG SẢN LÀNH TÍNH TUYẾN TIỀN LIỆT,Slide7-8,False,
IMG_20260326_143658_993.tiff,IMG_20260326_143658_993,Kruss,0,10X,1896,215,YCT 26,I-XII.TĂNG SẢN LÀNH TÍNH TUYẾN TIỀN LIỆT,Slide7-8,False,
IMG_20260326_143659_311.tiff,IMG_20260326_143659_311,Kruss,0,10X,1897,215,YCT 26,I-XII.TĂNG SẢN LÀNH TÍNH TUYẾN TIỀN LIỆT,Slide7-8,False,
IMG_20260326_143659_628.tiff,IMG_20260326_143659_628,Kruss,0,10X,1898,215,YCT 26,I-XII.TĂNG SẢN LÀNH TÍNH TUYẾN TIỀN LIỆT,Slide7-8,False,
IMG_20260326_143659_964.tiff,IMG_20260326_143659_964,Kruss,0,10X,1899,215,YCT 26,I-XII.TĂNG SẢN LÀNH TÍNH TUYẾN TIỀN LIỆT,Slide7-8,False,
IMG_20260326_143700_308.tiff,IMG_20260326_143700_308,Kruss,0,10X,1900,215,YCT 26,I-XII.TĂNG SẢN LÀNH TÍNH TUYẾN TIỀN LIỆT,Slide7-8,False,
IMG_20260326_144339_045.tiff,IMG_20260326_144339_045,Kruss,0,40X,1901,215,YCT 26,I-XII.TĂNG SẢN LÀNH TÍNH TUYẾN TIỀN LIỆT,Slide7-8,False,
IMG_20260326_144339_416.tiff,IMG_20260326_144339_416,Kruss,0,40X,1902,215,YCT 26,I-XII.TĂNG SẢN LÀNH TÍNH TUYẾN TIỀN LIỆT,Slide7-8,False,
IMG_20260326_144339_766.tiff,IMG_20260326_144339_766,Kruss,0,40X,1903,215,YCT 26,I-XII.TĂNG SẢN LÀNH TÍNH TUYẾN TIỀN LIỆT,Slide7-8,False,
IMG_20260326_144340_483.tiff,IMG_20260326_144340_483,Kruss,0,40X,1905,215,YCT 26,I-XII.TĂNG SẢN LÀNH TÍNH TUYẾN TIỀN LIỆT,Slide7-8,False,
IMG_20260326_144340_826.tiff,IMG_20260326_144340_826,Kruss,0,40X,1906,215,YCT 26,I-XII.TĂNG SẢN LÀNH TÍNH TUYẾN TIỀN LIỆT,Slide7-8,False,
IMG_20260326_144341_184.tiff,IMG_20260326_144341_184,Kruss,0,40X,1907,215,YCT 26,I-XII.TĂNG SẢN LÀNH TÍNH TUYẾN TIỀN LIỆT,Slide7-8,False,
IMG_20260326_144341_519.tiff,IMG_20260326_144341_519,Kruss,0,40X,1908,215,YCT 26,I-XII.TĂNG SẢN LÀNH TÍNH TUYẾN TIỀN LIỆT,Slide7-8,False,
IMG_20260326_144941_601.tiff,IMG_20260326_144941_601,Kruss,0,40X,1909,215,YCT 26,I-XII.TĂNG SẢN LÀNH TÍNH TUYẾN TIỀN LIỆT,Slide7-8,False,
IMG_20260326_144941_962.tiff,IMG_20260326_144941_962,Kruss,0,40X,1910,215,YCT 26,I-XII.TĂNG SẢN LÀNH TÍNH TUYẾN TIỀN LIỆT,Slide7-8,False,
IMG_20260326_144942_362.tiff,IMG_20260326_144942_362,Kruss,0,40X,1911,215,YCT 26,I-XII.TĂNG SẢN LÀNH TÍNH TUYẾN TIỀN LIỆT,Slide7-8,False,
IMG_20260326_144942_730.tiff,IMG_20260326_144942_730,Kruss,0,40X,1912,215,YCT 26,I-XII.TĂNG SẢN LÀNH TÍNH TUYẾN TIỀN LIỆT,Slide7-8,False,
IMG_20260326_144943_092.tiff,IMG_20260326_144943_092,Kruss,0,40X,1913,215,YCT 26,I-XII.TĂNG SẢN LÀNH TÍNH TUYẾN TIỀN LIỆT,Slide7-8,False,
IMG_20260326_144943_441.tiff,IMG_20260326_144943_441,Kruss,0,40X,1914,215,YCT 26,I-XII.TĂNG SẢN LÀNH TÍNH TUYẾN TIỀN LIỆT,Slide7-8,False,
IMG_20260326_144943_814.tiff,IMG_20260326_144943_814,Kruss,0,40X,1915,215,YCT 26,I-XII.TĂNG SẢN LÀNH TÍNH TUYẾN TIỀN LIỆT,Slide7-8,False,
IMG_20260326_144944_188.tiff,IMG_20260326_144944_188,Kruss,0,40X,1916,215,YCT 26,I-XII.TĂNG SẢN LÀNH TÍNH TUYẾN TIỀN LIỆT,Slide7-8,False,
IMG_20260326_145349_148.tiff,IMG_20260326_145349_148,Kruss,0,40X,1917,215,YCT 26,I-XII.TĂNG SẢN LÀNH TÍNH TUYẾN TIỀN LIỆT,Slide7-8,False,
IMG_20260326_145349_812.tiff,IMG_20260326_145349_812,Kruss,0,40X,1918,215,YCT 26,I-XII.TĂNG SẢN LÀNH TÍNH TUYẾN TIỀN LIỆT,Slide7-8,False,
IMG_20260326_145350_176.tiff,IMG_20260326_145350_176,Kruss,0,40X,1919,215,YCT 26,I-XII.TĂNG SẢN LÀNH TÍNH TUYẾN TIỀN LIỆT,Slide7-8,False,
IMG_20260326_145350_543.tiff,IMG_20260326_145350_543,Kruss,0,40X,1920,215,YCT 26,I-XII.TĂNG SẢN LÀNH TÍNH TUYẾN TIỀN LIỆT,Slide7-8,False,
IMG_20260326_145350_900.tiff,IMG_20260326_145350_900,Kruss,0,40X,1921,215,YCT 26,I-XII.TĂNG SẢN LÀNH TÍNH TUYẾN TIỀN LIỆT,Slide7-8,False,
IMG_20260326_145351_299.tiff,IMG_20260326_145351_299,Kruss,0,40X,1922,215,YCT 26,I-XII.TĂNG SẢN LÀNH TÍNH TUYẾN TIỀN LIỆT,Slide7-8,False,
IMG_20260326_145351_667.tiff,IMG_20260326_145351_667,Kruss,0,40X,1923,215,YCT 26,I-XII.TĂNG SẢN LÀNH TÍNH TUYẾN TIỀN LIỆT,Slide7-8,False,
IMG_20260326_145352_034.tiff,IMG_20260326_145352_034,Kruss,0,40X,1924,215,YCT 26,I-XII.TĂNG SẢN LÀNH TÍNH TUYẾN TIỀN LIỆT,Slide7-8,False,
IMG_20260326_145525_063.tiff,IMG_20260326_145525_063,Kruss,0,40X,1925,215,YCT 26,I-XII.TĂNG SẢN LÀNH TÍNH TUYẾN TIỀN LIỆT,Slide7-8,False,
IMG_20260326_143025_098.tiff,IMG_20260326_143025_098,Kruss,0,4X,1883,215,YCT 26,I-XII.TĂNG SẢN LÀNH TÍNH TUYẾN TIỀN LIỆT,Slide7-8,True,IMG_20260326_143025_098.tiff
IMG_20260326_143025_420.tiff,IMG_20260326_143025_420,Kruss,0,4X,1884,215,YCT 26,I-XII.TĂNG SẢN LÀNH TÍNH TUYẾN TIỀN LIỆT,Slide7-8,True,IMG_20260326_143025_420.tiff
IMG_20260326_143025_744.tiff,IMG_20260326_143025_744,Kruss,0,4X,1885,215,YCT 26,I-XII.TĂNG SẢN LÀNH TÍNH TUYẾN TIỀN LIỆT,Slide7-8,True,IMG_20260326_143025_744.tiff
IMG_20260326_143026_059.tiff,IMG_20260326_143026_059,Kruss,0,4X,1886,215,YCT 26,I-XII.TĂNG SẢN LÀNH TÍNH TUYẾN TIỀN LIỆT,Slide7-8,True,IMG_20260326_143026_059.tiff
IMG_20260326_143026_369.tiff,IMG_20260326_143026_369,Kruss,0,4X,1887,215,YCT 26,I-XII.TĂNG SẢN LÀNH TÍNH TUYẾN TIỀN LIỆT,Slide7-8,True,IMG_20260326_143026_369.tiff
IMG_20260324_160020_115.tiff,IMG_20260324_160020_115,Kruss,0,10X,1098,215,YCT 26,I-XII.TĂNG SẢN LÀNH TÍNH TUYẾN TIỀN LIỆT,Slide9-10,False,
IMG_20260324_160020_480.tiff,IMG_20260324_160020_480,Kruss,0,10X,1099,215,YCT 26,I-XII.TĂNG SẢN LÀNH TÍNH TUYẾN TIỀN LIỆT,Slide9-10,False,
IMG_20260324_160020_807.tiff,IMG_20260324_160020_807,Kruss,0,10X,1100,215,YCT 26,I-XII.TĂNG SẢN LÀNH TÍNH TUYẾN TIỀN LIỆT,Slide9-10,False,
IMG_20260324_160021_142.tiff,IMG_20260324_160021_142,Kruss,0,10X,1101,215,YCT 26,I-XII.TĂNG SẢN LÀNH TÍNH TUYẾN TIỀN LIỆT,Slide9-10,False,
IMG_20260324_160142_065.tiff,IMG_20260324_160142_065,Kruss,0,10X,1102,215,YCT 26,I-XII.TĂNG SẢN LÀNH TÍNH TUYẾN TIỀN LIỆT,Slide9-10,False,
IMG_20260324_160142_408.tiff,IMG_20260324_160142_408,Kruss,0,10X,1103,215,YCT 26,I-XII.TĂNG SẢN LÀNH TÍNH TUYẾN TIỀN LIỆT,Slide9-10,False,
IMG_20260324_160142_750.tiff,IMG_20260324_160142_750,Kruss,0,10X,1104,215,YCT 26,I-XII.TĂNG SẢN LÀNH TÍNH TUYẾN TIỀN LIỆT,Slide9-10,False,
IMG_20260324_160143_081.tiff,IMG_20260324_160143_081,Kruss,0,10X,1105,215,YCT 26,I-XII.TĂNG SẢN LÀNH TÍNH TUYẾN TIỀN LIỆT,Slide9-10,False,
IMG_20260324_160212_121.tiff,IMG_20260324_160212_121,Kruss,0,10X,1106,215,YCT 26,I-XII.TĂNG SẢN LÀNH TÍNH TUYẾN TIỀN LIỆT,Slide9-10,False,
IMG_20260324_160212_470.tiff,IMG_20260324_160212_470,Kruss,0,10X,1107,215,YCT 26,I-XII.TĂNG SẢN LÀNH TÍNH TUYẾN TIỀN LIỆT,Slide9-10,False,
IMG_20260324_160212_793.tiff,IMG_20260324_160212_793,Kruss,0,10X,1108,215,YCT 26,I-XII.TĂNG SẢN LÀNH TÍNH TUYẾN TIỀN LIỆT,Slide9-10,False,
IMG_20260324_160213_099.tiff,IMG_20260324_160213_099,Kruss,0,10X,1109,215,YCT 26,I-XII.TĂNG SẢN LÀNH TÍNH TUYẾN TIỀN LIỆT,Slide9-10,False,
IMG_20260324_160512_087.tiff,IMG_20260324_160512_087,Kruss,0,40X,1111,215,YCT 26,I-XII.TĂNG SẢN LÀNH TÍNH TUYẾN TIỀN LIỆT,Slide9-10,False,
IMG_20260324_160512_435.tiff,IMG_20260324_160512_435,Kruss,0,40X,1112,215,YCT 26,I-XII.TĂNG SẢN LÀNH TÍNH TUYẾN TIỀN LIỆT,Slide9-10,False,
IMG_20260324_160512_812.tiff,IMG_20260324_160512_812,Kruss,0,40X,1113,215,YCT 26,I-XII.TĂNG SẢN LÀNH TÍNH TUYẾN TIỀN LIỆT,Slide9-10,False,
IMG_20260324_160635_480.tiff,IMG_20260324_160635_480,Kruss,0,40X,1114,215,YCT 26,I-XII.TĂNG SẢN LÀNH TÍNH TUYẾN TIỀN LIỆT,Slide9-10,False,
IMG_20260324_160635_837.tiff,IMG_20260324_160635_837,Kruss,0,40X,1115,215,YCT 26,I-XII.TĂNG SẢN LÀNH TÍNH TUYẾN TIỀN LIỆT,Slide9-10,False,
IMG_20260324_160636_213.tiff,IMG_20260324_160636_213,Kruss,0,40X,1116,215,YCT 26,I-XII.TĂNG SẢN LÀNH TÍNH TUYẾN TIỀN LIỆT,Slide9-10,False,
IMG_20260324_160636_573.tiff,IMG_20260324_160636_573,Kruss,0,40X,1117,215,YCT 26,I-XII.TĂNG SẢN LÀNH TÍNH TUYẾN TIỀN LIỆT,Slide9-10,False,
IMG_20260324_160746_564.tiff,IMG_20260324_160746_564,Kruss,0,40X,1118,215,YCT 26,I-XII.TĂNG SẢN LÀNH TÍNH TUYẾN TIỀN LIỆT,Slide9-10,False,
IMG_20260324_160746_911.tiff,IMG_20260324_160746_911,Kruss,0,40X,1119,215,YCT 26,I-XII.TĂNG SẢN LÀNH TÍNH TUYẾN TIỀN LIỆT,Slide9-10,False,
IMG_20260324_160747_261.tiff,IMG_20260324_160747_261,Kruss,0,40X,1120,215,YCT 26,I-XII.TĂNG SẢN LÀNH TÍNH TUYẾN TIỀN LIỆT,Slide9-10,False,
IMG_20260324_160747_614.tiff,IMG_20260324_160747_614,Kruss,0,40X,1121,215,YCT 26,I-XII.TĂNG SẢN LÀNH TÍNH TUYẾN TIỀN LIỆT,Slide9-10,False,
IMG_20260324_160832_916.tiff,IMG_20260324_160832_916,Kruss,0,40X,1122,215,YCT 26,I-XII.TĂNG SẢN LÀNH TÍNH TUYẾN TIỀN LIỆT,Slide9-10,False,
IMG_20260324_160833_278.tiff,IMG_20260324_160833_278,Kruss,0,40X,1123,215,YCT 26,I-XII.TĂNG SẢN LÀNH TÍNH TUYẾN TIỀN LIỆT,Slide9-10,False,
IMG_20260324_160833_634.tiff,IMG_20260324_160833_634,Kruss,0,40X,1124,215,YCT 26,I-XII.TĂNG SẢN LÀNH TÍNH TUYẾN TIỀN LIỆT,Slide9-10,False,
IMG_20260324_155802_798.tiff,IMG_20260324_155802_798,Kruss,0,4X,1092,215,YCT 26,I-XII.TĂNG SẢN LÀNH TÍNH TUYẾN TIỀN LIỆT,Slide9-10,True,IMG_20260324_155802_798.tiff
IMG_20260324_155803_118.tiff,IMG_20260324_155803_118,Kruss,0,4X,1093,215,YCT 26,I-XII.TĂNG SẢN LÀNH TÍNH TUYẾN TIỀN LIỆT,Slide9-10,True,IMG_20260324_155803_118.tiff
IMG_20260324_155803_435.tiff,IMG_20260324_155803_435,Kruss,0,4X,1094,215,YCT 26,I-XII.TĂNG SẢN LÀNH TÍNH TUYẾN TIỀN LIỆT,Slide9-10,True,IMG_20260324_155803_435.tiff
IMG_20260324_155803_756.tiff,IMG_20260324_155803_756,Kruss,0,4X,1095,215,YCT 26,I-XII.TĂNG SẢN LÀNH TÍNH TUYẾN TIỀN LIỆT,Slide9-10,True,IMG_20260324_155803_756.tiff
IMG_20260324_155842_402.tiff,IMG_20260324_155842_402,Kruss,0,4X,1096,215,YCT 26,I-XII.TĂNG SẢN LÀNH TÍNH TUYẾN TIỀN LIỆT,Slide9-10,True,IMG_20260324_155842_402.tiff
IMG_20260324_155842_713.tiff,IMG_20260324_155842_713,Kruss,0,4X,1097,215,YCT 26,I-XII.TĂNG SẢN LÀNH TÍNH TUYẾN TIỀN LIỆT,Slide9-10,True,IMG_20260324_155842_713.tiff
IMG_20260328_112539_391.tiff,IMG_20260328_112539_391,Kruss,0,10X,2942,54,YCT 26,I-XII. TĂNG SẢN LÀNH TÍNH TUYẾN TIỀN LIỆT KÈM VIÊM CẤP TÍNH,Slide1-2,False,
IMG_20260328_112539_726.tiff,IMG_20260328_112539_726,Kruss,0,10X,2943,54,YCT 26,I-XII. TĂNG SẢN LÀNH TÍNH TUYẾN TIỀN LIỆT KÈM VIÊM CẤP TÍNH,Slide1-2,False,
IMG_20260328_112540_088.tiff,IMG_20260328_112540_088,Kruss,0,10X,2944,54,YCT 26,I-XII. TĂNG SẢN LÀNH TÍNH TUYẾN TIỀN LIỆT KÈM VIÊM CẤP TÍNH,Slide1-2,False,
IMG_20260328_112540_437.tiff,IMG_20260328_112540_437,Kruss,0,10X,2945,54,YCT 26,I-XII. TĂNG SẢN LÀNH TÍNH TUYẾN TIỀN LIỆT KÈM VIÊM CẤP TÍNH,Slide1-2,False,
IMG_20260328_112540_782.tiff,IMG_20260328_112540_782,Kruss,0,10X,2946,54,YCT 26,I-XII. TĂNG SẢN LÀNH TÍNH TUYẾN TIỀN LIỆT KÈM VIÊM CẤP TÍNH,Slide1-2,False,
IMG_20260328_112718_914.tiff,IMG_20260328_112718_914,Kruss,0,10X,2947,54,YCT 26,I-XII. TĂNG SẢN LÀNH TÍNH TUYẾN TIỀN LIỆT KÈM VIÊM CẤP TÍNH,Slide1-2,False,
IMG_20260328_112719_286.tiff,IMG_20260328_112719_286,Kruss,0,10X,2948,54,YCT 26,I-XII. TĂNG SẢN LÀNH TÍNH TUYẾN TIỀN LIỆT KÈM VIÊM CẤP TÍNH,Slide1-2,False,
IMG_20260328_112719_632.tiff,IMG_20260328_112719_632,Kruss,0,10X,2949,54,YCT 26,I-XII. TĂNG SẢN LÀNH TÍNH TUYẾN TIỀN LIỆT KÈM VIÊM CẤP TÍNH,Slide1-2,False,
IMG_20260328_112719_990.tiff,IMG_20260328_112719_990,Kruss,0,10X,2950,54,YCT 26,I-XII. TĂNG SẢN LÀNH TÍNH TUYẾN TIỀN LIỆT KÈM VIÊM CẤP TÍNH,Slide1-2,False,
IMG_20260328_112720_323.tiff,IMG_20260328_112720_323,Kruss,0,10X,2951,54,YCT 26,I-XII. TĂNG SẢN LÀNH TÍNH TUYẾN TIỀN LIỆT KÈM VIÊM CẤP TÍNH,Slide1-2,False,
IMG_20260328_112720_663.tiff,IMG_20260328_112720_663,Kruss,0,10X,2952,54,YCT 26,I-XII. TĂNG SẢN LÀNH TÍNH TUYẾN TIỀN LIỆT KÈM VIÊM CẤP TÍNH,Slide1-2,False,
IMG_20260328_112721_031.tiff,IMG_20260328_112721_031,Kruss,0,10X,2953,54,YCT 26,I-XII. TĂNG SẢN LÀNH TÍNH TUYẾN TIỀN LIỆT KÈM VIÊM CẤP TÍNH,Slide1-2,False,
IMG_20260328_112721_349.tiff,IMG_20260328_112721_349,Kruss,0,10X,2954,54,YCT 26,I-XII. TĂNG SẢN LÀNH TÍNH TUYẾN TIỀN LIỆT KÈM VIÊM CẤP TÍNH,Slide1-2,False,
IMG_20260328_112929_613.tiff,IMG_20260328_112929_613,Kruss,0,10X,2955,54,YCT 26,I-XII. TĂNG SẢN LÀNH TÍNH TUYẾN TIỀN LIỆT KÈM VIÊM CẤP TÍNH,Slide1-2,False,
IMG_20260328_112929_991.tiff,IMG_20260328_112929_991,Kruss,0,10X,2956,54,YCT 26,I-XII. TĂNG SẢN LÀNH TÍNH TUYẾN TIỀN LIỆT KÈM VIÊM CẤP TÍNH,Slide1-2,False,
IMG_20260328_112930_367.tiff,IMG_20260328_112930_367,Kruss,0,10X,2957,54,YCT 26,I-XII. TĂNG SẢN LÀNH TÍNH TUYẾN TIỀN LIỆT KÈM VIÊM CẤP TÍNH,Slide1-2,False,
IMG_20260328_112930_724.tiff,IMG_20260328_112930_724,Kruss,0,10X,2958,54,YCT 26,I-XII. TĂNG SẢN LÀNH TÍNH TUYẾN TIỀN LIỆT KÈM VIÊM CẤP TÍNH,Slide1-2,False,
IMG_20260328_112931_099.tiff,IMG_20260328_112931_099,Kruss,0,10X,2959,54,YCT 26,I-XII. TĂNG SẢN LÀNH TÍNH TUYẾN TIỀN LIỆT KÈM VIÊM CẤP TÍNH,Slide1-2,False,
IMG_20260328_112931_481.tiff,IMG_20260328_112931_481,Kruss,0,10X,2960,54,YCT 26,I-XII. TĂNG SẢN LÀNH TÍNH TUYẾN TIỀN LIỆT KÈM VIÊM CẤP TÍNH,Slide1-2,False,
IMG_20260328_112931_845.tiff,IMG_20260328_112931_845,Kruss,0,10X,2961,54,YCT 26,I-XII. TĂNG SẢN LÀNH TÍNH TUYẾN TIỀN LIỆT KÈM VIÊM CẤP TÍNH,Slide1-2,False,
IMG_20260328_112932_173.tiff,IMG_20260328_112932_173,Kruss,0,10X,2962,54,YCT 26,I-XII. TĂNG SẢN LÀNH TÍNH TUYẾN TIỀN LIỆT KÈM VIÊM CẤP TÍNH,Slide1-2,False,
IMG_20260328_113517_806.tiff,IMG_20260328_113517_806,Kruss,0,40X,2963,54,YCT 26,I-XII. TĂNG SẢN LÀNH TÍNH TUYẾN TIỀN LIỆT KÈM VIÊM CẤP TÍNH,Slide1-2,False,
IMG_20260328_113518_196.tiff,IMG_20260328_113518_196,Kruss,0,40X,2964,54,YCT 26,I-XII. TĂNG SẢN LÀNH TÍNH TUYẾN TIỀN LIỆT KÈM VIÊM CẤP TÍNH,Slide1-2,False,
IMG_20260328_113518_551.tiff,IMG_20260328_113518_551,Kruss,0,40X,2965,54,YCT 26,I-XII. TĂNG SẢN LÀNH TÍNH TUYẾN TIỀN LIỆT KÈM VIÊM CẤP TÍNH,Slide1-2,False,
IMG_20260328_113518_910.tiff,IMG_20260328_113518_910,Kruss,0,40X,2966,54,YCT 26,I-XII. TĂNG SẢN LÀNH TÍNH TUYẾN TIỀN LIỆT KÈM VIÊM CẤP TÍNH,Slide1-2,False,
IMG_20260328_113519_259.tiff,IMG_20260328_113519_259,Kruss,0,40X,2967,54,YCT 26,I-XII. TĂNG SẢN LÀNH TÍNH TUYẾN TIỀN LIỆT KÈM VIÊM CẤP TÍNH,Slide1-2,False,
IMG_20260328_113519_605.tiff,IMG_20260328_113519_605,Kruss,0,40X,2968,54,YCT 26,I-XII. TĂNG SẢN LÀNH TÍNH TUYẾN TIỀN LIỆT KÈM VIÊM CẤP TÍNH,Slide1-2,False,
IMG_20260328_113519_937.tiff,IMG_20260328_113519_937,Kruss,0,40X,2969,54,YCT 26,I-XII. TĂNG SẢN LÀNH TÍNH TUYẾN TIỀN LIỆT KÈM VIÊM CẤP TÍNH,Slide1-2,False,
IMG_20260328_113520_288.tiff,IMG_20260328_113520_288,Kruss,0,40X,2970,54,YCT 26,I-XII. TĂNG SẢN LÀNH TÍNH TUYẾN TIỀN LIỆT KÈM VIÊM CẤP TÍNH,Slide1-2,False,
IMG_20260328_114023_155.tiff,IMG_20260328_114023_155,Kruss,0,40X,2971,54,YCT 26,I-XII. TĂNG SẢN LÀNH TÍNH TUYẾN TIỀN LIỆT KÈM VIÊM CẤP TÍNH,Slide1-2,False,
IMG_20260328_114023_497.tiff,IMG_20260328_114023_497,Kruss,0,40X,2972,54,YCT 26,I-XII. TĂNG SẢN LÀNH TÍNH TUYẾN TIỀN LIỆT KÈM VIÊM CẤP TÍNH,Slide1-2,False,
IMG_20260328_114023_838.tiff,IMG_20260328_114023_838,Kruss,0,40X,2973,54,YCT 26,I-XII. TĂNG SẢN LÀNH TÍNH TUYẾN TIỀN LIỆT KÈM VIÊM CẤP TÍNH,Slide1-2,False,
IMG_20260328_114024_191.tiff,IMG_20260328_114024_191,Kruss,0,40X,2974,54,YCT 26,I-XII. TĂNG SẢN LÀNH TÍNH TUYẾN TIỀN LIỆT KÈM VIÊM CẤP TÍNH,Slide1-2,False,
IMG_20260328_114024_532.tiff,IMG_20260328_114024_532,Kruss,0,40X,2975,54,YCT 26,I-XII. TĂNG SẢN LÀNH TÍNH TUYẾN TIỀN LIỆT KÈM VIÊM CẤP TÍNH,Slide1-2,False,
IMG_20260328_114024_884.tiff,IMG_20260328_114024_884,Kruss,0,40X,2976,54,YCT 26,I-XII. TĂNG SẢN LÀNH TÍNH TUYẾN TIỀN LIỆT KÈM VIÊM CẤP TÍNH,Slide1-2,False,
IMG_20260328_114025_255.tiff,IMG_20260328_114025_255,Kruss,0,40X,2977,54,YCT 26,I-XII. TĂNG SẢN LÀNH TÍNH TUYẾN TIỀN LIỆT KÈM VIÊM CẤP TÍNH,Slide1-2,False,
IMG_20260328_114025_608.tiff,IMG_20260328_114025_608,Kruss,0,40X,2978,54,YCT 26,I-XII. TĂNG SẢN LÀNH TÍNH TUYẾN TIỀN LIỆT KÈM VIÊM CẤP TÍNH,Slide1-2,False,
IMG_20260328_114442_530.tiff,IMG_20260328_114442_530,Kruss,0,40X,2979,54,YCT 26,I-XII. TĂNG SẢN LÀNH TÍNH TUYẾN TIỀN LIỆT KÈM VIÊM CẤP TÍNH,Slide1-2,False,
IMG_20260328_114442_883.tiff,IMG_20260328_114442_883,Kruss,0,40X,2980,54,YCT 26,I-XII. TĂNG SẢN LÀNH TÍNH TUYẾN TIỀN LIỆT KÈM VIÊM CẤP TÍNH,Slide1-2,False,
IMG_20260328_114443_260.tiff,IMG_20260328_114443_260,Kruss,0,40X,2981,54,YCT 26,I-XII. TĂNG SẢN LÀNH TÍNH TUYẾN TIỀN LIỆT KÈM VIÊM CẤP TÍNH,Slide1-2,False,
IMG_20260328_114443_609.tiff,IMG_20260328_114443_609,Kruss,0,40X,2982,54,YCT 26,I-XII. TĂNG SẢN LÀNH TÍNH TUYẾN TIỀN LIỆT KÈM VIÊM CẤP TÍNH,Slide1-2,False,
IMG_20260328_114443_955.tiff,IMG_20260328_114443_955,Kruss,0,40X,2983,54,YCT 26,I-XII. TĂNG SẢN LÀNH TÍNH TUYẾN TIỀN LIỆT KÈM VIÊM CẤP TÍNH,Slide1-2,False,
IMG_20260328_114444_331.tiff,IMG_20260328_114444_331,Kruss,0,40X,2984,54,YCT 26,I-XII. TĂNG SẢN LÀNH TÍNH TUYẾN TIỀN LIỆT KÈM VIÊM CẤP TÍNH,Slide1-2,False,
IMG_20260328_114444_697.tiff,IMG_20260328_114444_697,Kruss,0,40X,2985,54,YCT 26,I-XII. TĂNG SẢN LÀNH TÍNH TUYẾN TIỀN LIỆT KÈM VIÊM CẤP TÍNH,Slide1-2,False,
IMG_20260328_114445_075.tiff,IMG_20260328_114445_075,Kruss,0,40X,2986,54,YCT 26,I-XII. TĂNG SẢN LÀNH TÍNH TUYẾN TIỀN LIỆT KÈM VIÊM CẤP TÍNH,Slide1-2,False,
IMG_20260328_114637_221.tiff,IMG_20260328_114637_221,Kruss,0,40X,2987,54,YCT 26,I-XII. TĂNG SẢN LÀNH TÍNH TUYẾN TIỀN LIỆT KÈM VIÊM CẤP TÍNH,Slide1-2,False,
IMG_20260328_114637_913.tiff,IMG_20260328_114637_913,Kruss,0,40X,2989,54,YCT 26,I-XII. TĂNG SẢN LÀNH TÍNH TUYẾN TIỀN LIỆT KÈM VIÊM CẤP TÍNH,Slide1-2,False,
IMG_20260328_114638_262.tiff,IMG_20260328_114638_262,Kruss,0,40X,2990,54,YCT 26,I-XII. TĂNG SẢN LÀNH TÍNH TUYẾN TIỀN LIỆT KÈM VIÊM CẤP TÍNH,Slide1-2,False,
IMG_20260328_112158_320.tiff,IMG_20260328_112158_320,Kruss,0,4X,2931,54,YCT 26,I-XII. TĂNG SẢN LÀNH TÍNH TUYẾN TIỀN LIỆT KÈM VIÊM CẤP TÍNH,Slide1-2,True,IMG_20260328_112158_320.tiff
IMG_20260328_112158_668.tiff,IMG_20260328_112158_668,Kruss,0,4X,2932,54,YCT 26,I-XII. TĂNG SẢN LÀNH TÍNH TUYẾN TIỀN LIỆT KÈM VIÊM CẤP TÍNH,Slide1-2,True,IMG_20260328_112158_668.tiff
IMG_20260328_112158_999.tiff,IMG_20260328_112158_999,Kruss,0,4X,2933,54,YCT 26,I-XII. TĂNG SẢN LÀNH TÍNH TUYẾN TIỀN LIỆT KÈM VIÊM CẤP TÍNH,Slide1-2,True,IMG_20260328_112158_999.tiff
IMG_20260328_112159_328.tiff,IMG_20260328_112159_328,Kruss,0,4X,2934,54,YCT 26,I-XII. TĂNG SẢN LÀNH TÍNH TUYẾN TIỀN LIỆT KÈM VIÊM CẤP TÍNH,Slide1-2,True,IMG_20260328_112159_328.tiff
IMG_20260328_112159_729.tiff,IMG_20260328_112159_729,Kruss,0,4X,2935,54,YCT 26,I-XII. TĂNG SẢN LÀNH TÍNH TUYẾN TIỀN LIỆT KÈM VIÊM CẤP TÍNH,Slide1-2,True,IMG_20260328_112159_729.tiff
IMG_20260328_112200_072.tiff,IMG_20260328_112200_072,Kruss,0,4X,2936,54,YCT 26,I-XII. TĂNG SẢN LÀNH TÍNH TUYẾN TIỀN LIỆT KÈM VIÊM CẤP TÍNH,Slide1-2,True,IMG_20260328_112200_072.tiff
IMG_20260328_112234_725.tiff,IMG_20260328_112234_725,Kruss,0,4X,2937,54,YCT 26,I-XII. TĂNG SẢN LÀNH TÍNH TUYẾN TIỀN LIỆT KÈM VIÊM CẤP TÍNH,Slide1-2,True,IMG_20260328_112234_725.tiff
IMG_20260328_112235_060.tiff,IMG_20260328_112235_060,Kruss,0,4X,2938,54,YCT 26,I-XII. TĂNG SẢN LÀNH TÍNH TUYẾN TIỀN LIỆT KÈM VIÊM CẤP TÍNH,Slide1-2,True,IMG_20260328_112235_060.tiff
IMG_20260328_133301_452.tiff,IMG_20260328_133301_452,Kruss,0,10X,3189,54,YCT 26,I-XII. TĂNG SẢN LÀNH TÍNH TUYẾN TIỀN LIỆT KÈM VIÊM CẤP TÍNH,Slide11-12,False,
IMG_20260328_133301_794.tiff,IMG_20260328_133301_794,Kruss,0,10X,3190,54,YCT 26,I-XII. TĂNG SẢN LÀNH TÍNH TUYẾN TIỀN LIỆT KÈM VIÊM CẤP TÍNH,Slide11-12,False,
IMG_20260328_133302_128.tiff,IMG_20260328_133302_128,Kruss,0,10X,3191,54,YCT 26,I-XII. TĂNG SẢN LÀNH TÍNH TUYẾN TIỀN LIỆT KÈM VIÊM CẤP TÍNH,Slide11-12,False,
IMG_20260328_133302_463.tiff,IMG_20260328_133302_463,Kruss,0,10X,3192,54,YCT 26,I-XII. TĂNG SẢN LÀNH TÍNH TUYẾN TIỀN LIỆT KÈM VIÊM CẤP TÍNH,Slide11-12,False,
IMG_20260328_133302_833.tiff,IMG_20260328_133302_833,Kruss,0,10X,3193,54,YCT 26,I-XII. TĂNG SẢN LÀNH TÍNH TUYẾN TIỀN LIỆT KÈM VIÊM CẤP TÍNH,Slide11-12,False,
IMG_20260328_133303_188.tiff,IMG_20260328_133303_188,Kruss,0,10X,3194,54,YCT 26,I-XII. TĂNG SẢN LÀNH TÍNH TUYẾN TIỀN LIỆT KÈM VIÊM CẤP TÍNH,Slide11-12,False,
IMG_20260328_133303_547.tiff,IMG_20260328_133303_547,Kruss,0,10X,3195,54,YCT 26,I-XII. TĂNG SẢN LÀNH TÍNH TUYẾN TIỀN LIỆT KÈM VIÊM CẤP TÍNH,Slide11-12,False,
IMG_20260328_133303_911.tiff,IMG_20260328_133303_911,Kruss,0,10X,3196,54,YCT 26,I-XII. TĂNG SẢN LÀNH TÍNH TUYẾN TIỀN LIỆT KÈM VIÊM CẤP TÍNH,Slide11-12,False,
IMG_20260328_133359_558.tiff,IMG_20260328_133359_558,Kruss,0,10X,3197,54,YCT 26,I-XII. TĂNG SẢN LÀNH TÍNH TUYẾN TIỀN LIỆT KÈM VIÊM CẤP TÍNH,Slide11-12,False,
IMG_20260328_133359_905.tiff,IMG_20260328_133359_905,Kruss,0,10X,3198,54,YCT 26,I-XII. TĂNG SẢN LÀNH TÍNH TUYẾN TIỀN LIỆT KÈM VIÊM CẤP TÍNH,Slide11-12,False,
IMG_20260328_133400_258.tiff,IMG_20260328_133400_258,Kruss,0,10X,3199,54,YCT 26,I-XII. TĂNG SẢN LÀNH TÍNH TUYẾN TIỀN LIỆT KÈM VIÊM CẤP TÍNH,Slide11-12,False,
IMG_20260328_133400_596.tiff,IMG_20260328_133400_596,Kruss,0,10X,3200,54,YCT 26,I-XII. TĂNG SẢN LÀNH TÍNH TUYẾN TIỀN LIỆT KÈM VIÊM CẤP TÍNH,Slide11-12,False,
IMG_20260328_133905_737.tiff,IMG_20260328_133905_737,Kruss,0,40X,3201,54,YCT 26,I-XII. TĂNG SẢN LÀNH TÍNH TUYẾN TIỀN LIỆT KÈM VIÊM CẤP TÍNH,Slide11-12,False,
IMG_20260328_133906_115.tiff,IMG_20260328_133906_115,Kruss,0,40X,3202,54,YCT 26,I-XII. TĂNG SẢN LÀNH TÍNH TUYẾN TIỀN LIỆT KÈM VIÊM CẤP TÍNH,Slide11-12,False,
IMG_20260328_133906_446.tiff,IMG_20260328_133906_446,Kruss,0,40X,3203,54,YCT 26,I-XII. TĂNG SẢN LÀNH TÍNH TUYẾN TIỀN LIỆT KÈM VIÊM CẤP TÍNH,Slide11-12,False,
IMG_20260328_133906_807.tiff,IMG_20260328_133906_807,Kruss,0,40X,3204,54,YCT 26,I-XII. TĂNG SẢN LÀNH TÍNH TUYẾN TIỀN LIỆT KÈM VIÊM CẤP TÍNH,Slide11-12,False,
IMG_20260328_133907_169.tiff,IMG_20260328_133907_169,Kruss,0,40X,3205,54,YCT 26,I-XII. TĂNG SẢN LÀNH TÍNH TUYẾN TIỀN LIỆT KÈM VIÊM CẤP TÍNH,Slide11-12,False,
IMG_20260328_133907_550.tiff,IMG_20260328_133907_550,Kruss,0,40X,3206,54,YCT 26,I-XII. TĂNG SẢN LÀNH TÍNH TUYẾN TIỀN LIỆT KÈM VIÊM CẤP TÍNH,Slide11-12,False,
IMG_20260328_133907_913.tiff,IMG_20260328_133907_913,Kruss,0,40X,3207,54,YCT 26,I-XII. TĂNG SẢN LÀNH TÍNH TUYẾN TIỀN LIỆT KÈM VIÊM CẤP TÍNH,Slide11-12,False,
IMG_20260328_133908_294.tiff,IMG_20260328_133908_294,Kruss,0,40X,3208,54,YCT 26,I-XII. TĂNG SẢN LÀNH TÍNH TUYẾN TIỀN LIỆT KÈM VIÊM CẤP TÍNH,Slide11-12,False,
IMG_20260328_134400_604.tiff,IMG_20260328_134400_604,Kruss,0,40X,3209,54,YCT 26,I-XII. TĂNG SẢN LÀNH TÍNH TUYẾN TIỀN LIỆT KÈM VIÊM CẤP TÍNH,Slide11-12,False,
IMG_20260328_134400_990.tiff,IMG_20260328_134400_990,Kruss,0,40X,3210,54,YCT 26,I-XII. TĂNG SẢN LÀNH TÍNH TUYẾN TIỀN LIỆT KÈM VIÊM CẤP TÍNH,Slide11-12,False,
IMG_20260328_134401_352.tiff,IMG_20260328_134401_352,Kruss,0,40X,3211,54,YCT 26,I-XII. TĂNG SẢN LÀNH TÍNH TUYẾN TIỀN LIỆT KÈM VIÊM CẤP TÍNH,Slide11-12,False,
IMG_20260328_134401_743.tiff,IMG_20260328_134401_743,Kruss,0,40X,3212,54,YCT 26,I-XII. TĂNG SẢN LÀNH TÍNH TUYẾN TIỀN LIỆT KÈM VIÊM CẤP TÍNH,Slide11-12,False,
IMG_20260328_134402_143.tiff,IMG_20260328_134402_143,Kruss,0,40X,3213,54,YCT 26,I-XII. TĂNG SẢN LÀNH TÍNH TUYẾN TIỀN LIỆT KÈM VIÊM CẤP TÍNH,Slide11-12,False,
IMG_20260328_134402_551.tiff,IMG_20260328_134402_551,Kruss,0,40X,3214,54,YCT 26,I-XII. TĂNG SẢN LÀNH TÍNH TUYẾN TIỀN LIỆT KÈM VIÊM CẤP TÍNH,Slide11-12,False,
IMG_20260328_134402_917.tiff,IMG_20260328_134402_917,Kruss,0,40X,3215,54,YCT 26,I-XII. TĂNG SẢN LÀNH TÍNH TUYẾN TIỀN LIỆT KÈM VIÊM CẤP TÍNH,Slide11-12,False,
IMG_20260328_134403_268.tiff,IMG_20260328_134403_268,Kruss,0,40X,3216,54,YCT 26,I-XII. TĂNG SẢN LÀNH TÍNH TUYẾN TIỀN LIỆT KÈM VIÊM CẤP TÍNH,Slide11-12,False,
IMG_20260328_132840_191.tiff,IMG_20260328_132840_191,Kruss,0,4X,3183,54,YCT 26,I-XII. TĂNG SẢN LÀNH TÍNH TUYẾN TIỀN LIỆT KÈM VIÊM CẤP TÍNH,Slide11-12,True,IMG_20260328_132840_191.tiff
IMG_20260328_132840_502.tiff,IMG_20260328_132840_502,Kruss,0,4X,3184,54,YCT 26,I-XII. TĂNG SẢN LÀNH TÍNH TUYẾN TIỀN LIỆT KÈM VIÊM CẤP TÍNH,Slide11-12,True,IMG_20260328_132840_502.tiff
IMG_20260328_132840_824.tiff,IMG_20260328_132840_824,Kruss,0,4X,3185,54,YCT 26,I-XII. TĂNG SẢN LÀNH TÍNH TUYẾN TIỀN LIỆT KÈM VIÊM CẤP TÍNH,Slide11-12,True,IMG_20260328_132840_824.tiff
IMG_20260328_132841_466.tiff,IMG_20260328_132841_466,Kruss,0,4X,3187,54,YCT 26,I-XII. TĂNG SẢN LÀNH TÍNH TUYẾN TIỀN LIỆT KÈM VIÊM CẤP TÍNH,Slide11-12,True,IMG_20260328_132841_466.tiff
IMG_20260328_132841_785.tiff,IMG_20260328_132841_785,Kruss,0,4X,3188,54,YCT 26,I-XII. TĂNG SẢN LÀNH TÍNH TUYẾN TIỀN LIỆT KÈM VIÊM CẤP TÍNH,Slide11-12,True,IMG_20260328_132841_785.tiff
IMG_20260328_115401_369.tiff,IMG_20260328_115401_369,Kruss,0,10X,2996,54,YCT 26,I-XII. TĂNG SẢN LÀNH TÍNH TUYẾN TIỀN LIỆT KÈM VIÊM CẤP TÍNH,Slide3-4,False,
IMG_20260328_115401_721.tiff,IMG_20260328_115401_721,Kruss,0,10X,2997,54,YCT 26,I-XII. TĂNG SẢN LÀNH TÍNH TUYẾN TIỀN LIỆT KÈM VIÊM CẤP TÍNH,Slide3-4,False,
IMG_20260328_115402_056.tiff,IMG_20260328_115402_056,Kruss,0,10X,2998,54,YCT 26,I-XII. TĂNG SẢN LÀNH TÍNH TUYẾN TIỀN LIỆT KÈM VIÊM CẤP TÍNH,Slide3-4,False,
IMG_20260328_115402_407.tiff,IMG_20260328_115402_407,Kruss,0,10X,2999,54,YCT 26,I-XII. TĂNG SẢN LÀNH TÍNH TUYẾN TIỀN LIỆT KÈM VIÊM CẤP TÍNH,Slide3-4,False,
IMG_20260328_115402_793.tiff,IMG_20260328_115402_793,Kruss,0,10X,3000,54,YCT 26,I-XII. TĂNG SẢN LÀNH TÍNH TUYẾN TIỀN LIỆT KÈM VIÊM CẤP TÍNH,Slide3-4,False,
IMG_20260328_115403_158.tiff,IMG_20260328_115403_158,Kruss,0,10X,3001,54,YCT 26,I-XII. TĂNG SẢN LÀNH TÍNH TUYẾN TIỀN LIỆT KÈM VIÊM CẤP TÍNH,Slide3-4,False,
IMG_20260328_115403_522.tiff,IMG_20260328_115403_522,Kruss,0,10X,3002,54,YCT 26,I-XII. TĂNG SẢN LÀNH TÍNH TUYẾN TIỀN LIỆT KÈM VIÊM CẤP TÍNH,Slide3-4,False,
IMG_20260328_115403_861.tiff,IMG_20260328_115403_861,Kruss,0,10X,3003,54,YCT 26,I-XII. TĂNG SẢN LÀNH TÍNH TUYẾN TIỀN LIỆT KÈM VIÊM CẤP TÍNH,Slide3-4,False,
IMG_20260328_115517_332.tiff,IMG_20260328_115517_332,Kruss,0,10X,3004,54,YCT 26,I-XII. TĂNG SẢN LÀNH TÍNH TUYẾN TIỀN LIỆT KÈM VIÊM CẤP TÍNH,Slide3-4,False,
IMG_20260328_115517_686.tiff,IMG_20260328_115517_686,Kruss,0,10X,3005,54,YCT 26,I-XII. TĂNG SẢN LÀNH TÍNH TUYẾN TIỀN LIỆT KÈM VIÊM CẤP TÍNH,Slide3-4,False,
IMG_20260328_115518_007.tiff,IMG_20260328_115518_007,Kruss,0,10X,3006,54,YCT 26,I-XII. TĂNG SẢN LÀNH TÍNH TUYẾN TIỀN LIỆT KÈM VIÊM CẤP TÍNH,Slide3-4,False,
IMG_20260328_115518_333.tiff,IMG_20260328_115518_333,Kruss,0,10X,3007,54,YCT 26,I-XII. TĂNG SẢN LÀNH TÍNH TUYẾN TIỀN LIỆT KÈM VIÊM CẤP TÍNH,Slide3-4,False,
IMG_20260328_115950_259.tiff,IMG_20260328_115950_259,Kruss,0,40X,3009,54,YCT 26,I-XII. TĂNG SẢN LÀNH TÍNH TUYẾN TIỀN LIỆT KÈM VIÊM CẤP TÍNH,Slide3-4,False,
IMG_20260328_115950_618.tiff,IMG_20260328_115950_618,Kruss,0,40X,3010,54,YCT 26,I-XII. TĂNG SẢN LÀNH TÍNH TUYẾN TIỀN LIỆT KÈM VIÊM CẤP TÍNH,Slide3-4,False,
IMG_20260328_115950_966.tiff,IMG_20260328_115950_966,Kruss,0,40X,3011,54,YCT 26,I-XII. TĂNG SẢN LÀNH TÍNH TUYẾN TIỀN LIỆT KÈM VIÊM CẤP TÍNH,Slide3-4,False,
IMG_20260328_115951_368.tiff,IMG_20260328_115951_368,Kruss,0,40X,3012,54,YCT 26,I-XII. TĂNG SẢN LÀNH TÍNH TUYẾN TIỀN LIỆT KÈM VIÊM CẤP TÍNH,Slide3-4,False,
IMG_20260328_115951_738.tiff,IMG_20260328_115951_738,Kruss,0,40X,3013,54,YCT 26,I-XII. TĂNG SẢN LÀNH TÍNH TUYẾN TIỀN LIỆT KÈM VIÊM CẤP TÍNH,Slide3-4,False,
IMG_20260328_115952_101.tiff,IMG_20260328_115952_101,Kruss,0,40X,3014,54,YCT 26,I-XII. TĂNG SẢN LÀNH TÍNH TUYẾN TIỀN LIỆT KÈM VIÊM CẤP TÍNH,Slide3-4,False,
IMG_20260328_115952_455.tiff,IMG_20260328_115952_455,Kruss,0,40X,3015,54,YCT 26,I-XII. TĂNG SẢN LÀNH TÍNH TUYẾN TIỀN LIỆT KÈM VIÊM CẤP TÍNH,Slide3-4,False,
IMG_20260328_115952_863.tiff,IMG_20260328_115952_863,Kruss,0,40X,3016,54,YCT 26,I-XII. TĂNG SẢN LÀNH TÍNH TUYẾN TIỀN LIỆT KÈM VIÊM CẤP TÍNH,Slide3-4,False,
IMG_20260328_120300_594.tiff,IMG_20260328_120300_594,Kruss,0,40X,3017,54,YCT 26,I-XII. TĂNG SẢN LÀNH TÍNH TUYẾN TIỀN LIỆT KÈM VIÊM CẤP TÍNH,Slide3-4,False,
IMG_20260328_120301_274.tiff,IMG_20260328_120301_274,Kruss,0,40X,3018,54,YCT 26,I-XII. TĂNG SẢN LÀNH TÍNH TUYẾN TIỀN LIỆT KÈM VIÊM CẤP TÍNH,Slide3-4,False,
IMG_20260328_120301_629.tiff,IMG_20260328_120301_629,Kruss,0,40X,3019,54,YCT 26,I-XII. TĂNG SẢN LÀNH TÍNH TUYẾN TIỀN LIỆT KÈM VIÊM CẤP TÍNH,Slide3-4,False,
IMG_20260328_120301_989.tiff,IMG_20260328_120301_989,Kruss,0,40X,3020,54,YCT 26,I-XII. TĂNG SẢN LÀNH TÍNH TUYẾN TIỀN LIỆT KÈM VIÊM CẤP TÍNH,Slide3-4,False,
IMG_20260328_120304_302.tiff,IMG_20260328_120304_302,Kruss,0,40X,3021,54,YCT 26,I-XII. TĂNG SẢN LÀNH TÍNH TUYẾN TIỀN LIỆT KÈM VIÊM CẤP TÍNH,Slide3-4,False,
IMG_20260328_114852_310.tiff,IMG_20260328_114852_310,Kruss,0,4X,2991,54,YCT 26,I-XII. TĂNG SẢN LÀNH TÍNH TUYẾN TIỀN LIỆT KÈM VIÊM CẤP TÍNH,Slide3-4,True,IMG_20260328_114852_310.tiff
IMG_20260328_114852_661.tiff,IMG_20260328_114852_661,Kruss,0,4X,2992,54,YCT 26,I-XII. TĂNG SẢN LÀNH TÍNH TUYẾN TIỀN LIỆT KÈM VIÊM CẤP TÍNH,Slide3-4,True,IMG_20260328_114852_661.tiff
IMG_20260328_114852_983.tiff,IMG_20260328_114852_983,Kruss,0,4X,2993,54,YCT 26,I-XII. TĂNG SẢN LÀNH TÍNH TUYẾN TIỀN LIỆT KÈM VIÊM CẤP TÍNH,Slide3-4,True,IMG_20260328_114852_983.tiff
IMG_20260328_121609_996.tiff,IMG_20260328_121609_996,Kruss,0,10X,3030,54,YCT 26,I-XII. TĂNG SẢN LÀNH TÍNH TUYẾN TIỀN LIỆT KÈM VIÊM CẤP TÍNH,Slide5-6,False,
IMG_20260328_121610_327.tiff,IMG_20260328_121610_327,Kruss,0,10X,3031,54,YCT 26,I-XII. TĂNG SẢN LÀNH TÍNH TUYẾN TIỀN LIỆT KÈM VIÊM CẤP TÍNH,Slide5-6,False,
IMG_20260328_121610_689.tiff,IMG_20260328_121610_689,Kruss,0,10X,3032,54,YCT 26,I-XII. TĂNG SẢN LÀNH TÍNH TUYẾN TIỀN LIỆT KÈM VIÊM CẤP TÍNH,Slide5-6,False,
IMG_20260328_121611_016.tiff,IMG_20260328_121611_016,Kruss,0,10X,3033,54,YCT 26,I-XII. TĂNG SẢN LÀNH TÍNH TUYẾN TIỀN LIỆT KÈM VIÊM CẤP TÍNH,Slide5-6,False,
IMG_20260328_121611_353.tiff,IMG_20260328_121611_353,Kruss,0,10X,3034,54,YCT 26,I-XII. TĂNG SẢN LÀNH TÍNH TUYẾN TIỀN LIỆT KÈM VIÊM CẤP TÍNH,Slide5-6,False,
IMG_20260328_121611_714.tiff,IMG_20260328_121611_714,Kruss,0,10X,3035,54,YCT 26,I-XII. TĂNG SẢN LÀNH TÍNH TUYẾN TIỀN LIỆT KÈM VIÊM CẤP TÍNH,Slide5-6,False,
IMG_20260328_121612_062.tiff,IMG_20260328_121612_062,Kruss,0,10X,3036,54,YCT 26,I-XII. TĂNG SẢN LÀNH TÍNH TUYẾN TIỀN LIỆT KÈM VIÊM CẤP TÍNH,Slide5-6,False,
IMG_20260328_121612_415.tiff,IMG_20260328_121612_415,Kruss,0,10X,3037,54,YCT 26,I-XII. TĂNG SẢN LÀNH TÍNH TUYẾN TIỀN LIỆT KÈM VIÊM CẤP TÍNH,Slide5-6,False,
IMG_20260328_121745_608.tiff,IMG_20260328_121745_608,Kruss,0,10X,3038,54,YCT 26,I-XII. TĂNG SẢN LÀNH TÍNH TUYẾN TIỀN LIỆT KÈM VIÊM CẤP TÍNH,Slide5-6,False,
IMG_20260328_121745_922.tiff,IMG_20260328_121745_922,Kruss,0,10X,3039,54,YCT 26,I-XII. TĂNG SẢN LÀNH TÍNH TUYẾN TIỀN LIỆT KÈM VIÊM CẤP TÍNH,Slide5-6,False,
IMG_20260328_121746_259.tiff,IMG_20260328_121746_259,Kruss,0,10X,3040,54,YCT 26,I-XII. TĂNG SẢN LÀNH TÍNH TUYẾN TIỀN LIỆT KÈM VIÊM CẤP TÍNH,Slide5-6,False,
IMG_20260328_121746_600.tiff,IMG_20260328_121746_600,Kruss,0,10X,3041,54,YCT 26,I-XII. TĂNG SẢN LÀNH TÍNH TUYẾN TIỀN LIỆT KÈM VIÊM CẤP TÍNH,Slide5-6,False,
IMG_20260328_121746_925.tiff,IMG_20260328_121746_925,Kruss,0,10X,3042,54,YCT 26,I-XII. TĂNG SẢN LÀNH TÍNH TUYẾN TIỀN LIỆT KÈM VIÊM CẤP TÍNH,Slide5-6,False,
IMG_20260328_121747_271.tiff,IMG_20260328_121747_271,Kruss,0,10X,3043,54,YCT 26,I-XII. TĂNG SẢN LÀNH TÍNH TUYẾN TIỀN LIỆT KÈM VIÊM CẤP TÍNH,Slide5-6,False,
IMG_20260328_121747_626.tiff,IMG_20260328_121747_626,Kruss,0,10X,3044,54,YCT 26,I-XII. TĂNG SẢN LÀNH TÍNH TUYẾN TIỀN LIỆT KÈM VIÊM CẤP TÍNH,Slide5-6,False,
IMG_20260328_121748_000.tiff,IMG_20260328_121748_000,Kruss,0,10X,3045,54,YCT 26,I-XII. TĂNG SẢN LÀNH TÍNH TUYẾN TIỀN LIỆT KÈM VIÊM CẤP TÍNH,Slide5-6,False,
IMG_20260328_121857_274.tiff,IMG_20260328_121857_274,Kruss,0,10X,3046,54,YCT 26,I-XII. TĂNG SẢN LÀNH TÍNH TUYẾN TIỀN LIỆT KÈM VIÊM CẤP TÍNH,Slide5-6,False,
IMG_20260328_121857_624.tiff,IMG_20260328_121857_624,Kruss,0,10X,3047,54,YCT 26,I-XII. TĂNG SẢN LÀNH TÍNH TUYẾN TIỀN LIỆT KÈM VIÊM CẤP TÍNH,Slide5-6,False,
IMG_20260328_121857_951.tiff,IMG_20260328_121857_951,Kruss,0,10X,3048,54,YCT 26,I-XII. TĂNG SẢN LÀNH TÍNH TUYẾN TIỀN LIỆT KÈM VIÊM CẤP TÍNH,Slide5-6,False,
IMG_20260328_121858_301.tiff,IMG_20260328_121858_301,Kruss,0,10X,3049,54,YCT 26,I-XII. TĂNG SẢN LÀNH TÍNH TUYẾN TIỀN LIỆT KÈM VIÊM CẤP TÍNH,Slide5-6,False,
IMG_20260328_121858_673.tiff,IMG_20260328_121858_673,Kruss,0,10X,3050,54,YCT 26,I-XII. TĂNG SẢN LÀNH TÍNH TUYẾN TIỀN LIỆT KÈM VIÊM CẤP TÍNH,Slide5-6,False,
IMG_20260328_121859_011.tiff,IMG_20260328_121859_011,Kruss,0,10X,3051,54,YCT 26,I-XII. TĂNG SẢN LÀNH TÍNH TUYẾN TIỀN LIỆT KÈM VIÊM CẤP TÍNH,Slide5-6,False,
IMG_20260328_121859_345.tiff,IMG_20260328_121859_345,Kruss,0,10X,3052,54,YCT 26,I-XII. TĂNG SẢN LÀNH TÍNH TUYẾN TIỀN LIỆT KÈM VIÊM CẤP TÍNH,Slide5-6,False,
IMG_20260328_121859_703.tiff,IMG_20260328_121859_703,Kruss,0,10X,3053,54,YCT 26,I-XII. TĂNG SẢN LÀNH TÍNH TUYẾN TIỀN LIỆT KÈM VIÊM CẤP TÍNH,Slide5-6,False,
IMG_20260328_122323_287.tiff,IMG_20260328_122323_287,Kruss,0,40X,3054,54,YCT 26,I-XII. TĂNG SẢN LÀNH TÍNH TUYẾN TIỀN LIỆT KÈM VIÊM CẤP TÍNH,Slide5-6,False,
IMG_20260328_122323_662.tiff,IMG_20260328_122323_662,Kruss,0,40X,3055,54,YCT 26,I-XII. TĂNG SẢN LÀNH TÍNH TUYẾN TIỀN LIỆT KÈM VIÊM CẤP TÍNH,Slide5-6,False,
IMG_20260328_122324_009.tiff,IMG_20260328_122324_009,Kruss,0,40X,3056,54,YCT 26,I-XII. TĂNG SẢN LÀNH TÍNH TUYẾN TIỀN LIỆT KÈM VIÊM CẤP TÍNH,Slide5-6,False,
IMG_20260328_122324_359.tiff,IMG_20260328_122324_359,Kruss,0,40X,3057,54,YCT 26,I-XII. TĂNG SẢN LÀNH TÍNH TUYẾN TIỀN LIỆT KÈM VIÊM CẤP TÍNH,Slide5-6,False,
IMG_20260328_122324_719.tiff,IMG_20260328_122324_719,Kruss,0,40X,3058,54,YCT 26,I-XII. TĂNG SẢN LÀNH TÍNH TUYẾN TIỀN LIỆT KÈM VIÊM CẤP TÍNH,Slide5-6,False,
IMG_20260328_122325_077.tiff,IMG_20260328_122325_077,Kruss,0,40X,3059,54,YCT 26,I-XII. TĂNG SẢN LÀNH TÍNH TUYẾN TIỀN LIỆT KÈM VIÊM CẤP TÍNH,Slide5-6,False,
IMG_20260328_122325_425.tiff,IMG_20260328_122325_425,Kruss,0,40X,3060,54,YCT 26,I-XII. TĂNG SẢN LÀNH TÍNH TUYẾN TIỀN LIỆT KÈM VIÊM CẤP TÍNH,Slide5-6,False,
IMG_20260328_122325_772.tiff,IMG_20260328_122325_772,Kruss,0,40X,3061,54,YCT 26,I-XII. TĂNG SẢN LÀNH TÍNH TUYẾN TIỀN LIỆT KÈM VIÊM CẤP TÍNH,Slide5-6,False,
IMG_20260328_122757_906.tiff,IMG_20260328_122757_906,Kruss,0,40X,3062,54,YCT 26,I-XII. TĂNG SẢN LÀNH TÍNH TUYẾN TIỀN LIỆT KÈM VIÊM CẤP TÍNH,Slide5-6,False,
IMG_20260328_122758_299.tiff,IMG_20260328_122758_299,Kruss,0,40X,3063,54,YCT 26,I-XII. TĂNG SẢN LÀNH TÍNH TUYẾN TIỀN LIỆT KÈM VIÊM CẤP TÍNH,Slide5-6,False,
IMG_20260328_122758_648.tiff,IMG_20260328_122758_648,Kruss,0,40X,3064,54,YCT 26,I-XII. TĂNG SẢN LÀNH TÍNH TUYẾN TIỀN LIỆT KÈM VIÊM CẤP TÍNH,Slide5-6,False,
IMG_20260328_122759_010.tiff,IMG_20260328_122759_010,Kruss,0,40X,3065,54,YCT 26,I-XII. TĂNG SẢN LÀNH TÍNH TUYẾN TIỀN LIỆT KÈM VIÊM CẤP TÍNH,Slide5-6,False,
IMG_20260328_122759_372.tiff,IMG_20260328_122759_372,Kruss,0,40X,3066,54,YCT 26,I-XII. TĂNG SẢN LÀNH TÍNH TUYẾN TIỀN LIỆT KÈM VIÊM CẤP TÍNH,Slide5-6,False,
IMG_20260328_122759_718.tiff,IMG_20260328_122759_718,Kruss,0,40X,3067,54,YCT 26,I-XII. TĂNG SẢN LÀNH TÍNH TUYẾN TIỀN LIỆT KÈM VIÊM CẤP TÍNH,Slide5-6,False,
IMG_20260328_122800_072.tiff,IMG_20260328_122800_072,Kruss,0,40X,3068,54,YCT 26,I-XII. TĂNG SẢN LÀNH TÍNH TUYẾN TIỀN LIỆT KÈM VIÊM CẤP TÍNH,Slide5-6,False,
IMG_20260328_122800_428.tiff,IMG_20260328_122800_428,Kruss,0,40X,3069,54,YCT 26,I-XII. TĂNG SẢN LÀNH TÍNH TUYẾN TIỀN LIỆT KÈM VIÊM CẤP TÍNH,Slide5-6,False,
IMG_20260328_123054_445.tiff,IMG_20260328_123054_445,Kruss,0,40X,3070,54,YCT 26,I-XII. TĂNG SẢN LÀNH TÍNH TUYẾN TIỀN LIỆT KÈM VIÊM CẤP TÍNH,Slide5-6,False,
IMG_20260328_123054_786.tiff,IMG_20260328_123054_786,Kruss,0,40X,3071,54,YCT 26,I-XII. TĂNG SẢN LÀNH TÍNH TUYẾN TIỀN LIỆT KÈM VIÊM CẤP TÍNH,Slide5-6,False,
IMG_20260328_123055_132.tiff,IMG_20260328_123055_132,Kruss,0,40X,3072,54,YCT 26,I-XII. TĂNG SẢN LÀNH TÍNH TUYẾN TIỀN LIỆT KÈM VIÊM CẤP TÍNH,Slide5-6,False,
IMG_20260328_123055_465.tiff,IMG_20260328_123055_465,Kruss,0,40X,3073,54,YCT 26,I-XII. TĂNG SẢN LÀNH TÍNH TUYẾN TIỀN LIỆT KÈM VIÊM CẤP TÍNH,Slide5-6,False,
IMG_20260328_123055_809.tiff,IMG_20260328_123055_809,Kruss,0,40X,3074,54,YCT 26,I-XII. TĂNG SẢN LÀNH TÍNH TUYẾN TIỀN LIỆT KÈM VIÊM CẤP TÍNH,Slide5-6,False,
IMG_20260328_123056_159.tiff,IMG_20260328_123056_159,Kruss,0,40X,3075,54,YCT 26,I-XII. TĂNG SẢN LÀNH TÍNH TUYẾN TIỀN LIỆT KÈM VIÊM CẤP TÍNH,Slide5-6,False,
IMG_20260328_123056_528.tiff,IMG_20260328_123056_528,Kruss,0,40X,3076,54,YCT 26,I-XII. TĂNG SẢN LÀNH TÍNH TUYẾN TIỀN LIỆT KÈM VIÊM CẤP TÍNH,Slide5-6,False,
IMG_20260328_123056_876.tiff,IMG_20260328_123056_876,Kruss,0,40X,3077,54,YCT 26,I-XII. TĂNG SẢN LÀNH TÍNH TUYẾN TIỀN LIỆT KÈM VIÊM CẤP TÍNH,Slide5-6,False,
IMG_20260328_123359_889.tiff,IMG_20260328_123359_889,Kruss,0,40X,3078,54,YCT 26,I-XII. TĂNG SẢN LÀNH TÍNH TUYẾN TIỀN LIỆT KÈM VIÊM CẤP TÍNH,Slide5-6,False,
IMG_20260328_123400_259.tiff,IMG_20260328_123400_259,Kruss,0,40X,3079,54,YCT 26,I-XII. TĂNG SẢN LÀNH TÍNH TUYẾN TIỀN LIỆT KÈM VIÊM CẤP TÍNH,Slide5-6,False,
IMG_20260328_123400_608.tiff,IMG_20260328_123400_608,Kruss,0,40X,3080,54,YCT 26,I-XII. TĂNG SẢN LÀNH TÍNH TUYẾN TIỀN LIỆT KÈM VIÊM CẤP TÍNH,Slide5-6,False,
IMG_20260328_123400_962.tiff,IMG_20260328_123400_962,Kruss,0,40X,3081,54,YCT 26,I-XII. TĂNG SẢN LÀNH TÍNH TUYẾN TIỀN LIỆT KÈM VIÊM CẤP TÍNH,Slide5-6,False,
IMG_20260328_123401_321.tiff,IMG_20260328_123401_321,Kruss,0,40X,3082,54,YCT 26,I-XII. TĂNG SẢN LÀNH TÍNH TUYẾN TIỀN LIỆT KÈM VIÊM CẤP TÍNH,Slide5-6,False,
IMG_20260328_123401_695.tiff,IMG_20260328_123401_695,Kruss,0,40X,3083,54,YCT 26,I-XII. TĂNG SẢN LÀNH TÍNH TUYẾN TIỀN LIỆT KÈM VIÊM CẤP TÍNH,Slide5-6,False,
IMG_20260328_120647_855.tiff,IMG_20260328_120647_855,Kruss,0,4X,3022,54,YCT 26,I-XII. TĂNG SẢN LÀNH TÍNH TUYẾN TIỀN LIỆT KÈM VIÊM CẤP TÍNH,Slide5-6,True,IMG_20260328_120647_855.tiff
IMG_20260328_120648_164.tiff,IMG_20260328_120648_164,Kruss,0,4X,3023,54,YCT 26,I-XII. TĂNG SẢN LÀNH TÍNH TUYẾN TIỀN LIỆT KÈM VIÊM CẤP TÍNH,Slide5-6,True,IMG_20260328_120648_164.tiff
IMG_20260328_120648_482.tiff,IMG_20260328_120648_482,Kruss,0,4X,3024,54,YCT 26,I-XII. TĂNG SẢN LÀNH TÍNH TUYẾN TIỀN LIỆT KÈM VIÊM CẤP TÍNH,Slide5-6,True,IMG_20260328_120648_482.tiff
IMG_20260328_120648_820.tiff,IMG_20260328_120648_820,Kruss,0,4X,3025,54,YCT 26,I-XII. TĂNG SẢN LÀNH TÍNH TUYẾN TIỀN LIỆT KÈM VIÊM CẤP TÍNH,Slide5-6,True,IMG_20260328_120648_820.tiff
IMG_20260328_120649_149.tiff,IMG_20260328_120649_149,Kruss,0,4X,3026,54,YCT 26,I-XII. TĂNG SẢN LÀNH TÍNH TUYẾN TIỀN LIỆT KÈM VIÊM CẤP TÍNH,Slide5-6,True,IMG_20260328_120649_149.tiff
IMG_20260328_120649_494.tiff,IMG_20260328_120649_494,Kruss,0,4X,3027,54,YCT 26,I-XII. TĂNG SẢN LÀNH TÍNH TUYẾN TIỀN LIỆT KÈM VIÊM CẤP TÍNH,Slide5-6,True,IMG_20260328_120649_494.tiff
IMG_20260328_120649_823.tiff,IMG_20260328_120649_823,Kruss,0,4X,3028,54,YCT 26,I-XII. TĂNG SẢN LÀNH TÍNH TUYẾN TIỀN LIỆT KÈM VIÊM CẤP TÍNH,Slide5-6,True,IMG_20260328_120649_823.tiff
IMG_20260328_120650_169.tiff,IMG_20260328_120650_169,Kruss,0,4X,3029,54,YCT 26,I-XII. TĂNG SẢN LÀNH TÍNH TUYẾN TIỀN LIỆT KÈM VIÊM CẤP TÍNH,Slide5-6,True,IMG_20260328_120650_169.tiff
IMG_20260328_124102_807.tiff,IMG_20260328_124102_807,Kruss,0,10X,3091,54,YCT 26,I-XII. TĂNG SẢN LÀNH TÍNH TUYẾN TIỀN LIỆT KÈM VIÊM CẤP TÍNH,Slide7-8,False,
IMG_20260328_124103_156.tiff,IMG_20260328_124103_156,Kruss,0,10X,3092,54,YCT 26,I-XII. TĂNG SẢN LÀNH TÍNH TUYẾN TIỀN LIỆT KÈM VIÊM CẤP TÍNH,Slide7-8,False,
IMG_20260328_124103_523.tiff,IMG_20260328_124103_523,Kruss,0,10X,3093,54,YCT 26,I-XII. TĂNG SẢN LÀNH TÍNH TUYẾN TIỀN LIỆT KÈM VIÊM CẤP TÍNH,Slide7-8,False,
IMG_20260328_124103_864.tiff,IMG_20260328_124103_864,Kruss,0,10X,3094,54,YCT 26,I-XII. TĂNG SẢN LÀNH TÍNH TUYẾN TIỀN LIỆT KÈM VIÊM CẤP TÍNH,Slide7-8,False,
IMG_20260328_124104_197.tiff,IMG_20260328_124104_197,Kruss,0,10X,3095,54,YCT 26,I-XII. TĂNG SẢN LÀNH TÍNH TUYẾN TIỀN LIỆT KÈM VIÊM CẤP TÍNH,Slide7-8,False,
IMG_20260328_124104_563.tiff,IMG_20260328_124104_563,Kruss,0,10X,3096,54,YCT 26,I-XII. TĂNG SẢN LÀNH TÍNH TUYẾN TIỀN LIỆT KÈM VIÊM CẤP TÍNH,Slide7-8,False,
IMG_20260328_124104_887.tiff,IMG_20260328_124104_887,Kruss,0,10X,3097,54,YCT 26,I-XII. TĂNG SẢN LÀNH TÍNH TUYẾN TIỀN LIỆT KÈM VIÊM CẤP TÍNH,Slide7-8,False,
IMG_20260328_124105_210.tiff,IMG_20260328_124105_210,Kruss,0,10X,3098,54,YCT 26,I-XII. TĂNG SẢN LÀNH TÍNH TUYẾN TIỀN LIỆT KÈM VIÊM CẤP TÍNH,Slide7-8,False,
IMG_20260328_124233_183.tiff,IMG_20260328_124233_183,Kruss,0,10X,3099,54,YCT 26,I-XII. TĂNG SẢN LÀNH TÍNH TUYẾN TIỀN LIỆT KÈM VIÊM CẤP TÍNH,Slide7-8,False,
IMG_20260328_124233_522.tiff,IMG_20260328_124233_522,Kruss,0,10X,3100,54,YCT 26,I-XII. TĂNG SẢN LÀNH TÍNH TUYẾN TIỀN LIỆT KÈM VIÊM CẤP TÍNH,Slide7-8,False,
IMG_20260328_124233_843.tiff,IMG_20260328_124233_843,Kruss,0,10X,3101,54,YCT 26,I-XII. TĂNG SẢN LÀNH TÍNH TUYẾN TIỀN LIỆT KÈM VIÊM CẤP TÍNH,Slide7-8,False,
IMG_20260328_124234_177.tiff,IMG_20260328_124234_177,Kruss,0,10X,3102,54,YCT 26,I-XII. TĂNG SẢN LÀNH TÍNH TUYẾN TIỀN LIỆT KÈM VIÊM CẤP TÍNH,Slide7-8,False,
IMG_20260328_124234_516.tiff,IMG_20260328_124234_516,Kruss,0,10X,3103,54,YCT 26,I-XII. TĂNG SẢN LÀNH TÍNH TUYẾN TIỀN LIỆT KÈM VIÊM CẤP TÍNH,Slide7-8,False,
IMG_20260328_124234_844.tiff,IMG_20260328_124234_844,Kruss,0,10X,3104,54,YCT 26,I-XII. TĂNG SẢN LÀNH TÍNH TUYẾN TIỀN LIỆT KÈM VIÊM CẤP TÍNH,Slide7-8,False,
IMG_20260328_124235_179.tiff,IMG_20260328_124235_179,Kruss,0,10X,3105,54,YCT 26,I-XII. TĂNG SẢN LÀNH TÍNH TUYẾN TIỀN LIỆT KÈM VIÊM CẤP TÍNH,Slide7-8,False,
IMG_20260328_124235_543.tiff,IMG_20260328_124235_543,Kruss,0,10X,3106,54,YCT 26,I-XII. TĂNG SẢN LÀNH TÍNH TUYẾN TIỀN LIỆT KÈM VIÊM CẤP TÍNH,Slide7-8,False,
IMG_20260328_124403_843.tiff,IMG_20260328_124403_843,Kruss,0,10X,3107,54,YCT 26,I-XII. TĂNG SẢN LÀNH TÍNH TUYẾN TIỀN LIỆT KÈM VIÊM CẤP TÍNH,Slide7-8,False,
IMG_20260328_124404_180.tiff,IMG_20260328_124404_180,Kruss,0,10X,3108,54,YCT 26,I-XII. TĂNG SẢN LÀNH TÍNH TUYẾN TIỀN LIỆT KÈM VIÊM CẤP TÍNH,Slide7-8,False,
IMG_20260328_124404_572.tiff,IMG_20260328_124404_572,Kruss,0,10X,3109,54,YCT 26,I-XII. TĂNG SẢN LÀNH TÍNH TUYẾN TIỀN LIỆT KÈM VIÊM CẤP TÍNH,Slide7-8,False,
IMG_20260328_124404_911.tiff,IMG_20260328_124404_911,Kruss,0,10X,3110,54,YCT 26,I-XII. TĂNG SẢN LÀNH TÍNH TUYẾN TIỀN LIỆT KÈM VIÊM CẤP TÍNH,Slide7-8,False,
IMG_20260328_124729_526.tiff,IMG_20260328_124729_526,Kruss,0,40X,3111,54,YCT 26,I-XII. TĂNG SẢN LÀNH TÍNH TUYẾN TIỀN LIỆT KÈM VIÊM CẤP TÍNH,Slide7-8,False,
IMG_20260328_124729_907.tiff,IMG_20260328_124729_907,Kruss,0,40X,3112,54,YCT 26,I-XII. TĂNG SẢN LÀNH TÍNH TUYẾN TIỀN LIỆT KÈM VIÊM CẤP TÍNH,Slide7-8,False,
IMG_20260328_124730_269.tiff,IMG_20260328_124730_269,Kruss,0,40X,3113,54,YCT 26,I-XII. TĂNG SẢN LÀNH TÍNH TUYẾN TIỀN LIỆT KÈM VIÊM CẤP TÍNH,Slide7-8,False,
IMG_20260328_124730_656.tiff,IMG_20260328_124730_656,Kruss,0,40X,3114,54,YCT 26,I-XII. TĂNG SẢN LÀNH TÍNH TUYẾN TIỀN LIỆT KÈM VIÊM CẤP TÍNH,Slide7-8,False,
IMG_20260328_124731_002.tiff,IMG_20260328_124731_002,Kruss,0,40X,3115,54,YCT 26,I-XII. TĂNG SẢN LÀNH TÍNH TUYẾN TIỀN LIỆT KÈM VIÊM CẤP TÍNH,Slide7-8,False,
IMG_20260328_124731_344.tiff,IMG_20260328_124731_344,Kruss,0,40X,3116,54,YCT 26,I-XII. TĂNG SẢN LÀNH TÍNH TUYẾN TIỀN LIỆT KÈM VIÊM CẤP TÍNH,Slide7-8,False,
IMG_20260328_124731_711.tiff,IMG_20260328_124731_711,Kruss,0,40X,3117,54,YCT 26,I-XII. TĂNG SẢN LÀNH TÍNH TUYẾN TIỀN LIỆT KÈM VIÊM CẤP TÍNH,Slide7-8,False,
IMG_20260328_124732_035.tiff,IMG_20260328_124732_035,Kruss,0,40X,3118,54,YCT 26,I-XII. TĂNG SẢN LÀNH TÍNH TUYẾN TIỀN LIỆT KÈM VIÊM CẤP TÍNH,Slide7-8,False,
IMG_20260328_125118_062.tiff,IMG_20260328_125118_062,Kruss,0,40X,3119,54,YCT 26,I-XII. TĂNG SẢN LÀNH TÍNH TUYẾN TIỀN LIỆT KÈM VIÊM CẤP TÍNH,Slide7-8,False,
IMG_20260328_125118_403.tiff,IMG_20260328_125118_403,Kruss,0,40X,3120,54,YCT 26,I-XII. TĂNG SẢN LÀNH TÍNH TUYẾN TIỀN LIỆT KÈM VIÊM CẤP TÍNH,Slide7-8,False,
IMG_20260328_125118_765.tiff,IMG_20260328_125118_765,Kruss,0,40X,3121,54,YCT 26,I-XII. TĂNG SẢN LÀNH TÍNH TUYẾN TIỀN LIỆT KÈM VIÊM CẤP TÍNH,Slide7-8,False,
IMG_20260328_125119_122.tiff,IMG_20260328_125119_122,Kruss,0,40X,3122,54,YCT 26,I-XII. TĂNG SẢN LÀNH TÍNH TUYẾN TIỀN LIỆT KÈM VIÊM CẤP TÍNH,Slide7-8,False,
IMG_20260328_125119_485.tiff,IMG_20260328_125119_485,Kruss,0,40X,3123,54,YCT 26,I-XII. TĂNG SẢN LÀNH TÍNH TUYẾN TIỀN LIỆT KÈM VIÊM CẤP TÍNH,Slide7-8,False,
IMG_20260328_125119_858.tiff,IMG_20260328_125119_858,Kruss,0,40X,3124,54,YCT 26,I-XII. TĂNG SẢN LÀNH TÍNH TUYẾN TIỀN LIỆT KÈM VIÊM CẤP TÍNH,Slide7-8,False,
IMG_20260328_125120_225.tiff,IMG_20260328_125120_225,Kruss,0,40X,3125,54,YCT 26,I-XII. TĂNG SẢN LÀNH TÍNH TUYẾN TIỀN LIỆT KÈM VIÊM CẤP TÍNH,Slide7-8,False,
IMG_20260328_125120_600.tiff,IMG_20260328_125120_600,Kruss,0,40X,3126,54,YCT 26,I-XII. TĂNG SẢN LÀNH TÍNH TUYẾN TIỀN LIỆT KÈM VIÊM CẤP TÍNH,Slide7-8,False,
IMG_20260328_125312_127.tiff,IMG_20260328_125312_127,Kruss,0,40X,3127,54,YCT 26,I-XII. TĂNG SẢN LÀNH TÍNH TUYẾN TIỀN LIỆT KÈM VIÊM CẤP TÍNH,Slide7-8,False,
IMG_20260328_125312_478.tiff,IMG_20260328_125312_478,Kruss,0,40X,3128,54,YCT 26,I-XII. TĂNG SẢN LÀNH TÍNH TUYẾN TIỀN LIỆT KÈM VIÊM CẤP TÍNH,Slide7-8,False,
IMG_20260328_125312_831.tiff,IMG_20260328_125312_831,Kruss,0,40X,3129,54,YCT 26,I-XII. TĂNG SẢN LÀNH TÍNH TUYẾN TIỀN LIỆT KÈM VIÊM CẤP TÍNH,Slide7-8,False,
IMG_20260328_125313_151.tiff,IMG_20260328_125313_151,Kruss,0,40X,3130,54,YCT 26,I-XII. TĂNG SẢN LÀNH TÍNH TUYẾN TIỀN LIỆT KÈM VIÊM CẤP TÍNH,Slide7-8,False,
IMG_20260328_125313_480.tiff,IMG_20260328_125313_480,Kruss,0,40X,3131,54,YCT 26,I-XII. TĂNG SẢN LÀNH TÍNH TUYẾN TIỀN LIỆT KÈM VIÊM CẤP TÍNH,Slide7-8,False,
IMG_20260328_125313_829.tiff,IMG_20260328_125313_829,Kruss,0,40X,3132,54,YCT 26,I-XII. TĂNG SẢN LÀNH TÍNH TUYẾN TIỀN LIỆT KÈM VIÊM CẤP TÍNH,Slide7-8,False,
IMG_20260328_125839_783.tiff,IMG_20260328_125839_783,Kruss,0,40X,3133,54,YCT 26,I-XII. TĂNG SẢN LÀNH TÍNH TUYẾN TIỀN LIỆT KÈM VIÊM CẤP TÍNH,Slide7-8,False,
IMG_20260328_125840_126.tiff,IMG_20260328_125840_126,Kruss,0,40X,3134,54,YCT 26,I-XII. TĂNG SẢN LÀNH TÍNH TUYẾN TIỀN LIỆT KÈM VIÊM CẤP TÍNH,Slide7-8,False,
IMG_20260328_125840_505.tiff,IMG_20260328_125840_505,Kruss,0,40X,3135,54,YCT 26,I-XII. TĂNG SẢN LÀNH TÍNH TUYẾN TIỀN LIỆT KÈM VIÊM CẤP TÍNH,Slide7-8,False,
IMG_20260328_125840_864.tiff,IMG_20260328_125840_864,Kruss,0,40X,3136,54,YCT 26,I-XII. TĂNG SẢN LÀNH TÍNH TUYẾN TIỀN LIỆT KÈM VIÊM CẤP TÍNH,Slide7-8,False,
IMG_20260328_125841_217.tiff,IMG_20260328_125841_217,Kruss,0,40X,3137,54,YCT 26,I-XII. TĂNG SẢN LÀNH TÍNH TUYẾN TIỀN LIỆT KÈM VIÊM CẤP TÍNH,Slide7-8,False,
IMG_20260328_125841_615.tiff,IMG_20260328_125841_615,Kruss,0,40X,3138,54,YCT 26,I-XII. TĂNG SẢN LÀNH TÍNH TUYẾN TIỀN LIỆT KÈM VIÊM CẤP TÍNH,Slide7-8,False,
IMG_20260328_125841_964.tiff,IMG_20260328_125841_964,Kruss,0,40X,3139,54,YCT 26,I-XII. TĂNG SẢN LÀNH TÍNH TUYẾN TIỀN LIỆT KÈM VIÊM CẤP TÍNH,Slide7-8,False,
IMG_20260328_125842_335.tiff,IMG_20260328_125842_335,Kruss,0,40X,3140,54,YCT 26,I-XII. TĂNG SẢN LÀNH TÍNH TUYẾN TIỀN LIỆT KÈM VIÊM CẤP TÍNH,Slide7-8,False,
IMG_20260328_130154_916.tiff,IMG_20260328_130154_916,Kruss,0,40X,3141,54,YCT 26,I-XII. TĂNG SẢN LÀNH TÍNH TUYẾN TIỀN LIỆT KÈM VIÊM CẤP TÍNH,Slide7-8,False,
IMG_20260328_130155_260.tiff,IMG_20260328_130155_260,Kruss,0,40X,3142,54,YCT 26,I-XII. TĂNG SẢN LÀNH TÍNH TUYẾN TIỀN LIỆT KÈM VIÊM CẤP TÍNH,Slide7-8,False,
IMG_20260328_130155_620.tiff,IMG_20260328_130155_620,Kruss,0,40X,3143,54,YCT 26,I-XII. TĂNG SẢN LÀNH TÍNH TUYẾN TIỀN LIỆT KÈM VIÊM CẤP TÍNH,Slide7-8,False,
IMG_20260328_130155_967.tiff,IMG_20260328_130155_967,Kruss,0,40X,3144,54,YCT 26,I-XII. TĂNG SẢN LÀNH TÍNH TUYẾN TIỀN LIỆT KÈM VIÊM CẤP TÍNH,Slide7-8,False,
IMG_20260328_130156_332.tiff,IMG_20260328_130156_332,Kruss,0,40X,3145,54,YCT 26,I-XII. TĂNG SẢN LÀNH TÍNH TUYẾN TIỀN LIỆT KÈM VIÊM CẤP TÍNH,Slide7-8,False,
IMG_20260328_130156_693.tiff,IMG_20260328_130156_693,Kruss,0,40X,3146,54,YCT 26,I-XII. TĂNG SẢN LÀNH TÍNH TUYẾN TIỀN LIỆT KÈM VIÊM CẤP TÍNH,Slide7-8,False,
IMG_20260328_130157_035.tiff,IMG_20260328_130157_035,Kruss,0,40X,3147,54,YCT 26,I-XII. TĂNG SẢN LÀNH TÍNH TUYẾN TIỀN LIỆT KÈM VIÊM CẤP TÍNH,Slide7-8,False,
IMG_20260328_123807_970.tiff,IMG_20260328_123807_970,Kruss,0,4X,3084,54,YCT 26,I-XII. TĂNG SẢN LÀNH TÍNH TUYẾN TIỀN LIỆT KÈM VIÊM CẤP TÍNH,Slide7-8,True,IMG_20260328_123807_970.tiff
IMG_20260328_123808_278.tiff,IMG_20260328_123808_278,Kruss,0,4X,3085,54,YCT 26,I-XII. TĂNG SẢN LÀNH TÍNH TUYẾN TIỀN LIỆT KÈM VIÊM CẤP TÍNH,Slide7-8,True,IMG_20260328_123808_278.tiff
IMG_20260328_123808_619.tiff,IMG_20260328_123808_619,Kruss,0,4X,3086,54,YCT 26,I-XII. TĂNG SẢN LÀNH TÍNH TUYẾN TIỀN LIỆT KÈM VIÊM CẤP TÍNH,Slide7-8,True,IMG_20260328_123808_619.tiff
IMG_20260328_123808_944.tiff,IMG_20260328_123808_944,Kruss,0,4X,3087,54,YCT 26,I-XII. TĂNG SẢN LÀNH TÍNH TUYẾN TIỀN LIỆT KÈM VIÊM CẤP TÍNH,Slide7-8,True,IMG_20260328_123808_944.tiff
IMG_20260328_123809_247.tiff,IMG_20260328_123809_247,Kruss,0,4X,3088,54,YCT 26,I-XII. TĂNG SẢN LÀNH TÍNH TUYẾN TIỀN LIỆT KÈM VIÊM CẤP TÍNH,Slide7-8,True,IMG_20260328_123809_247.tiff
IMG_20260328_123809_593.tiff,IMG_20260328_123809_593,Kruss,0,4X,3089,54,YCT 26,I-XII. TĂNG SẢN LÀNH TÍNH TUYẾN TIỀN LIỆT KÈM VIÊM CẤP TÍNH,Slide7-8,True,IMG_20260328_123809_593.tiff
IMG_20260328_131026_447.tiff,IMG_20260328_131026_447,Kruss,0,10X,3154,54,YCT 26,I-XII. TĂNG SẢN LÀNH TÍNH TUYẾN TIỀN LIỆT KÈM VIÊM CẤP TÍNH,Slide9-10,False,
IMG_20260328_131026_794.tiff,IMG_20260328_131026_794,Kruss,0,10X,3155,54,YCT 26,I-XII. TĂNG SẢN LÀNH TÍNH TUYẾN TIỀN LIỆT KÈM VIÊM CẤP TÍNH,Slide9-10,False,
IMG_20260328_131027_114.tiff,IMG_20260328_131027_114,Kruss,0,10X,3156,54,YCT 26,I-XII. TĂNG SẢN LÀNH TÍNH TUYẾN TIỀN LIỆT KÈM VIÊM CẤP TÍNH,Slide9-10,False,
IMG_20260328_131027_443.tiff,IMG_20260328_131027_443,Kruss,0,10X,3157,54,YCT 26,I-XII. TĂNG SẢN LÀNH TÍNH TUYẾN TIỀN LIỆT KÈM VIÊM CẤP TÍNH,Slide9-10,False,
IMG_20260328_131027_783.tiff,IMG_20260328_131027_783,Kruss,0,10X,3158,54,YCT 26,I-XII. TĂNG SẢN LÀNH TÍNH TUYẾN TIỀN LIỆT KÈM VIÊM CẤP TÍNH,Slide9-10,False,
IMG_20260328_131028_122.tiff,IMG_20260328_131028_122,Kruss,0,10X,3159,54,YCT 26,I-XII. TĂNG SẢN LÀNH TÍNH TUYẾN TIỀN LIỆT KÈM VIÊM CẤP TÍNH,Slide9-10,False,
IMG_20260328_131028_528.tiff,IMG_20260328_131028_528,Kruss,0,10X,3160,54,YCT 26,I-XII. TĂNG SẢN LÀNH TÍNH TUYẾN TIỀN LIỆT KÈM VIÊM CẤP TÍNH,Slide9-10,False,
IMG_20260328_131028_902.tiff,IMG_20260328_131028_902,Kruss,0,10X,3161,54,YCT 26,I-XII. TĂNG SẢN LÀNH TÍNH TUYẾN TIỀN LIỆT KÈM VIÊM CẤP TÍNH,Slide9-10,False,
IMG_20260328_131235_983.tiff,IMG_20260328_131235_983,Kruss,0,10X,3162,54,YCT 26,I-XII. TĂNG SẢN LÀNH TÍNH TUYẾN TIỀN LIỆT KÈM VIÊM CẤP TÍNH,Slide9-10,False,
IMG_20260328_131236_302.tiff,IMG_20260328_131236_302,Kruss,0,10X,3163,54,YCT 26,I-XII. TĂNG SẢN LÀNH TÍNH TUYẾN TIỀN LIỆT KÈM VIÊM CẤP TÍNH,Slide9-10,False,
IMG_20260328_131236_621.tiff,IMG_20260328_131236_621,Kruss,0,10X,3164,54,YCT 26,I-XII. TĂNG SẢN LÀNH TÍNH TUYẾN TIỀN LIỆT KÈM VIÊM CẤP TÍNH,Slide9-10,False,
IMG_20260328_131237_002.tiff,IMG_20260328_131237_002,Kruss,0,10X,3165,54,YCT 26,I-XII. TĂNG SẢN LÀNH TÍNH TUYẾN TIỀN LIỆT KÈM VIÊM CẤP TÍNH,Slide9-10,False,
IMG_20260328_131237_327.tiff,IMG_20260328_131237_327,Kruss,0,10X,3166,54,YCT 26,I-XII. TĂNG SẢN LÀNH TÍNH TUYẾN TIỀN LIỆT KÈM VIÊM CẤP TÍNH,Slide9-10,False,
IMG_20260328_131237_697.tiff,IMG_20260328_131237_697,Kruss,0,10X,3167,54,YCT 26,I-XII. TĂNG SẢN LÀNH TÍNH TUYẾN TIỀN LIỆT KÈM VIÊM CẤP TÍNH,Slide9-10,False,
IMG_20260328_131238_017.tiff,IMG_20260328_131238_017,Kruss,0,10X,3168,54,YCT 26,I-XII. TĂNG SẢN LÀNH TÍNH TUYẾN TIỀN LIỆT KÈM VIÊM CẤP TÍNH,Slide9-10,False,
IMG_20260328_131238_344.tiff,IMG_20260328_131238_344,Kruss,0,10X,3169,54,YCT 26,I-XII. TĂNG SẢN LÀNH TÍNH TUYẾN TIỀN LIỆT KÈM VIÊM CẤP TÍNH,Slide9-10,False,
IMG_20260328_132155_625.tiff,IMG_20260328_132155_625,Kruss,0,40X,3170,54,YCT 26,I-XII. TĂNG SẢN LÀNH TÍNH TUYẾN TIỀN LIỆT KÈM VIÊM CẤP TÍNH,Slide9-10,False,
IMG_20260328_132155_967.tiff,IMG_20260328_132155_967,Kruss,0,40X,3171,54,YCT 26,I-XII. TĂNG SẢN LÀNH TÍNH TUYẾN TIỀN LIỆT KÈM VIÊM CẤP TÍNH,Slide9-10,False,
IMG_20260328_132156_302.tiff,IMG_20260328_132156_302,Kruss,0,40X,3172,54,YCT 26,I-XII. TĂNG SẢN LÀNH TÍNH TUYẾN TIỀN LIỆT KÈM VIÊM CẤP TÍNH,Slide9-10,False,
IMG_20260328_132156_637.tiff,IMG_20260328_132156_637,Kruss,0,40X,3173,54,YCT 26,I-XII. TĂNG SẢN LÀNH TÍNH TUYẾN TIỀN LIỆT KÈM VIÊM CẤP TÍNH,Slide9-10,False,
IMG_20260328_132156_973.tiff,IMG_20260328_132156_973,Kruss,0,40X,3174,54,YCT 26,I-XII. TĂNG SẢN LÀNH TÍNH TUYẾN TIỀN LIỆT KÈM VIÊM CẤP TÍNH,Slide9-10,False,
IMG_20260328_132157_300.tiff,IMG_20260328_132157_300,Kruss,0,40X,3175,54,YCT 26,I-XII. TĂNG SẢN LÀNH TÍNH TUYẾN TIỀN LIỆT KÈM VIÊM CẤP TÍNH,Slide9-10,False,
IMG_20260328_132157_654.tiff,IMG_20260328_132157_654,Kruss,0,40X,3176,54,YCT 26,I-XII. TĂNG SẢN LÀNH TÍNH TUYẾN TIỀN LIỆT KÈM VIÊM CẤP TÍNH,Slide9-10,False,
IMG_20260328_132158_030.tiff,IMG_20260328_132158_030,Kruss,0,40X,3177,54,YCT 26,I-XII. TĂNG SẢN LÀNH TÍNH TUYẾN TIỀN LIỆT KÈM VIÊM CẤP TÍNH,Slide9-10,False,
IMG_20260328_132404_617.tiff,IMG_20260328_132404_617,Kruss,0,40X,3178,54,YCT 26,I-XII. TĂNG SẢN LÀNH TÍNH TUYẾN TIỀN LIỆT KÈM VIÊM CẤP TÍNH,Slide9-10,False,
IMG_20260328_132404_964.tiff,IMG_20260328_132404_964,Kruss,0,40X,3179,54,YCT 26,I-XII. TĂNG SẢN LÀNH TÍNH TUYẾN TIỀN LIỆT KÈM VIÊM CẤP TÍNH,Slide9-10,False,
IMG_20260328_132405_306.tiff,IMG_20260328_132405_306,Kruss,0,40X,3180,54,YCT 26,I-XII. TĂNG SẢN LÀNH TÍNH TUYẾN TIỀN LIỆT KÈM VIÊM CẤP TÍNH,Slide9-10,False,
IMG_20260328_132405_662.tiff,IMG_20260328_132405_662,Kruss,0,40X,3181,54,YCT 26,I-XII. TĂNG SẢN LÀNH TÍNH TUYẾN TIỀN LIỆT KÈM VIÊM CẤP TÍNH,Slide9-10,False,
IMG_20260328_132406_010.tiff,IMG_20260328_132406_010,Kruss,0,40X,3182,54,YCT 26,I-XII. TĂNG SẢN LÀNH TÍNH TUYẾN TIỀN LIỆT KÈM VIÊM CẤP TÍNH,Slide9-10,False,
IMG_20260328_130741_902.tiff,IMG_20260328_130741_902,Kruss,0,4X,3148,54,YCT 26,I-XII. TĂNG SẢN LÀNH TÍNH TUYẾN TIỀN LIỆT KÈM VIÊM CẤP TÍNH,Slide9-10,True,IMG_20260328_130741_902.tiff
IMG_20260328_130742_231.tiff,IMG_20260328_130742_231,Kruss,0,4X,3149,54,YCT 26,I-XII. TĂNG SẢN LÀNH TÍNH TUYẾN TIỀN LIỆT KÈM VIÊM CẤP TÍNH,Slide9-10,True,IMG_20260328_130742_231.tiff
IMG_20260328_130742_857.tiff,IMG_20260328_130742_857,Kruss,0,4X,3151,54,YCT 26,I-XII. TĂNG SẢN LÀNH TÍNH TUYẾN TIỀN LIỆT KÈM VIÊM CẤP TÍNH,Slide9-10,True,IMG_20260328_130742_857.tiff
IMG_20260328_130743_501.tiff,IMG_20260328_130743_501,Kruss,0,4X,3153,54,YCT 26,I-XII. TĂNG SẢN LÀNH TÍNH TUYẾN TIỀN LIỆT KÈM VIÊM CẤP TÍNH,Slide9-10,True,IMG_20260328_130743_501.tiff
IMG_20260327_130058_474.tiff,IMG_20260327_130058_474,Kruss,0,10X,2333,55,YCT 26,I-XII. TĂNG SẢN LÀNH TÍNH TUYẾN TIỀN LIỆT,Slide1-2,False,
IMG_20260327_130058_821.tiff,IMG_20260327_130058_821,Kruss,0,10X,2334,55,YCT 26,I-XII. TĂNG SẢN LÀNH TÍNH TUYẾN TIỀN LIỆT,Slide1-2,False,
IMG_20260327_130059_144.tiff,IMG_20260327_130059_144,Kruss,0,10X,2335,55,YCT 26,I-XII. TĂNG SẢN LÀNH TÍNH TUYẾN TIỀN LIỆT,Slide1-2,False,
IMG_20260327_130059_480.tiff,IMG_20260327_130059_480,Kruss,0,10X,2336,55,YCT 26,I-XII. TĂNG SẢN LÀNH TÍNH TUYẾN TIỀN LIỆT,Slide1-2,False,
IMG_20260327_130059_822.tiff,IMG_20260327_130059_822,Kruss,0,10X,2337,55,YCT 26,I-XII. TĂNG SẢN LÀNH TÍNH TUYẾN TIỀN LIỆT,Slide1-2,False,
IMG_20260327_130100_128.tiff,IMG_20260327_130100_128,Kruss,0,10X,2338,55,YCT 26,I-XII. TĂNG SẢN LÀNH TÍNH TUYẾN TIỀN LIỆT,Slide1-2,False,
IMG_20260327_130100_448.tiff,IMG_20260327_130100_448,Kruss,0,10X,2339,55,YCT 26,I-XII. TĂNG SẢN LÀNH TÍNH TUYẾN TIỀN LIỆT,Slide1-2,False,
IMG_20260327_130100_816.tiff,IMG_20260327_130100_816,Kruss,0,10X,2340,55,YCT 26,I-XII. TĂNG SẢN LÀNH TÍNH TUYẾN TIỀN LIỆT,Slide1-2,False,
IMG_20260327_130652_647.tiff,IMG_20260327_130652_647,Kruss,0,40X,2341,55,YCT 26,I-XII. TĂNG SẢN LÀNH TÍNH TUYẾN TIỀN LIỆT,Slide1-2,False,
IMG_20260327_130652_997.tiff,IMG_20260327_130652_997,Kruss,0,40X,2342,55,YCT 26,I-XII. TĂNG SẢN LÀNH TÍNH TUYẾN TIỀN LIỆT,Slide1-2,False,
IMG_20260327_130653_371.tiff,IMG_20260327_130653_371,Kruss,0,40X,2343,55,YCT 26,I-XII. TĂNG SẢN LÀNH TÍNH TUYẾN TIỀN LIỆT,Slide1-2,False,
IMG_20260327_130653_733.tiff,IMG_20260327_130653_733,Kruss,0,40X,2344,55,YCT 26,I-XII. TĂNG SẢN LÀNH TÍNH TUYẾN TIỀN LIỆT,Slide1-2,False,
IMG_20260327_130654_084.tiff,IMG_20260327_130654_084,Kruss,0,40X,2345,55,YCT 26,I-XII. TĂNG SẢN LÀNH TÍNH TUYẾN TIỀN LIỆT,Slide1-2,False,
IMG_20260327_130654_466.tiff,IMG_20260327_130654_466,Kruss,0,40X,2346,55,YCT 26,I-XII. TĂNG SẢN LÀNH TÍNH TUYẾN TIỀN LIỆT,Slide1-2,False,
IMG_20260327_130654_880.tiff,IMG_20260327_130654_880,Kruss,0,40X,2347,55,YCT 26,I-XII. TĂNG SẢN LÀNH TÍNH TUYẾN TIỀN LIỆT,Slide1-2,False,
IMG_20260327_130655_257.tiff,IMG_20260327_130655_257,Kruss,0,40X,2348,55,YCT 26,I-XII. TĂNG SẢN LÀNH TÍNH TUYẾN TIỀN LIỆT,Slide1-2,False,
IMG_20260327_130807_423.tiff,IMG_20260327_130807_423,Kruss,0,40X,2349,55,YCT 26,I-XII. TĂNG SẢN LÀNH TÍNH TUYẾN TIỀN LIỆT,Slide1-2,False,
IMG_20260327_130807_799.tiff,IMG_20260327_130807_799,Kruss,0,40X,2350,55,YCT 26,I-XII. TĂNG SẢN LÀNH TÍNH TUYẾN TIỀN LIỆT,Slide1-2,False,
IMG_20260327_125817_508.tiff,IMG_20260327_125817_508,Kruss,0,4X,2329,55,YCT 26,I-XII. TĂNG SẢN LÀNH TÍNH TUYẾN TIỀN LIỆT,Slide1-2,True,IMG_20260327_125817_508.tiff
IMG_20260327_125817_874.tiff,IMG_20260327_125817_874,Kruss,0,4X,2330,55,YCT 26,I-XII. TĂNG SẢN LÀNH TÍNH TUYẾN TIỀN LIỆT,Slide1-2,True,IMG_20260327_125817_874.tiff
IMG_20260327_125818_198.tiff,IMG_20260327_125818_198,Kruss,0,4X,2331,55,YCT 26,I-XII. TĂNG SẢN LÀNH TÍNH TUYẾN TIỀN LIỆT,Slide1-2,True,IMG_20260327_125818_198.tiff
IMG_20260327_125818_539.tiff,IMG_20260327_125818_539,Kruss,0,4X,2332,55,YCT 26,I-XII. TĂNG SẢN LÀNH TÍNH TUYẾN TIỀN LIỆT,Slide1-2,True,IMG_20260327_125818_539.tiff
IMG_20260327_145502_362.tiff,IMG_20260327_145502_362,Kruss,0,10X,2521,55,YCT 26,I-XII. TĂNG SẢN LÀNH TÍNH TUYẾN TIỀN LIỆT,Slide11-12,False,
IMG_20260327_145502_721.tiff,IMG_20260327_145502_721,Kruss,0,10X,2522,55,YCT 26,I-XII. TĂNG SẢN LÀNH TÍNH TUYẾN TIỀN LIỆT,Slide11-12,False,
IMG_20260327_145503_061.tiff,IMG_20260327_145503_061,Kruss,0,10X,2523,55,YCT 26,I-XII. TĂNG SẢN LÀNH TÍNH TUYẾN TIỀN LIỆT,Slide11-12,False,
IMG_20260327_145503_388.tiff,IMG_20260327_145503_388,Kruss,0,10X,2524,55,YCT 26,I-XII. TĂNG SẢN LÀNH TÍNH TUYẾN TIỀN LIỆT,Slide11-12,False,
IMG_20260327_145504_034.tiff,IMG_20260327_145504_034,Kruss,0,10X,2526,55,YCT 26,I-XII. TĂNG SẢN LÀNH TÍNH TUYẾN TIỀN LIỆT,Slide11-12,False,
IMG_20260327_145504_358.tiff,IMG_20260327_145504_358,Kruss,0,10X,2527,55,YCT 26,I-XII. TĂNG SẢN LÀNH TÍNH TUYẾN TIỀN LIỆT,Slide11-12,False,
IMG_20260327_145913_053.tiff,IMG_20260327_145913_053,Kruss,0,40X,2529,55,YCT 26,I-XII. TĂNG SẢN LÀNH TÍNH TUYẾN TIỀN LIỆT,Slide11-12,False,
IMG_20260327_145913_390.tiff,IMG_20260327_145913_390,Kruss,0,40X,2530,55,YCT 26,I-XII. TĂNG SẢN LÀNH TÍNH TUYẾN TIỀN LIỆT,Slide11-12,False,
IMG_20260327_145913_754.tiff,IMG_20260327_145913_754,Kruss,0,40X,2531,55,YCT 26,I-XII. TĂNG SẢN LÀNH TÍNH TUYẾN TIỀN LIỆT,Slide11-12,False,
IMG_20260327_145914_091.tiff,IMG_20260327_145914_091,Kruss,0,40X,2532,55,YCT 26,I-XII. TĂNG SẢN LÀNH TÍNH TUYẾN TIỀN LIỆT,Slide11-12,False,
IMG_20260327_145914_449.tiff,IMG_20260327_145914_449,Kruss,0,40X,2533,55,YCT 26,I-XII. TĂNG SẢN LÀNH TÍNH TUYẾN TIỀN LIỆT,Slide11-12,False,
IMG_20260327_145307_662.tiff,IMG_20260327_145307_662,Kruss,0,4X,2519,55,YCT 26,I-XII. TĂNG SẢN LÀNH TÍNH TUYẾN TIỀN LIỆT,Slide11-12,True,IMG_20260327_145307_662.tiff
IMG_20260327_131445_306.tiff,IMG_20260327_131445_306,Kruss,0,10X,2356,55,YCT 26,I-XII. TĂNG SẢN LÀNH TÍNH TUYẾN TIỀN LIỆT,Slide3-4,False,
IMG_20260327_131445_626.tiff,IMG_20260327_131445_626,Kruss,0,10X,2357,55,YCT 26,I-XII. TĂNG SẢN LÀNH TÍNH TUYẾN TIỀN LIỆT,Slide3-4,False,
IMG_20260327_131446_477.tiff,IMG_20260327_131446_477,Kruss,0,10X,2358,55,YCT 26,I-XII. TĂNG SẢN LÀNH TÍNH TUYẾN TIỀN LIỆT,Slide3-4,False,
IMG_20260327_131446_789.tiff,IMG_20260327_131446_789,Kruss,0,10X,2359,55,YCT 26,I-XII. TĂNG SẢN LÀNH TÍNH TUYẾN TIỀN LIỆT,Slide3-4,False,
IMG_20260327_131447_126.tiff,IMG_20260327_131447_126,Kruss,0,10X,2360,55,YCT 26,I-XII. TĂNG SẢN LÀNH TÍNH TUYẾN TIỀN LIỆT,Slide3-4,False,
IMG_20260327_131447_468.tiff,IMG_20260327_131447_468,Kruss,0,10X,2361,55,YCT 26,I-XII. TĂNG SẢN LÀNH TÍNH TUYẾN TIỀN LIỆT,Slide3-4,False,
IMG_20260327_131447_808.tiff,IMG_20260327_131447_808,Kruss,0,10X,2362,55,YCT 26,I-XII. TĂNG SẢN LÀNH TÍNH TUYẾN TIỀN LIỆT,Slide3-4,False,
IMG_20260327_131448_136.tiff,IMG_20260327_131448_136,Kruss,0,10X,2363,55,YCT 26,I-XII. TĂNG SẢN LÀNH TÍNH TUYẾN TIỀN LIỆT,Slide3-4,False,
IMG_20260327_131636_902.tiff,IMG_20260327_131636_902,Kruss,0,10X,2364,55,YCT 26,I-XII. TĂNG SẢN LÀNH TÍNH TUYẾN TIỀN LIỆT,Slide3-4,False,
IMG_20260327_131637_362.tiff,IMG_20260327_131637_362,Kruss,0,10X,2365,55,YCT 26,I-XII. TĂNG SẢN LÀNH TÍNH TUYẾN TIỀN LIỆT,Slide3-4,False,
IMG_20260327_131637_707.tiff,IMG_20260327_131637_707,Kruss,0,10X,2366,55,YCT 26,I-XII. TĂNG SẢN LÀNH TÍNH TUYẾN TIỀN LIỆT,Slide3-4,False,
IMG_20260327_131638_077.tiff,IMG_20260327_131638_077,Kruss,0,10X,2367,55,YCT 26,I-XII. TĂNG SẢN LÀNH TÍNH TUYẾN TIỀN LIỆT,Slide3-4,False,
IMG_20260327_131638_763.tiff,IMG_20260327_131638_763,Kruss,0,10X,2369,55,YCT 26,I-XII. TĂNG SẢN LÀNH TÍNH TUYẾN TIỀN LIỆT,Slide3-4,False,
IMG_20260327_132413_999.tiff,IMG_20260327_132413_999,Kruss,0,40X,2370,55,YCT 26,I-XII. TĂNG SẢN LÀNH TÍNH TUYẾN TIỀN LIỆT,Slide3-4,False,
IMG_20260327_132414_337.tiff,IMG_20260327_132414_337,Kruss,0,40X,2371,55,YCT 26,I-XII. TĂNG SẢN LÀNH TÍNH TUYẾN TIỀN LIỆT,Slide3-4,False,
IMG_20260327_132414_665.tiff,IMG_20260327_132414_665,Kruss,0,40X,2372,55,YCT 26,I-XII. TĂNG SẢN LÀNH TÍNH TUYẾN TIỀN LIỆT,Slide3-4,False,
IMG_20260327_132414_998.tiff,IMG_20260327_132414_998,Kruss,0,40X,2373,55,YCT 26,I-XII. TĂNG SẢN LÀNH TÍNH TUYẾN TIỀN LIỆT,Slide3-4,False,
IMG_20260327_132415_329.tiff,IMG_20260327_132415_329,Kruss,0,40X,2374,55,YCT 26,I-XII. TĂNG SẢN LÀNH TÍNH TUYẾN TIỀN LIỆT,Slide3-4,False,
IMG_20260327_132415_658.tiff,IMG_20260327_132415_658,Kruss,0,40X,2375,55,YCT 26,I-XII. TĂNG SẢN LÀNH TÍNH TUYẾN TIỀN LIỆT,Slide3-4,False,
IMG_20260327_132415_984.tiff,IMG_20260327_132415_984,Kruss,0,40X,2376,55,YCT 26,I-XII. TĂNG SẢN LÀNH TÍNH TUYẾN TIỀN LIỆT,Slide3-4,False,
IMG_20260327_132416_330.tiff,IMG_20260327_132416_330,Kruss,0,40X,2377,55,YCT 26,I-XII. TĂNG SẢN LÀNH TÍNH TUYẾN TIỀN LIỆT,Slide3-4,False,
IMG_20260327_132755_571.tiff,IMG_20260327_132755_571,Kruss,0,40X,2378,55,YCT 26,I-XII. TĂNG SẢN LÀNH TÍNH TUYẾN TIỀN LIỆT,Slide3-4,False,
IMG_20260327_132755_920.tiff,IMG_20260327_132755_920,Kruss,0,40X,2379,55,YCT 26,I-XII. TĂNG SẢN LÀNH TÍNH TUYẾN TIỀN LIỆT,Slide3-4,False,
IMG_20260327_132756_266.tiff,IMG_20260327_132756_266,Kruss,0,40X,2380,55,YCT 26,I-XII. TĂNG SẢN LÀNH TÍNH TUYẾN TIỀN LIỆT,Slide3-4,False,
IMG_20260327_132756_653.tiff,IMG_20260327_132756_653,Kruss,0,40X,2381,55,YCT 26,I-XII. TĂNG SẢN LÀNH TÍNH TUYẾN TIỀN LIỆT,Slide3-4,False,
IMG_20260327_132757_014.tiff,IMG_20260327_132757_014,Kruss,0,40X,2382,55,YCT 26,I-XII. TĂNG SẢN LÀNH TÍNH TUYẾN TIỀN LIỆT,Slide3-4,False,
IMG_20260327_132757_376.tiff,IMG_20260327_132757_376,Kruss,0,40X,2383,55,YCT 26,I-XII. TĂNG SẢN LÀNH TÍNH TUYẾN TIỀN LIỆT,Slide3-4,False,
IMG_20260327_132757_735.tiff,IMG_20260327_132757_735,Kruss,0,40X,2384,55,YCT 26,I-XII. TĂNG SẢN LÀNH TÍNH TUYẾN TIỀN LIỆT,Slide3-4,False,
IMG_20260327_132758_087.tiff,IMG_20260327_132758_087,Kruss,0,40X,2385,55,YCT 26,I-XII. TĂNG SẢN LÀNH TÍNH TUYẾN TIỀN LIỆT,Slide3-4,False,
IMG_20260327_133137_333.tiff,IMG_20260327_133137_333,Kruss,0,40X,2386,55,YCT 26,I-XII. TĂNG SẢN LÀNH TÍNH TUYẾN TIỀN LIỆT,Slide3-4,False,
IMG_20260327_133137_693.tiff,IMG_20260327_133137_693,Kruss,0,40X,2387,55,YCT 26,I-XII. TĂNG SẢN LÀNH TÍNH TUYẾN TIỀN LIỆT,Slide3-4,False,
IMG_20260327_133138_059.tiff,IMG_20260327_133138_059,Kruss,0,40X,2388,55,YCT 26,I-XII. TĂNG SẢN LÀNH TÍNH TUYẾN TIỀN LIỆT,Slide3-4,False,
IMG_20260327_133138_442.tiff,IMG_20260327_133138_442,Kruss,0,40X,2389,55,YCT 26,I-XII. TĂNG SẢN LÀNH TÍNH TUYẾN TIỀN LIỆT,Slide3-4,False,
IMG_20260327_133138_824.tiff,IMG_20260327_133138_824,Kruss,0,40X,2390,55,YCT 26,I-XII. TĂNG SẢN LÀNH TÍNH TUYẾN TIỀN LIỆT,Slide3-4,False,
IMG_20260327_133139_173.tiff,IMG_20260327_133139_173,Kruss,0,40X,2391,55,YCT 26,I-XII. TĂNG SẢN LÀNH TÍNH TUYẾN TIỀN LIỆT,Slide3-4,False,
IMG_20260327_133139_551.tiff,IMG_20260327_133139_551,Kruss,0,40X,2392,55,YCT 26,I-XII. TĂNG SẢN LÀNH TÍNH TUYẾN TIỀN LIỆT,Slide3-4,False,
IMG_20260327_133139_911.tiff,IMG_20260327_133139_911,Kruss,0,40X,2393,55,YCT 26,I-XII. TĂNG SẢN LÀNH TÍNH TUYẾN TIỀN LIỆT,Slide3-4,False,
IMG_20260327_133625_524.tiff,IMG_20260327_133625_524,Kruss,0,40X,2394,55,YCT 26,I-XII. TĂNG SẢN LÀNH TÍNH TUYẾN TIỀN LIỆT,Slide3-4,False,
IMG_20260327_133625_878.tiff,IMG_20260327_133625_878,Kruss,0,40X,2395,55,YCT 26,I-XII. TĂNG SẢN LÀNH TÍNH TUYẾN TIỀN LIỆT,Slide3-4,False,
IMG_20260327_133626_219.tiff,IMG_20260327_133626_219,Kruss,0,40X,2396,55,YCT 26,I-XII. TĂNG SẢN LÀNH TÍNH TUYẾN TIỀN LIỆT,Slide3-4,False,
IMG_20260327_133626_587.tiff,IMG_20260327_133626_587,Kruss,0,40X,2397,55,YCT 26,I-XII. TĂNG SẢN LÀNH TÍNH TUYẾN TIỀN LIỆT,Slide3-4,False,
IMG_20260327_133626_927.tiff,IMG_20260327_133626_927,Kruss,0,40X,2398,55,YCT 26,I-XII. TĂNG SẢN LÀNH TÍNH TUYẾN TIỀN LIỆT,Slide3-4,False,
IMG_20260327_133627_272.tiff,IMG_20260327_133627_272,Kruss,0,40X,2399,55,YCT 26,I-XII. TĂNG SẢN LÀNH TÍNH TUYẾN TIỀN LIỆT,Slide3-4,False,
IMG_20260327_131243_963.tiff,IMG_20260327_131243_963,Kruss,0,4X,2352,55,YCT 26,I-XII. TĂNG SẢN LÀNH TÍNH TUYẾN TIỀN LIỆT,Slide3-4,True,IMG_20260327_131243_963.tiff
IMG_20260327_131244_281.tiff,IMG_20260327_131244_281,Kruss,0,4X,2353,55,YCT 26,I-XII. TĂNG SẢN LÀNH TÍNH TUYẾN TIỀN LIỆT,Slide3-4,True,IMG_20260327_131244_281.tiff
IMG_20260327_131244_602.tiff,IMG_20260327_131244_602,Kruss,0,4X,2354,55,YCT 26,I-XII. TĂNG SẢN LÀNH TÍNH TUYẾN TIỀN LIỆT,Slide3-4,True,IMG_20260327_131244_602.tiff
IMG_20260327_131244_930.tiff,IMG_20260327_131244_930,Kruss,0,4X,2355,55,YCT 26,I-XII. TĂNG SẢN LÀNH TÍNH TUYẾN TIỀN LIỆT,Slide3-4,True,IMG_20260327_131244_930.tiff
IMG_20260327_135355_114.tiff,IMG_20260327_135355_114,Kruss,0,10X,2405,55,YCT 26,I-XII. TĂNG SẢN LÀNH TÍNH TUYẾN TIỀN LIỆT,Slide5-6,False,
IMG_20260327_135355_443.tiff,IMG_20260327_135355_443,Kruss,0,10X,2406,55,YCT 26,I-XII. TĂNG SẢN LÀNH TÍNH TUYẾN TIỀN LIỆT,Slide5-6,False,
IMG_20260327_135355_772.tiff,IMG_20260327_135355_772,Kruss,0,10X,2407,55,YCT 26,I-XII. TĂNG SẢN LÀNH TÍNH TUYẾN TIỀN LIỆT,Slide5-6,False,
IMG_20260327_135356_084.tiff,IMG_20260327_135356_084,Kruss,0,10X,2408,55,YCT 26,I-XII. TĂNG SẢN LÀNH TÍNH TUYẾN TIỀN LIỆT,Slide5-6,False,
IMG_20260327_135356_397.tiff,IMG_20260327_135356_397,Kruss,0,10X,2409,55,YCT 26,I-XII. TĂNG SẢN LÀNH TÍNH TUYẾN TIỀN LIỆT,Slide5-6,False,
IMG_20260327_135356_740.tiff,IMG_20260327_135356_740,Kruss,0,10X,2410,55,YCT 26,I-XII. TĂNG SẢN LÀNH TÍNH TUYẾN TIỀN LIỆT,Slide5-6,False,
IMG_20260327_135357_090.tiff,IMG_20260327_135357_090,Kruss,0,10X,2411,55,YCT 26,I-XII. TĂNG SẢN LÀNH TÍNH TUYẾN TIỀN LIỆT,Slide5-6,False,
IMG_20260327_135357_428.tiff,IMG_20260327_135357_428,Kruss,0,10X,2412,55,YCT 26,I-XII. TĂNG SẢN LÀNH TÍNH TUYẾN TIỀN LIỆT,Slide5-6,False,
IMG_20260327_135744_497.tiff,IMG_20260327_135744_497,Kruss,0,10X,2413,55,YCT 26,I-XII. TĂNG SẢN LÀNH TÍNH TUYẾN TIỀN LIỆT,Slide5-6,False,
IMG_20260327_135744_822.tiff,IMG_20260327_135744_822,Kruss,0,10X,2414,55,YCT 26,I-XII. TĂNG SẢN LÀNH TÍNH TUYẾN TIỀN LIỆT,Slide5-6,False,
IMG_20260327_135745_155.tiff,IMG_20260327_135745_155,Kruss,0,10X,2415,55,YCT 26,I-XII. TĂNG SẢN LÀNH TÍNH TUYẾN TIỀN LIỆT,Slide5-6,False,
IMG_20260327_135745_490.tiff,IMG_20260327_135745_490,Kruss,0,10X,2416,55,YCT 26,I-XII. TĂNG SẢN LÀNH TÍNH TUYẾN TIỀN LIỆT,Slide5-6,False,
IMG_20260327_135745_812.tiff,IMG_20260327_135745_812,Kruss,0,10X,2417,55,YCT 26,I-XII. TĂNG SẢN LÀNH TÍNH TUYẾN TIỀN LIỆT,Slide5-6,False,
IMG_20260327_135746_149.tiff,IMG_20260327_135746_149,Kruss,0,10X,2418,55,YCT 26,I-XII. TĂNG SẢN LÀNH TÍNH TUYẾN TIỀN LIỆT,Slide5-6,False,
IMG_20260327_135746_499.tiff,IMG_20260327_135746_499,Kruss,0,10X,2419,55,YCT 26,I-XII. TĂNG SẢN LÀNH TÍNH TUYẾN TIỀN LIỆT,Slide5-6,False,
IMG_20260327_135746_867.tiff,IMG_20260327_135746_867,Kruss,0,10X,2420,55,YCT 26,I-XII. TĂNG SẢN LÀNH TÍNH TUYẾN TIỀN LIỆT,Slide5-6,False,
IMG_20260327_135807_831.tiff,IMG_20260327_135807_831,Kruss,0,10X,2421,55,YCT 26,I-XII. TĂNG SẢN LÀNH TÍNH TUYẾN TIỀN LIỆT,Slide5-6,False,
IMG_20260327_140410_005.tiff,IMG_20260327_140410_005,Kruss,0,40X,2422,55,YCT 26,I-XII. TĂNG SẢN LÀNH TÍNH TUYẾN TIỀN LIỆT,Slide5-6,False,
IMG_20260327_140410_366.tiff,IMG_20260327_140410_366,Kruss,0,40X,2423,55,YCT 26,I-XII. TĂNG SẢN LÀNH TÍNH TUYẾN TIỀN LIỆT,Slide5-6,False,
IMG_20260327_140410_705.tiff,IMG_20260327_140410_705,Kruss,0,40X,2424,55,YCT 26,I-XII. TĂNG SẢN LÀNH TÍNH TUYẾN TIỀN LIỆT,Slide5-6,False,
IMG_20260327_140411_073.tiff,IMG_20260327_140411_073,Kruss,0,40X,2425,55,YCT 26,I-XII. TĂNG SẢN LÀNH TÍNH TUYẾN TIỀN LIỆT,Slide5-6,False,
IMG_20260327_140411_386.tiff,IMG_20260327_140411_386,Kruss,0,40X,2426,55,YCT 26,I-XII. TĂNG SẢN LÀNH TÍNH TUYẾN TIỀN LIỆT,Slide5-6,False,
IMG_20260327_140411_745.tiff,IMG_20260327_140411_745,Kruss,0,40X,2427,55,YCT 26,I-XII. TĂNG SẢN LÀNH TÍNH TUYẾN TIỀN LIỆT,Slide5-6,False,
IMG_20260327_140412_080.tiff,IMG_20260327_140412_080,Kruss,0,40X,2428,55,YCT 26,I-XII. TĂNG SẢN LÀNH TÍNH TUYẾN TIỀN LIỆT,Slide5-6,False,
IMG_20260327_140412_400.tiff,IMG_20260327_140412_400,Kruss,0,40X,2429,55,YCT 26,I-XII. TĂNG SẢN LÀNH TÍNH TUYẾN TIỀN LIỆT,Slide5-6,False,
IMG_20260327_140815_961.tiff,IMG_20260327_140815_961,Kruss,0,40X,2430,55,YCT 26,I-XII. TĂNG SẢN LÀNH TÍNH TUYẾN TIỀN LIỆT,Slide5-6,False,
IMG_20260327_140816_317.tiff,IMG_20260327_140816_317,Kruss,0,40X,2431,55,YCT 26,I-XII. TĂNG SẢN LÀNH TÍNH TUYẾN TIỀN LIỆT,Slide5-6,False,
IMG_20260327_140816_701.tiff,IMG_20260327_140816_701,Kruss,0,40X,2432,55,YCT 26,I-XII. TĂNG SẢN LÀNH TÍNH TUYẾN TIỀN LIỆT,Slide5-6,False,
IMG_20260327_140817_102.tiff,IMG_20260327_140817_102,Kruss,0,40X,2433,55,YCT 26,I-XII. TĂNG SẢN LÀNH TÍNH TUYẾN TIỀN LIỆT,Slide5-6,False,
IMG_20260327_140817_470.tiff,IMG_20260327_140817_470,Kruss,0,40X,2434,55,YCT 26,I-XII. TĂNG SẢN LÀNH TÍNH TUYẾN TIỀN LIỆT,Slide5-6,False,
IMG_20260327_140817_854.tiff,IMG_20260327_140817_854,Kruss,0,40X,2435,55,YCT 26,I-XII. TĂNG SẢN LÀNH TÍNH TUYẾN TIỀN LIỆT,Slide5-6,False,
IMG_20260327_140818_210.tiff,IMG_20260327_140818_210,Kruss,0,40X,2436,55,YCT 26,I-XII. TĂNG SẢN LÀNH TÍNH TUYẾN TIỀN LIỆT,Slide5-6,False,
IMG_20260327_140818_611.tiff,IMG_20260327_140818_611,Kruss,0,40X,2437,55,YCT 26,I-XII. TĂNG SẢN LÀNH TÍNH TUYẾN TIỀN LIỆT,Slide5-6,False,
IMG_20260327_141124_455.tiff,IMG_20260327_141124_455,Kruss,0,40X,2438,55,YCT 26,I-XII. TĂNG SẢN LÀNH TÍNH TUYẾN TIỀN LIỆT,Slide5-6,False,
IMG_20260327_141124_813.tiff,IMG_20260327_141124_813,Kruss,0,40X,2439,55,YCT 26,I-XII. TĂNG SẢN LÀNH TÍNH TUYẾN TIỀN LIỆT,Slide5-6,False,
IMG_20260327_141125_188.tiff,IMG_20260327_141125_188,Kruss,0,40X,2440,55,YCT 26,I-XII. TĂNG SẢN LÀNH TÍNH TUYẾN TIỀN LIỆT,Slide5-6,False,
IMG_20260327_141125_556.tiff,IMG_20260327_141125_556,Kruss,0,40X,2441,55,YCT 26,I-XII. TĂNG SẢN LÀNH TÍNH TUYẾN TIỀN LIỆT,Slide5-6,False,
IMG_20260327_141125_927.tiff,IMG_20260327_141125_927,Kruss,0,40X,2442,55,YCT 26,I-XII. TĂNG SẢN LÀNH TÍNH TUYẾN TIỀN LIỆT,Slide5-6,False,
IMG_20260327_141126_290.tiff,IMG_20260327_141126_290,Kruss,0,40X,2443,55,YCT 26,I-XII. TĂNG SẢN LÀNH TÍNH TUYẾN TIỀN LIỆT,Slide5-6,False,
IMG_20260327_141126_638.tiff,IMG_20260327_141126_638,Kruss,0,40X,2444,55,YCT 26,I-XII. TĂNG SẢN LÀNH TÍNH TUYẾN TIỀN LIỆT,Slide5-6,False,
IMG_20260327_141127_042.tiff,IMG_20260327_141127_042,Kruss,0,40X,2445,55,YCT 26,I-XII. TĂNG SẢN LÀNH TÍNH TUYẾN TIỀN LIỆT,Slide5-6,False,
IMG_20260327_141430_363.tiff,IMG_20260327_141430_363,Kruss,0,40X,2446,55,YCT 26,I-XII. TĂNG SẢN LÀNH TÍNH TUYẾN TIỀN LIỆT,Slide5-6,False,
IMG_20260327_141430_704.tiff,IMG_20260327_141430_704,Kruss,0,40X,2447,55,YCT 26,I-XII. TĂNG SẢN LÀNH TÍNH TUYẾN TIỀN LIỆT,Slide5-6,False,
IMG_20260327_141431_060.tiff,IMG_20260327_141431_060,Kruss,0,40X,2448,55,YCT 26,I-XII. TĂNG SẢN LÀNH TÍNH TUYẾN TIỀN LIỆT,Slide5-6,False,
IMG_20260327_141431_407.tiff,IMG_20260327_141431_407,Kruss,0,40X,2449,55,YCT 26,I-XII. TĂNG SẢN LÀNH TÍNH TUYẾN TIỀN LIỆT,Slide5-6,False,
IMG_20260327_134953_248.tiff,IMG_20260327_134953_248,Kruss,0,4X,2400,55,YCT 26,I-XII. TĂNG SẢN LÀNH TÍNH TUYẾN TIỀN LIỆT,Slide5-6,True,IMG_20260327_134953_248.tiff
IMG_20260327_134953_580.tiff,IMG_20260327_134953_580,Kruss,0,4X,2401,55,YCT 26,I-XII. TĂNG SẢN LÀNH TÍNH TUYẾN TIỀN LIỆT,Slide5-6,True,IMG_20260327_134953_580.tiff
IMG_20260327_134953_902.tiff,IMG_20260327_134953_902,Kruss,0,4X,2402,55,YCT 26,I-XII. TĂNG SẢN LÀNH TÍNH TUYẾN TIỀN LIỆT,Slide5-6,True,IMG_20260327_134953_902.tiff
IMG_20260327_134954_223.tiff,IMG_20260327_134954_223,Kruss,0,4X,2403,55,YCT 26,I-XII. TĂNG SẢN LÀNH TÍNH TUYẾN TIỀN LIỆT,Slide5-6,True,IMG_20260327_134954_223.tiff
IMG_20260327_134954_559.tiff,IMG_20260327_134954_559,Kruss,0,4X,2404,55,YCT 26,I-XII. TĂNG SẢN LÀNH TÍNH TUYẾN TIỀN LIỆT,Slide5-6,True,IMG_20260327_134954_559.tiff
IMG_20260327_143811_157.tiff,IMG_20260327_143811_157,Kruss,0,10X,2483,55,YCT 26,I-XII. TĂNG SẢN LÀNH TÍNH TUYẾN TIỀN LIỆT,Slide7-8,False,
IMG_20260327_143811_506.tiff,IMG_20260327_143811_506,Kruss,0,10X,2484,55,YCT 26,I-XII. TĂNG SẢN LÀNH TÍNH TUYẾN TIỀN LIỆT,Slide7-8,False,
IMG_20260327_143811_833.tiff,IMG_20260327_143811_833,Kruss,0,10X,2485,55,YCT 26,I-XII. TĂNG SẢN LÀNH TÍNH TUYẾN TIỀN LIỆT,Slide7-8,False,
IMG_20260327_143812_168.tiff,IMG_20260327_143812_168,Kruss,0,10X,2486,55,YCT 26,I-XII. TĂNG SẢN LÀNH TÍNH TUYẾN TIỀN LIỆT,Slide7-8,False,
IMG_20260327_143812_471.tiff,IMG_20260327_143812_471,Kruss,0,10X,2487,55,YCT 26,I-XII. TĂNG SẢN LÀNH TÍNH TUYẾN TIỀN LIỆT,Slide7-8,False,
IMG_20260327_143242_726.tiff,IMG_20260327_143242_726,Kruss,0,40X,2473,55,YCT 26,I-XII. TĂNG SẢN LÀNH TÍNH TUYẾN TIỀN LIỆT,Slide7-8,False,
IMG_20260327_143243_069.tiff,IMG_20260327_143243_069,Kruss,0,40X,2474,55,YCT 26,I-XII. TĂNG SẢN LÀNH TÍNH TUYẾN TIỀN LIỆT,Slide7-8,False,
IMG_20260327_143243_403.tiff,IMG_20260327_143243_403,Kruss,0,40X,2475,55,YCT 26,I-XII. TĂNG SẢN LÀNH TÍNH TUYẾN TIỀN LIỆT,Slide7-8,False,
IMG_20260327_143243_737.tiff,IMG_20260327_143243_737,Kruss,0,40X,2476,55,YCT 26,I-XII. TĂNG SẢN LÀNH TÍNH TUYẾN TIỀN LIỆT,Slide7-8,False,
IMG_20260327_143244_092.tiff,IMG_20260327_143244_092,Kruss,0,40X,2477,55,YCT 26,I-XII. TĂNG SẢN LÀNH TÍNH TUYẾN TIỀN LIỆT,Slide7-8,False,
IMG_20260327_143244_433.tiff,IMG_20260327_143244_433,Kruss,0,40X,2478,55,YCT 26,I-XII. TĂNG SẢN LÀNH TÍNH TUYẾN TIỀN LIỆT,Slide7-8,False,
IMG_20260327_143244_778.tiff,IMG_20260327_143244_778,Kruss,0,40X,2479,55,YCT 26,I-XII. TĂNG SẢN LÀNH TÍNH TUYẾN TIỀN LIỆT,Slide7-8,False,
IMG_20260327_143245_150.tiff,IMG_20260327_143245_150,Kruss,0,40X,2480,55,YCT 26,I-XII. TĂNG SẢN LÀNH TÍNH TUYẾN TIỀN LIỆT,Slide7-8,False,
IMG_20260327_143438_420.tiff,IMG_20260327_143438_420,Kruss,0,40X,2481,55,YCT 26,I-XII. TĂNG SẢN LÀNH TÍNH TUYẾN TIỀN LIỆT,Slide7-8,False,
IMG_20260327_143438_778.tiff,IMG_20260327_143438_778,Kruss,0,40X,2482,55,YCT 26,I-XII. TĂNG SẢN LÀNH TÍNH TUYẾN TIỀN LIỆT,Slide7-8,False,
IMG_20260327_141843_988.tiff,IMG_20260327_141843_988,Kruss,0,4X,2450,55,YCT 26,I-XII. TĂNG SẢN LÀNH TÍNH TUYẾN TIỀN LIỆT,Slide7-8,True,IMG_20260327_141843_988.tiff
IMG_20260327_141844_314.tiff,IMG_20260327_141844_314,Kruss,0,4X,2451,55,YCT 26,I-XII. TĂNG SẢN LÀNH TÍNH TUYẾN TIỀN LIỆT,Slide7-8,True,IMG_20260327_141844_314.tiff
IMG_20260327_141844_622.tiff,IMG_20260327_141844_622,Kruss,0,4X,2452,55,YCT 26,I-XII. TĂNG SẢN LÀNH TÍNH TUYẾN TIỀN LIỆT,Slide7-8,True,IMG_20260327_141844_622.tiff
IMG_20260327_144335_399.tiff,IMG_20260327_144335_399,Kruss,0,10X,2492,55,YCT 26,I-XII. TĂNG SẢN LÀNH TÍNH TUYẾN TIỀN LIỆT,Slide9-10,False,
IMG_20260327_144335_752.tiff,IMG_20260327_144335_752,Kruss,0,10X,2493,55,YCT 26,I-XII. TĂNG SẢN LÀNH TÍNH TUYẾN TIỀN LIỆT,Slide9-10,False,
IMG_20260327_144336_072.tiff,IMG_20260327_144336_072,Kruss,0,10X,2494,55,YCT 26,I-XII. TĂNG SẢN LÀNH TÍNH TUYẾN TIỀN LIỆT,Slide9-10,False,
IMG_20260327_144336_432.tiff,IMG_20260327_144336_432,Kruss,0,10X,2495,55,YCT 26,I-XII. TĂNG SẢN LÀNH TÍNH TUYẾN TIỀN LIỆT,Slide9-10,False,
IMG_20260327_144336_798.tiff,IMG_20260327_144336_798,Kruss,0,10X,2496,55,YCT 26,I-XII. TĂNG SẢN LÀNH TÍNH TUYẾN TIỀN LIỆT,Slide9-10,False,
IMG_20260327_144337_126.tiff,IMG_20260327_144337_126,Kruss,0,10X,2497,55,YCT 26,I-XII. TĂNG SẢN LÀNH TÍNH TUYẾN TIỀN LIỆT,Slide9-10,False,
IMG_20260327_144337_524.tiff,IMG_20260327_144337_524,Kruss,0,10X,2498,55,YCT 26,I-XII. TĂNG SẢN LÀNH TÍNH TUYẾN TIỀN LIỆT,Slide9-10,False,
IMG_20260327_144337_899.tiff,IMG_20260327_144337_899,Kruss,0,10X,2499,55,YCT 26,I-XII. TĂNG SẢN LÀNH TÍNH TUYẾN TIỀN LIỆT,Slide9-10,False,
IMG_20260327_144432_948.tiff,IMG_20260327_144432_948,Kruss,0,10X,2501,55,YCT 26,I-XII. TĂNG SẢN LÀNH TÍNH TUYẾN TIỀN LIỆT,Slide9-10,False,
IMG_20260327_144433_275.tiff,IMG_20260327_144433_275,Kruss,0,10X,2502,55,YCT 26,I-XII. TĂNG SẢN LÀNH TÍNH TUYẾN TIỀN LIỆT,Slide9-10,False,
IMG_20260327_144433_608.tiff,IMG_20260327_144433_608,Kruss,0,10X,2503,55,YCT 26,I-XII. TĂNG SẢN LÀNH TÍNH TUYẾN TIỀN LIỆT,Slide9-10,False,
IMG_20260327_144639_700.tiff,IMG_20260327_144639_700,Kruss,0,40X,2504,55,YCT 26,I-XII. TĂNG SẢN LÀNH TÍNH TUYẾN TIỀN LIỆT,Slide9-10,False,
IMG_20260327_144640_070.tiff,IMG_20260327_144640_070,Kruss,0,40X,2505,55,YCT 26,I-XII. TĂNG SẢN LÀNH TÍNH TUYẾN TIỀN LIỆT,Slide9-10,False,
IMG_20260327_144640_407.tiff,IMG_20260327_144640_407,Kruss,0,40X,2506,55,YCT 26,I-XII. TĂNG SẢN LÀNH TÍNH TUYẾN TIỀN LIỆT,Slide9-10,False,
IMG_20260327_144640_776.tiff,IMG_20260327_144640_776,Kruss,0,40X,2507,55,YCT 26,I-XII. TĂNG SẢN LÀNH TÍNH TUYẾN TIỀN LIỆT,Slide9-10,False,
IMG_20260327_144641_156.tiff,IMG_20260327_144641_156,Kruss,0,40X,2508,55,YCT 26,I-XII. TĂNG SẢN LÀNH TÍNH TUYẾN TIỀN LIỆT,Slide9-10,False,
IMG_20260327_144641_506.tiff,IMG_20260327_144641_506,Kruss,0,40X,2509,55,YCT 26,I-XII. TĂNG SẢN LÀNH TÍNH TUYẾN TIỀN LIỆT,Slide9-10,False,
IMG_20260327_144641_931.tiff,IMG_20260327_144641_931,Kruss,0,40X,2510,55,YCT 26,I-XII. TĂNG SẢN LÀNH TÍNH TUYẾN TIỀN LIỆT,Slide9-10,False,
IMG_20260327_144642_307.tiff,IMG_20260327_144642_307,Kruss,0,40X,2511,55,YCT 26,I-XII. TĂNG SẢN LÀNH TÍNH TUYẾN TIỀN LIỆT,Slide9-10,False,
IMG_20260327_144902_860.tiff,IMG_20260327_144902_860,Kruss,0,40X,2512,55,YCT 26,I-XII. TĂNG SẢN LÀNH TÍNH TUYẾN TIỀN LIỆT,Slide9-10,False,
IMG_20260327_144903_232.tiff,IMG_20260327_144903_232,Kruss,0,40X,2513,55,YCT 26,I-XII. TĂNG SẢN LÀNH TÍNH TUYẾN TIỀN LIỆT,Slide9-10,False,
IMG_20260327_144903_584.tiff,IMG_20260327_144903_584,Kruss,0,40X,2514,55,YCT 26,I-XII. TĂNG SẢN LÀNH TÍNH TUYẾN TIỀN LIỆT,Slide9-10,False,
IMG_20260327_144903_951.tiff,IMG_20260327_144903_951,Kruss,0,40X,2515,55,YCT 26,I-XII. TĂNG SẢN LÀNH TÍNH TUYẾN TIỀN LIỆT,Slide9-10,False,
IMG_20260327_144904_304.tiff,IMG_20260327_144904_304,Kruss,0,40X,2516,55,YCT 26,I-XII. TĂNG SẢN LÀNH TÍNH TUYẾN TIỀN LIỆT,Slide9-10,False,
IMG_20260327_144904_738.tiff,IMG_20260327_144904_738,Kruss,0,40X,2517,55,YCT 26,I-XII. TĂNG SẢN LÀNH TÍNH TUYẾN TIỀN LIỆT,Slide9-10,False,
IMG_20260327_144905_145.tiff,IMG_20260327_144905_145,Kruss,0,40X,2518,55,YCT 26,I-XII. TĂNG SẢN LÀNH TÍNH TUYẾN TIỀN LIỆT,Slide9-10,False,
IMG_20260327_144002_474.tiff,IMG_20260327_144002_474,Kruss,0,4X,2488,55,YCT 26,I-XII. TĂNG SẢN LÀNH TÍNH TUYẾN TIỀN LIỆT,Slide9-10,True,IMG_20260327_144002_474.tiff
IMG_20260327_144002_794.tiff,IMG_20260327_144002_794,Kruss,0,4X,2489,55,YCT 26,I-XII. TĂNG SẢN LÀNH TÍNH TUYẾN TIỀN LIỆT,Slide9-10,True,IMG_20260327_144002_794.tiff
IMG_20260327_144003_199.tiff,IMG_20260327_144003_199,Kruss,0,4X,2490,55,YCT 26,I-XII. TĂNG SẢN LÀNH TÍNH TUYẾN TIỀN LIỆT,Slide9-10,True,IMG_20260327_144003_199.tiff
IMG_20260327_144003_546.tiff,IMG_20260327_144003_546,Kruss,0,4X,2491,55,YCT 26,I-XII. TĂNG SẢN LÀNH TÍNH TUYẾN TIỀN LIỆT,Slide9-10,True,IMG_20260327_144003_546.tiff
IMG_20260325_132522_331.tiff,IMG_20260325_132522_331,Kruss,0,10X,1130,703,YCT-26,I-XII. TĂNG SẢN LÀNH TÍNH TUYẾN TIỀN LIỆT ( PROSTATIC HYPERPLASIA ),Slide1-2,False,
IMG_20260325_132522_638.tiff,IMG_20260325_132522_638,Kruss,0,10X,1131,703,YCT-26,I-XII. TĂNG SẢN LÀNH TÍNH TUYẾN TIỀN LIỆT ( PROSTATIC HYPERPLASIA ),Slide1-2,False,
IMG_20260325_132522_928.tiff,IMG_20260325_132522_928,Kruss,0,10X,1132,703,YCT-26,I-XII. TĂNG SẢN LÀNH TÍNH TUYẾN TIỀN LIỆT ( PROSTATIC HYPERPLASIA ),Slide1-2,False,
IMG_20260325_132523_245.tiff,IMG_20260325_132523_245,Kruss,0,10X,1133,703,YCT-26,I-XII. TĂNG SẢN LÀNH TÍNH TUYẾN TIỀN LIỆT ( PROSTATIC HYPERPLASIA ),Slide1-2,False,
IMG_20260325_133109_746.tiff,IMG_20260325_133109_746,Kruss,0,40X,1138,703,YCT-26,I-XII. TĂNG SẢN LÀNH TÍNH TUYẾN TIỀN LIỆT ( PROSTATIC HYPERPLASIA ),Slide1-2,False,
IMG_20260325_133110_081.tiff,IMG_20260325_133110_081,Kruss,0,40X,1139,703,YCT-26,I-XII. TĂNG SẢN LÀNH TÍNH TUYẾN TIỀN LIỆT ( PROSTATIC HYPERPLASIA ),Slide1-2,False,
IMG_20260325_133305_373.tiff,IMG_20260325_133305_373,Kruss,0,40X,1141,703,YCT-26,I-XII. TĂNG SẢN LÀNH TÍNH TUYẾN TIỀN LIỆT ( PROSTATIC HYPERPLASIA ),Slide1-2,False,
IMG_20260325_133305_721.tiff,IMG_20260325_133305_721,Kruss,0,40X,1142,703,YCT-26,I-XII. TĂNG SẢN LÀNH TÍNH TUYẾN TIỀN LIỆT ( PROSTATIC HYPERPLASIA ),Slide1-2,False,
IMG_20260325_133349_016.tiff,IMG_20260325_133349_016,Kruss,0,40X,1146,703,YCT-26,I-XII. TĂNG SẢN LÀNH TÍNH TUYẾN TIỀN LIỆT ( PROSTATIC HYPERPLASIA ),Slide1-2,False,
IMG_20260325_133349_377.tiff,IMG_20260325_133349_377,Kruss,0,40X,1147,703,YCT-26,I-XII. TĂNG SẢN LÀNH TÍNH TUYẾN TIỀN LIỆT ( PROSTATIC HYPERPLASIA ),Slide1-2,False,
IMG_20260325_133611_311.tiff,IMG_20260325_133611_311,Kruss,0,40X,1149,703,YCT-26,I-XII. TĂNG SẢN LÀNH TÍNH TUYẾN TIỀN LIỆT ( PROSTATIC HYPERPLASIA ),Slide1-2,False,
IMG_20260325_133611_651.tiff,IMG_20260325_133611_651,Kruss,0,40X,1150,703,YCT-26,I-XII. TĂNG SẢN LÀNH TÍNH TUYẾN TIỀN LIỆT ( PROSTATIC HYPERPLASIA ),Slide1-2,False,
IMG_20260325_133612_009.tiff,IMG_20260325_133612_009,Kruss,0,40X,1151,703,YCT-26,I-XII. TĂNG SẢN LÀNH TÍNH TUYẾN TIỀN LIỆT ( PROSTATIC HYPERPLASIA ),Slide1-2,False,
IMG_20260325_133612_356.tiff,IMG_20260325_133612_356,Kruss,0,40X,1152,703,YCT-26,I-XII. TĂNG SẢN LÀNH TÍNH TUYẾN TIỀN LIỆT ( PROSTATIC HYPERPLASIA ),Slide1-2,False,
IMG_20260325_132309_039.tiff,IMG_20260325_132309_039,Kruss,0,4X,1125,703,YCT-26,I-XII. TĂNG SẢN LÀNH TÍNH TUYẾN TIỀN LIỆT ( PROSTATIC HYPERPLASIA ),Slide1-2,True,IMG_20260325_132309_039.tiff
IMG_20260325_132309_756.tiff,IMG_20260325_132309_756,Kruss,0,4X,1127,703,YCT-26,I-XII. TĂNG SẢN LÀNH TÍNH TUYẾN TIỀN LIỆT ( PROSTATIC HYPERPLASIA ),Slide1-2,True,IMG_20260325_132309_756.tiff
IMG_20260325_132310_088.tiff,IMG_20260325_132310_088,Kruss,0,4X,1128,703,YCT-26,I-XII. TĂNG SẢN LÀNH TÍNH TUYẾN TIỀN LIỆT ( PROSTATIC HYPERPLASIA ),Slide1-2,True,IMG_20260325_132310_088.tiff
IMG_20260325_132350_907.tiff,IMG_20260325_132350_907,Kruss,0,4X,1129,703,YCT-26,I-XII. TĂNG SẢN LÀNH TÍNH TUYẾN TIỀN LIỆT ( PROSTATIC HYPERPLASIA ),Slide1-2,True,IMG_20260325_132350_907.tiff
IMG_20260325_143039_786.tiff,IMG_20260325_143039_786,Kruss,0,10X,1296,703,YCT-26,I-XII. TĂNG SẢN LÀNH TÍNH TUYẾN TIỀN LIỆT ( PROSTATIC HYPERPLASIA ),Slide11-12,False,
IMG_20260325_143040_117.tiff,IMG_20260325_143040_117,Kruss,0,10X,1297,703,YCT-26,I-XII. TĂNG SẢN LÀNH TÍNH TUYẾN TIỀN LIỆT ( PROSTATIC HYPERPLASIA ),Slide11-12,False,
IMG_20260325_143040_460.tiff,IMG_20260325_143040_460,Kruss,0,10X,1298,703,YCT-26,I-XII. TĂNG SẢN LÀNH TÍNH TUYẾN TIỀN LIỆT ( PROSTATIC HYPERPLASIA ),Slide11-12,False,
IMG_20260325_143040_789.tiff,IMG_20260325_143040_789,Kruss,0,10X,1299,703,YCT-26,I-XII. TĂNG SẢN LÀNH TÍNH TUYẾN TIỀN LIỆT ( PROSTATIC HYPERPLASIA ),Slide11-12,False,
IMG_20260325_143121_231.tiff,IMG_20260325_143121_231,Kruss,0,10X,1300,703,YCT-26,I-XII. TĂNG SẢN LÀNH TÍNH TUYẾN TIỀN LIỆT ( PROSTATIC HYPERPLASIA ),Slide11-12,False,
IMG_20260325_143121_563.tiff,IMG_20260325_143121_563,Kruss,0,10X,1301,703,YCT-26,I-XII. TĂNG SẢN LÀNH TÍNH TUYẾN TIỀN LIỆT ( PROSTATIC HYPERPLASIA ),Slide11-12,False,
IMG_20260325_143121_918.tiff,IMG_20260325_143121_918,Kruss,0,10X,1302,703,YCT-26,I-XII. TĂNG SẢN LÀNH TÍNH TUYẾN TIỀN LIỆT ( PROSTATIC HYPERPLASIA ),Slide11-12,False,
IMG_20260325_143122_267.tiff,IMG_20260325_143122_267,Kruss,0,10X,1303,703,YCT-26,I-XII. TĂNG SẢN LÀNH TÍNH TUYẾN TIỀN LIỆT ( PROSTATIC HYPERPLASIA ),Slide11-12,False,
IMG_20260325_143131_725.tiff,IMG_20260325_143131_725,Kruss,0,10X,1304,703,YCT-26,I-XII. TĂNG SẢN LÀNH TÍNH TUYẾN TIỀN LIỆT ( PROSTATIC HYPERPLASIA ),Slide11-12,False,
IMG_20260325_143239_304.tiff,IMG_20260325_143239_304,Kruss,0,40X,1305,703,YCT-26,I-XII. TĂNG SẢN LÀNH TÍNH TUYẾN TIỀN LIỆT ( PROSTATIC HYPERPLASIA ),Slide11-12,False,
IMG_20260325_143239_644.tiff,IMG_20260325_143239_644,Kruss,0,40X,1306,703,YCT-26,I-XII. TĂNG SẢN LÀNH TÍNH TUYẾN TIỀN LIỆT ( PROSTATIC HYPERPLASIA ),Slide11-12,False,
IMG_20260325_143239_987.tiff,IMG_20260325_143239_987,Kruss,0,40X,1307,703,YCT-26,I-XII. TĂNG SẢN LÀNH TÍNH TUYẾN TIỀN LIỆT ( PROSTATIC HYPERPLASIA ),Slide11-12,False,
IMG_20260325_143240_329.tiff,IMG_20260325_143240_329,Kruss,0,40X,1308,703,YCT-26,I-XII. TĂNG SẢN LÀNH TÍNH TUYẾN TIỀN LIỆT ( PROSTATIC HYPERPLASIA ),Slide11-12,False,
IMG_20260325_143308_350.tiff,IMG_20260325_143308_350,Kruss,0,40X,1309,703,YCT-26,I-XII. TĂNG SẢN LÀNH TÍNH TUYẾN TIỀN LIỆT ( PROSTATIC HYPERPLASIA ),Slide11-12,False,
IMG_20260325_143308_716.tiff,IMG_20260325_143308_716,Kruss,0,40X,1310,703,YCT-26,I-XII. TĂNG SẢN LÀNH TÍNH TUYẾN TIỀN LIỆT ( PROSTATIC HYPERPLASIA ),Slide11-12,False,
IMG_20260325_143309_094.tiff,IMG_20260325_143309_094,Kruss,0,40X,1311,703,YCT-26,I-XII. TĂNG SẢN LÀNH TÍNH TUYẾN TIỀN LIỆT ( PROSTATIC HYPERPLASIA ),Slide11-12,False,
IMG_20260325_143309_473.tiff,IMG_20260325_143309_473,Kruss,0,40X,1312,703,YCT-26,I-XII. TĂNG SẢN LÀNH TÍNH TUYẾN TIỀN LIỆT ( PROSTATIC HYPERPLASIA ),Slide11-12,False,
IMG_20260325_143555_414.tiff,IMG_20260325_143555_414,Kruss,0,40X,1313,703,YCT-26,I-XII. TĂNG SẢN LÀNH TÍNH TUYẾN TIỀN LIỆT ( PROSTATIC HYPERPLASIA ),Slide11-12,False,
IMG_20260325_143555_806.tiff,IMG_20260325_143555_806,Kruss,0,40X,1314,703,YCT-26,I-XII. TĂNG SẢN LÀNH TÍNH TUYẾN TIỀN LIỆT ( PROSTATIC HYPERPLASIA ),Slide11-12,False,
IMG_20260325_143556_184.tiff,IMG_20260325_143556_184,Kruss,0,40X,1315,703,YCT-26,I-XII. TĂNG SẢN LÀNH TÍNH TUYẾN TIỀN LIỆT ( PROSTATIC HYPERPLASIA ),Slide11-12,False,
IMG_20260325_143556_601.tiff,IMG_20260325_143556_601,Kruss,0,40X,1316,703,YCT-26,I-XII. TĂNG SẢN LÀNH TÍNH TUYẾN TIỀN LIỆT ( PROSTATIC HYPERPLASIA ),Slide11-12,False,
IMG_20260325_143645_972.tiff,IMG_20260325_143645_972,Kruss,0,40X,1317,703,YCT-26,I-XII. TĂNG SẢN LÀNH TÍNH TUYẾN TIỀN LIỆT ( PROSTATIC HYPERPLASIA ),Slide11-12,False,
IMG_20260325_143646_342.tiff,IMG_20260325_143646_342,Kruss,0,40X,1318,703,YCT-26,I-XII. TĂNG SẢN LÀNH TÍNH TUYẾN TIỀN LIỆT ( PROSTATIC HYPERPLASIA ),Slide11-12,False,
IMG_20260325_143646_689.tiff,IMG_20260325_143646_689,Kruss,0,40X,1319,703,YCT-26,I-XII. TĂNG SẢN LÀNH TÍNH TUYẾN TIỀN LIỆT ( PROSTATIC HYPERPLASIA ),Slide11-12,False,
IMG_20260325_143647_053.tiff,IMG_20260325_143647_053,Kruss,0,40X,1320,703,YCT-26,I-XII. TĂNG SẢN LÀNH TÍNH TUYẾN TIỀN LIỆT ( PROSTATIC HYPERPLASIA ),Slide11-12,False,
IMG_20260325_143733_360.tiff,IMG_20260325_143733_360,Kruss,0,40X,1321,703,YCT-26,I-XII. TĂNG SẢN LÀNH TÍNH TUYẾN TIỀN LIỆT ( PROSTATIC HYPERPLASIA ),Slide11-12,False,
IMG_20260325_143733_719.tiff,IMG_20260325_143733_719,Kruss,0,40X,1322,703,YCT-26,I-XII. TĂNG SẢN LÀNH TÍNH TUYẾN TIỀN LIỆT ( PROSTATIC HYPERPLASIA ),Slide11-12,False,
IMG_20260325_142817_722.tiff,IMG_20260325_142817_722,Kruss,0,4X,1290,703,YCT-26,I-XII. TĂNG SẢN LÀNH TÍNH TUYẾN TIỀN LIỆT ( PROSTATIC HYPERPLASIA ),Slide11-12,True,IMG_20260325_142817_722.tiff
IMG_20260325_142818_060.tiff,IMG_20260325_142818_060,Kruss,0,4X,1291,703,YCT-26,I-XII. TĂNG SẢN LÀNH TÍNH TUYẾN TIỀN LIỆT ( PROSTATIC HYPERPLASIA ),Slide11-12,True,IMG_20260325_142818_060.tiff
IMG_20260325_142818_390.tiff,IMG_20260325_142818_390,Kruss,0,4X,1292,703,YCT-26,I-XII. TĂNG SẢN LÀNH TÍNH TUYẾN TIỀN LIỆT ( PROSTATIC HYPERPLASIA ),Slide11-12,True,IMG_20260325_142818_390.tiff
IMG_20260325_142818_744.tiff,IMG_20260325_142818_744,Kruss,0,4X,1293,703,YCT-26,I-XII. TĂNG SẢN LÀNH TÍNH TUYẾN TIỀN LIỆT ( PROSTATIC HYPERPLASIA ),Slide11-12,True,IMG_20260325_142818_744.tiff
IMG_20260325_142923_912.tiff,IMG_20260325_142923_912,Kruss,0,4X,1294,703,YCT-26,I-XII. TĂNG SẢN LÀNH TÍNH TUYẾN TIỀN LIỆT ( PROSTATIC HYPERPLASIA ),Slide11-12,True,IMG_20260325_142923_912.tiff
IMG_20260325_142924_282.tiff,IMG_20260325_142924_282,Kruss,0,4X,1295,703,YCT-26,I-XII. TĂNG SẢN LÀNH TÍNH TUYẾN TIỀN LIỆT ( PROSTATIC HYPERPLASIA ),Slide11-12,True,IMG_20260325_142924_282.tiff
IMG_20260325_134041_874.tiff,IMG_20260325_134041_874,Kruss,0,10X,1162,703,YCT-26,I-XII. TĂNG SẢN LÀNH TÍNH TUYẾN TIỀN LIỆT ( PROSTATIC HYPERPLASIA ),Slide3-4,False,
IMG_20260325_134042_849.tiff,IMG_20260325_134042_849,Kruss,0,10X,1165,703,YCT-26,I-XII. TĂNG SẢN LÀNH TÍNH TUYẾN TIỀN LIỆT ( PROSTATIC HYPERPLASIA ),Slide3-4,False,
IMG_20260325_134116_642.tiff,IMG_20260325_134116_642,Kruss,0,10X,1166,703,YCT-26,I-XII. TĂNG SẢN LÀNH TÍNH TUYẾN TIỀN LIỆT ( PROSTATIC HYPERPLASIA ),Slide3-4,False,
IMG_20260325_134116_979.tiff,IMG_20260325_134116_979,Kruss,0,10X,1167,703,YCT-26,I-XII. TĂNG SẢN LÀNH TÍNH TUYẾN TIỀN LIỆT ( PROSTATIC HYPERPLASIA ),Slide3-4,False,
IMG_20260325_134117_333.tiff,IMG_20260325_134117_333,Kruss,0,10X,1168,703,YCT-26,I-XII. TĂNG SẢN LÀNH TÍNH TUYẾN TIỀN LIỆT ( PROSTATIC HYPERPLASIA ),Slide3-4,False,
IMG_20260325_134117_659.tiff,IMG_20260325_134117_659,Kruss,0,10X,1169,703,YCT-26,I-XII. TĂNG SẢN LÀNH TÍNH TUYẾN TIỀN LIỆT ( PROSTATIC HYPERPLASIA ),Slide3-4,False,
IMG_20260325_134218_275.tiff,IMG_20260325_134218_275,Kruss,0,10X,1173,703,YCT-26,I-XII. TĂNG SẢN LÀNH TÍNH TUYẾN TIỀN LIỆT ( PROSTATIC HYPERPLASIA ),Slide3-4,False,
IMG_20260325_134239_000.tiff,IMG_20260325_134239_000,Kruss,0,10X,1174,703,YCT-26,I-XII. TĂNG SẢN LÀNH TÍNH TUYẾN TIỀN LIỆT ( PROSTATIC HYPERPLASIA ),Slide3-4,False,
IMG_20260325_134328_682.tiff,IMG_20260325_134328_682,Kruss,0,40X,1175,703,YCT-26,I-XII. TĂNG SẢN LÀNH TÍNH TUYẾN TIỀN LIỆT ( PROSTATIC HYPERPLASIA ),Slide3-4,False,
IMG_20260325_134329_061.tiff,IMG_20260325_134329_061,Kruss,0,40X,1176,703,YCT-26,I-XII. TĂNG SẢN LÀNH TÍNH TUYẾN TIỀN LIỆT ( PROSTATIC HYPERPLASIA ),Slide3-4,False,
IMG_20260325_134329_567.tiff,IMG_20260325_134329_567,Kruss,0,40X,1177,703,YCT-26,I-XII. TĂNG SẢN LÀNH TÍNH TUYẾN TIỀN LIỆT ( PROSTATIC HYPERPLASIA ),Slide3-4,False,
IMG_20260325_134329_950.tiff,IMG_20260325_134329_950,Kruss,0,40X,1178,703,YCT-26,I-XII. TĂNG SẢN LÀNH TÍNH TUYẾN TIỀN LIỆT ( PROSTATIC HYPERPLASIA ),Slide3-4,False,
IMG_20260325_134421_683.tiff,IMG_20260325_134421_683,Kruss,0,40X,1179,703,YCT-26,I-XII. TĂNG SẢN LÀNH TÍNH TUYẾN TIỀN LIỆT ( PROSTATIC HYPERPLASIA ),Slide3-4,False,
IMG_20260325_134422_116.tiff,IMG_20260325_134422_116,Kruss,0,40X,1180,703,YCT-26,I-XII. TĂNG SẢN LÀNH TÍNH TUYẾN TIỀN LIỆT ( PROSTATIC HYPERPLASIA ),Slide3-4,False,
IMG_20260325_134422_498.tiff,IMG_20260325_134422_498,Kruss,0,40X,1181,703,YCT-26,I-XII. TĂNG SẢN LÀNH TÍNH TUYẾN TIỀN LIỆT ( PROSTATIC HYPERPLASIA ),Slide3-4,False,
IMG_20260325_134422_886.tiff,IMG_20260325_134422_886,Kruss,0,40X,1182,703,YCT-26,I-XII. TĂNG SẢN LÀNH TÍNH TUYẾN TIỀN LIỆT ( PROSTATIC HYPERPLASIA ),Slide3-4,False,
IMG_20260325_134605_414.tiff,IMG_20260325_134605_414,Kruss,0,40X,1183,703,YCT-26,I-XII. TĂNG SẢN LÀNH TÍNH TUYẾN TIỀN LIỆT ( PROSTATIC HYPERPLASIA ),Slide3-4,False,
IMG_20260325_134605_756.tiff,IMG_20260325_134605_756,Kruss,0,40X,1184,703,YCT-26,I-XII. TĂNG SẢN LÀNH TÍNH TUYẾN TIỀN LIỆT ( PROSTATIC HYPERPLASIA ),Slide3-4,False,
IMG_20260325_134606_102.tiff,IMG_20260325_134606_102,Kruss,0,40X,1185,703,YCT-26,I-XII. TĂNG SẢN LÀNH TÍNH TUYẾN TIỀN LIỆT ( PROSTATIC HYPERPLASIA ),Slide3-4,False,
IMG_20260325_134606_461.tiff,IMG_20260325_134606_461,Kruss,0,40X,1186,703,YCT-26,I-XII. TĂNG SẢN LÀNH TÍNH TUYẾN TIỀN LIỆT ( PROSTATIC HYPERPLASIA ),Slide3-4,False,
IMG_20260325_134652_986.tiff,IMG_20260325_134652_986,Kruss,0,40X,1187,703,YCT-26,I-XII. TĂNG SẢN LÀNH TÍNH TUYẾN TIỀN LIỆT ( PROSTATIC HYPERPLASIA ),Slide3-4,False,
IMG_20260325_134653_361.tiff,IMG_20260325_134653_361,Kruss,0,40X,1188,703,YCT-26,I-XII. TĂNG SẢN LÀNH TÍNH TUYẾN TIỀN LIỆT ( PROSTATIC HYPERPLASIA ),Slide3-4,False,
IMG_20260325_134654_170.tiff,IMG_20260325_134654_170,Kruss,0,40X,1190,703,YCT-26,I-XII. TĂNG SẢN LÀNH TÍNH TUYẾN TIỀN LIỆT ( PROSTATIC HYPERPLASIA ),Slide3-4,False,
IMG_20260325_134727_678.tiff,IMG_20260325_134727_678,Kruss,0,40X,1191,703,YCT-26,I-XII. TĂNG SẢN LÀNH TÍNH TUYẾN TIỀN LIỆT ( PROSTATIC HYPERPLASIA ),Slide3-4,False,
IMG_20260325_134728_038.tiff,IMG_20260325_134728_038,Kruss,0,40X,1192,703,YCT-26,I-XII. TĂNG SẢN LÀNH TÍNH TUYẾN TIỀN LIỆT ( PROSTATIC HYPERPLASIA ),Slide3-4,False,
IMG_20260325_134728_415.tiff,IMG_20260325_134728_415,Kruss,0,40X,1193,703,YCT-26,I-XII. TĂNG SẢN LÀNH TÍNH TUYẾN TIỀN LIỆT ( PROSTATIC HYPERPLASIA ),Slide3-4,False,
IMG_20260325_134728_809.tiff,IMG_20260325_134728_809,Kruss,0,40X,1194,703,YCT-26,I-XII. TĂNG SẢN LÀNH TÍNH TUYẾN TIỀN LIỆT ( PROSTATIC HYPERPLASIA ),Slide3-4,False,
IMG_20260325_134825_966.tiff,IMG_20260325_134825_966,Kruss,0,40X,1195,703,YCT-26,I-XII. TĂNG SẢN LÀNH TÍNH TUYẾN TIỀN LIỆT ( PROSTATIC HYPERPLASIA ),Slide3-4,False,
IMG_20260325_134826_345.tiff,IMG_20260325_134826_345,Kruss,0,40X,1196,703,YCT-26,I-XII. TĂNG SẢN LÀNH TÍNH TUYẾN TIỀN LIỆT ( PROSTATIC HYPERPLASIA ),Slide3-4,False,
IMG_20260325_134826_734.tiff,IMG_20260325_134826_734,Kruss,0,40X,1197,703,YCT-26,I-XII. TĂNG SẢN LÀNH TÍNH TUYẾN TIỀN LIỆT ( PROSTATIC HYPERPLASIA ),Slide3-4,False,
IMG_20260325_135010_457.tiff,IMG_20260325_135010_457,Kruss,0,40X,1199,703,YCT-26,I-XII. TĂNG SẢN LÀNH TÍNH TUYẾN TIỀN LIỆT ( PROSTATIC HYPERPLASIA ),Slide3-4,False,
IMG_20260325_135010_835.tiff,IMG_20260325_135010_835,Kruss,0,40X,1200,703,YCT-26,I-XII. TĂNG SẢN LÀNH TÍNH TUYẾN TIỀN LIỆT ( PROSTATIC HYPERPLASIA ),Slide3-4,False,
IMG_20260325_135011_207.tiff,IMG_20260325_135011_207,Kruss,0,40X,1201,703,YCT-26,I-XII. TĂNG SẢN LÀNH TÍNH TUYẾN TIỀN LIỆT ( PROSTATIC HYPERPLASIA ),Slide3-4,False,
IMG_20260325_135011_582.tiff,IMG_20260325_135011_582,Kruss,0,40X,1202,703,YCT-26,I-XII. TĂNG SẢN LÀNH TÍNH TUYẾN TIỀN LIỆT ( PROSTATIC HYPERPLASIA ),Slide3-4,False,
IMG_20260325_135038_960.tiff,IMG_20260325_135038_960,Kruss,0,40X,1203,703,YCT-26,I-XII. TĂNG SẢN LÀNH TÍNH TUYẾN TIỀN LIỆT ( PROSTATIC HYPERPLASIA ),Slide3-4,False,
IMG_20260325_135039_311.tiff,IMG_20260325_135039_311,Kruss,0,40X,1204,703,YCT-26,I-XII. TĂNG SẢN LÀNH TÍNH TUYẾN TIỀN LIỆT ( PROSTATIC HYPERPLASIA ),Slide3-4,False,
IMG_20260325_133759_823.tiff,IMG_20260325_133759_823,Kruss,0,4X,1153,703,YCT-26,I-XII. TĂNG SẢN LÀNH TÍNH TUYẾN TIỀN LIỆT ( PROSTATIC HYPERPLASIA ),Slide3-4,True,IMG_20260325_133759_823.tiff
IMG_20260325_133800_167.tiff,IMG_20260325_133800_167,Kruss,0,4X,1154,703,YCT-26,I-XII. TĂNG SẢN LÀNH TÍNH TUYẾN TIỀN LIỆT ( PROSTATIC HYPERPLASIA ),Slide3-4,True,IMG_20260325_133800_167.tiff
IMG_20260325_133800_511.tiff,IMG_20260325_133800_511,Kruss,0,4X,1155,703,YCT-26,I-XII. TĂNG SẢN LÀNH TÍNH TUYẾN TIỀN LIỆT ( PROSTATIC HYPERPLASIA ),Slide3-4,True,IMG_20260325_133800_511.tiff
IMG_20260325_133800_865.tiff,IMG_20260325_133800_865,Kruss,0,4X,1156,703,YCT-26,I-XII. TĂNG SẢN LÀNH TÍNH TUYẾN TIỀN LIỆT ( PROSTATIC HYPERPLASIA ),Slide3-4,True,IMG_20260325_133800_865.tiff
IMG_20260325_133834_375.tiff,IMG_20260325_133834_375,Kruss,0,4X,1157,703,YCT-26,I-XII. TĂNG SẢN LÀNH TÍNH TUYẾN TIỀN LIỆT ( PROSTATIC HYPERPLASIA ),Slide3-4,True,IMG_20260325_133834_375.tiff
IMG_20260325_133834_687.tiff,IMG_20260325_133834_687,Kruss,0,4X,1158,703,YCT-26,I-XII. TĂNG SẢN LÀNH TÍNH TUYẾN TIỀN LIỆT ( PROSTATIC HYPERPLASIA ),Slide3-4,True,IMG_20260325_133834_687.tiff
IMG_20260325_133835_006.tiff,IMG_20260325_133835_006,Kruss,0,4X,1159,703,YCT-26,I-XII. TĂNG SẢN LÀNH TÍNH TUYẾN TIỀN LIỆT ( PROSTATIC HYPERPLASIA ),Slide3-4,True,IMG_20260325_133835_006.tiff
IMG_20260325_133835_321.tiff,IMG_20260325_133835_321,Kruss,0,4X,1160,703,YCT-26,I-XII. TĂNG SẢN LÀNH TÍNH TUYẾN TIỀN LIỆT ( PROSTATIC HYPERPLASIA ),Slide3-4,True,IMG_20260325_133835_321.tiff
IMG_20260325_133948_091.tiff,IMG_20260325_133948_091,Kruss,0,4X,1161,703,YCT-26,I-XII. TĂNG SẢN LÀNH TÍNH TUYẾN TIỀN LIỆT ( PROSTATIC HYPERPLASIA ),Slide3-4,True,IMG_20260325_133948_091.tiff
IMG_20260325_135726_467.tiff,IMG_20260325_135726_467,Kruss,0,10X,1216,703,YCT-26,I-XII. TĂNG SẢN LÀNH TÍNH TUYẾN TIỀN LIỆT ( PROSTATIC HYPERPLASIA ),Slide5-6,False,
IMG_20260325_135726_813.tiff,IMG_20260325_135726_813,Kruss,0,10X,1217,703,YCT-26,I-XII. TĂNG SẢN LÀNH TÍNH TUYẾN TIỀN LIỆT ( PROSTATIC HYPERPLASIA ),Slide5-6,False,
IMG_20260325_135901_919.tiff,IMG_20260325_135901_919,Kruss,0,40X,1219,703,YCT-26,I-XII. TĂNG SẢN LÀNH TÍNH TUYẾN TIỀN LIỆT ( PROSTATIC HYPERPLASIA ),Slide5-6,False,
IMG_20260325_135902_253.tiff,IMG_20260325_135902_253,Kruss,0,40X,1220,703,YCT-26,I-XII. TĂNG SẢN LÀNH TÍNH TUYẾN TIỀN LIỆT ( PROSTATIC HYPERPLASIA ),Slide5-6,False,
IMG_20260325_135902_608.tiff,IMG_20260325_135902_608,Kruss,0,40X,1221,703,YCT-26,I-XII. TĂNG SẢN LÀNH TÍNH TUYẾN TIỀN LIỆT ( PROSTATIC HYPERPLASIA ),Slide5-6,False,
IMG_20260325_135902_958.tiff,IMG_20260325_135902_958,Kruss,0,40X,1222,703,YCT-26,I-XII. TĂNG SẢN LÀNH TÍNH TUYẾN TIỀN LIỆT ( PROSTATIC HYPERPLASIA ),Slide5-6,False,
IMG_20260325_135939_658.tiff,IMG_20260325_135939_658,Kruss,0,40X,1223,703,YCT-26,I-XII. TĂNG SẢN LÀNH TÍNH TUYẾN TIỀN LIỆT ( PROSTATIC HYPERPLASIA ),Slide5-6,False,
IMG_20260325_135940_011.tiff,IMG_20260325_135940_011,Kruss,0,40X,1224,703,YCT-26,I-XII. TĂNG SẢN LÀNH TÍNH TUYẾN TIỀN LIỆT ( PROSTATIC HYPERPLASIA ),Slide5-6,False,
IMG_20260325_135940_369.tiff,IMG_20260325_135940_369,Kruss,0,40X,1225,703,YCT-26,I-XII. TĂNG SẢN LÀNH TÍNH TUYẾN TIỀN LIỆT ( PROSTATIC HYPERPLASIA ),Slide5-6,False,
IMG_20260325_135940_713.tiff,IMG_20260325_135940_713,Kruss,0,40X,1226,703,YCT-26,I-XII. TĂNG SẢN LÀNH TÍNH TUYẾN TIỀN LIỆT ( PROSTATIC HYPERPLASIA ),Slide5-6,False,
IMG_20260325_140223_193.tiff,IMG_20260325_140223_193,Kruss,0,40X,1227,703,YCT-26,I-XII. TĂNG SẢN LÀNH TÍNH TUYẾN TIỀN LIỆT ( PROSTATIC HYPERPLASIA ),Slide5-6,False,
IMG_20260325_140223_516.tiff,IMG_20260325_140223_516,Kruss,0,40X,1228,703,YCT-26,I-XII. TĂNG SẢN LÀNH TÍNH TUYẾN TIỀN LIỆT ( PROSTATIC HYPERPLASIA ),Slide5-6,False,
IMG_20260325_140223_847.tiff,IMG_20260325_140223_847,Kruss,0,40X,1229,703,YCT-26,I-XII. TĂNG SẢN LÀNH TÍNH TUYẾN TIỀN LIỆT ( PROSTATIC HYPERPLASIA ),Slide5-6,False,
IMG_20260325_140224_177.tiff,IMG_20260325_140224_177,Kruss,0,40X,1230,703,YCT-26,I-XII. TĂNG SẢN LÀNH TÍNH TUYẾN TIỀN LIỆT ( PROSTATIC HYPERPLASIA ),Slide5-6,False,
IMG_20260325_140336_414.tiff,IMG_20260325_140336_414,Kruss,0,40X,1231,703,YCT-26,I-XII. TĂNG SẢN LÀNH TÍNH TUYẾN TIỀN LIỆT ( PROSTATIC HYPERPLASIA ),Slide5-6,False,
IMG_20260325_140336_808.tiff,IMG_20260325_140336_808,Kruss,0,40X,1232,703,YCT-26,I-XII. TĂNG SẢN LÀNH TÍNH TUYẾN TIỀN LIỆT ( PROSTATIC HYPERPLASIA ),Slide5-6,False,
IMG_20260325_140337_203.tiff,IMG_20260325_140337_203,Kruss,0,40X,1233,703,YCT-26,I-XII. TĂNG SẢN LÀNH TÍNH TUYẾN TIỀN LIỆT ( PROSTATIC HYPERPLASIA ),Slide5-6,False,
IMG_20260325_135216_265.tiff,IMG_20260325_135216_265,Kruss,0,4X,1205,703,YCT-26,I-XII. TĂNG SẢN LÀNH TÍNH TUYẾN TIỀN LIỆT ( PROSTATIC HYPERPLASIA ),Slide5-6,True,IMG_20260325_135216_265.tiff
IMG_20260325_135216_620.tiff,IMG_20260325_135216_620,Kruss,0,4X,1206,703,YCT-26,I-XII. TĂNG SẢN LÀNH TÍNH TUYẾN TIỀN LIỆT ( PROSTATIC HYPERPLASIA ),Slide5-6,True,IMG_20260325_135216_620.tiff
IMG_20260325_135216_979.tiff,IMG_20260325_135216_979,Kruss,0,4X,1207,703,YCT-26,I-XII. TĂNG SẢN LÀNH TÍNH TUYẾN TIỀN LIỆT ( PROSTATIC HYPERPLASIA ),Slide5-6,True,IMG_20260325_135216_979.tiff
IMG_20260325_135217_321.tiff,IMG_20260325_135217_321,Kruss,0,4X,1208,703,YCT-26,I-XII. TĂNG SẢN LÀNH TÍNH TUYẾN TIỀN LIỆT ( PROSTATIC HYPERPLASIA ),Slide5-6,True,IMG_20260325_135217_321.tiff
IMG_20260325_141002_470.tiff,IMG_20260325_141002_470,Kruss,0,10X,1241,703,YCT-26,I-XII. TĂNG SẢN LÀNH TÍNH TUYẾN TIỀN LIỆT ( PROSTATIC HYPERPLASIA ),Slide7-8,False,
IMG_20260325_141002_794.tiff,IMG_20260325_141002_794,Kruss,0,10X,1242,703,YCT-26,I-XII. TĂNG SẢN LÀNH TÍNH TUYẾN TIỀN LIỆT ( PROSTATIC HYPERPLASIA ),Slide7-8,False,
IMG_20260325_141003_123.tiff,IMG_20260325_141003_123,Kruss,0,10X,1243,703,YCT-26,I-XII. TĂNG SẢN LÀNH TÍNH TUYẾN TIỀN LIỆT ( PROSTATIC HYPERPLASIA ),Slide7-8,False,
IMG_20260325_141003_448.tiff,IMG_20260325_141003_448,Kruss,0,10X,1244,703,YCT-26,I-XII. TĂNG SẢN LÀNH TÍNH TUYẾN TIỀN LIỆT ( PROSTATIC HYPERPLASIA ),Slide7-8,False,
IMG_20260325_141040_434.tiff,IMG_20260325_141040_434,Kruss,0,10X,1245,703,YCT-26,I-XII. TĂNG SẢN LÀNH TÍNH TUYẾN TIỀN LIỆT ( PROSTATIC HYPERPLASIA ),Slide7-8,False,
IMG_20260325_141040_761.tiff,IMG_20260325_141040_761,Kruss,0,10X,1246,703,YCT-26,I-XII. TĂNG SẢN LÀNH TÍNH TUYẾN TIỀN LIỆT ( PROSTATIC HYPERPLASIA ),Slide7-8,False,
IMG_20260325_141125_929.tiff,IMG_20260325_141125_929,Kruss,0,10X,1249,703,YCT-26,I-XII. TĂNG SẢN LÀNH TÍNH TUYẾN TIỀN LIỆT ( PROSTATIC HYPERPLASIA ),Slide7-8,False,
IMG_20260325_141126_263.tiff,IMG_20260325_141126_263,Kruss,0,10X,1250,703,YCT-26,I-XII. TĂNG SẢN LÀNH TÍNH TUYẾN TIỀN LIỆT ( PROSTATIC HYPERPLASIA ),Slide7-8,False,
IMG_20260325_141126_574.tiff,IMG_20260325_141126_574,Kruss,0,10X,1251,703,YCT-26,I-XII. TĂNG SẢN LÀNH TÍNH TUYẾN TIỀN LIỆT ( PROSTATIC HYPERPLASIA ),Slide7-8,False,
IMG_20260325_141126_913.tiff,IMG_20260325_141126_913,Kruss,0,10X,1252,703,YCT-26,I-XII. TĂNG SẢN LÀNH TÍNH TUYẾN TIỀN LIỆT ( PROSTATIC HYPERPLASIA ),Slide7-8,False,
IMG_20260325_141251_925.tiff,IMG_20260325_141251_925,Kruss,0,40X,1254,703,YCT-26,I-XII. TĂNG SẢN LÀNH TÍNH TUYẾN TIỀN LIỆT ( PROSTATIC HYPERPLASIA ),Slide7-8,False,
IMG_20260325_141252_294.tiff,IMG_20260325_141252_294,Kruss,0,40X,1255,703,YCT-26,I-XII. TĂNG SẢN LÀNH TÍNH TUYẾN TIỀN LIỆT ( PROSTATIC HYPERPLASIA ),Slide7-8,False,
IMG_20260325_141252_682.tiff,IMG_20260325_141252_682,Kruss,0,40X,1256,703,YCT-26,I-XII. TĂNG SẢN LÀNH TÍNH TUYẾN TIỀN LIỆT ( PROSTATIC HYPERPLASIA ),Slide7-8,False,
IMG_20260325_141253_155.tiff,IMG_20260325_141253_155,Kruss,0,40X,1257,703,YCT-26,I-XII. TĂNG SẢN LÀNH TÍNH TUYẾN TIỀN LIỆT ( PROSTATIC HYPERPLASIA ),Slide7-8,False,
IMG_20260325_141320_467.tiff,IMG_20260325_141320_467,Kruss,0,40X,1258,703,YCT-26,I-XII. TĂNG SẢN LÀNH TÍNH TUYẾN TIỀN LIỆT ( PROSTATIC HYPERPLASIA ),Slide7-8,False,
IMG_20260325_141320_843.tiff,IMG_20260325_141320_843,Kruss,0,40X,1259,703,YCT-26,I-XII. TĂNG SẢN LÀNH TÍNH TUYẾN TIỀN LIỆT ( PROSTATIC HYPERPLASIA ),Slide7-8,False,
IMG_20260325_141321_205.tiff,IMG_20260325_141321_205,Kruss,0,40X,1260,703,YCT-26,I-XII. TĂNG SẢN LÀNH TÍNH TUYẾN TIỀN LIỆT ( PROSTATIC HYPERPLASIA ),Slide7-8,False,
IMG_20260325_141321_580.tiff,IMG_20260325_141321_580,Kruss,0,40X,1261,703,YCT-26,I-XII. TĂNG SẢN LÀNH TÍNH TUYẾN TIỀN LIỆT ( PROSTATIC HYPERPLASIA ),Slide7-8,False,
IMG_20260325_141556_685.tiff,IMG_20260325_141556_685,Kruss,0,40X,1262,703,YCT-26,I-XII. TĂNG SẢN LÀNH TÍNH TUYẾN TIỀN LIỆT ( PROSTATIC HYPERPLASIA ),Slide7-8,False,
IMG_20260325_141557_118.tiff,IMG_20260325_141557_118,Kruss,0,40X,1263,703,YCT-26,I-XII. TĂNG SẢN LÀNH TÍNH TUYẾN TIỀN LIỆT ( PROSTATIC HYPERPLASIA ),Slide7-8,False,
IMG_20260325_141557_453.tiff,IMG_20260325_141557_453,Kruss,0,40X,1264,703,YCT-26,I-XII. TĂNG SẢN LÀNH TÍNH TUYẾN TIỀN LIỆT ( PROSTATIC HYPERPLASIA ),Slide7-8,False,
IMG_20260325_141557_783.tiff,IMG_20260325_141557_783,Kruss,0,40X,1265,703,YCT-26,I-XII. TĂNG SẢN LÀNH TÍNH TUYẾN TIỀN LIỆT ( PROSTATIC HYPERPLASIA ),Slide7-8,False,
IMG_20260325_141640_287.tiff,IMG_20260325_141640_287,Kruss,0,40X,1266,703,YCT-26,I-XII. TĂNG SẢN LÀNH TÍNH TUYẾN TIỀN LIỆT ( PROSTATIC HYPERPLASIA ),Slide7-8,False,
IMG_20260325_141640_617.tiff,IMG_20260325_141640_617,Kruss,0,40X,1267,703,YCT-26,I-XII. TĂNG SẢN LÀNH TÍNH TUYẾN TIỀN LIỆT ( PROSTATIC HYPERPLASIA ),Slide7-8,False,
IMG_20260325_141640_936.tiff,IMG_20260325_141640_936,Kruss,0,40X,1268,703,YCT-26,I-XII. TĂNG SẢN LÀNH TÍNH TUYẾN TIỀN LIỆT ( PROSTATIC HYPERPLASIA ),Slide7-8,False,
IMG_20260325_141641_328.tiff,IMG_20260325_141641_328,Kruss,0,40X,1269,703,YCT-26,I-XII. TĂNG SẢN LÀNH TÍNH TUYẾN TIỀN LIỆT ( PROSTATIC HYPERPLASIA ),Slide7-8,False,
IMG_20260325_141714_637.tiff,IMG_20260325_141714_637,Kruss,0,40X,1270,703,YCT-26,I-XII. TĂNG SẢN LÀNH TÍNH TUYẾN TIỀN LIỆT ( PROSTATIC HYPERPLASIA ),Slide7-8,False,
IMG_20260325_141714_986.tiff,IMG_20260325_141714_986,Kruss,0,40X,1271,703,YCT-26,I-XII. TĂNG SẢN LÀNH TÍNH TUYẾN TIỀN LIỆT ( PROSTATIC HYPERPLASIA ),Slide7-8,False,
IMG_20260325_140524_224.tiff,IMG_20260325_140524_224,Kruss,0,4X,1235,703,YCT-26,I-XII. TĂNG SẢN LÀNH TÍNH TUYẾN TIỀN LIỆT ( PROSTATIC HYPERPLASIA ),Slide7-8,True,IMG_20260325_140524_224.tiff
IMG_20260325_140524_547.tiff,IMG_20260325_140524_547,Kruss,0,4X,1236,703,YCT-26,I-XII. TĂNG SẢN LÀNH TÍNH TUYẾN TIỀN LIỆT ( PROSTATIC HYPERPLASIA ),Slide7-8,True,IMG_20260325_140524_547.tiff
IMG_20260325_140524_879.tiff,IMG_20260325_140524_879,Kruss,0,4X,1237,703,YCT-26,I-XII. TĂNG SẢN LÀNH TÍNH TUYẾN TIỀN LIỆT ( PROSTATIC HYPERPLASIA ),Slide7-8,True,IMG_20260325_140524_879.tiff
IMG_20260325_140651_709.tiff,IMG_20260325_140651_709,Kruss,0,4X,1238,703,YCT-26,I-XII. TĂNG SẢN LÀNH TÍNH TUYẾN TIỀN LIỆT ( PROSTATIC HYPERPLASIA ),Slide7-8,True,IMG_20260325_140651_709.tiff
IMG_20260325_140652_010.tiff,IMG_20260325_140652_010,Kruss,0,4X,1239,703,YCT-26,I-XII. TĂNG SẢN LÀNH TÍNH TUYẾN TIỀN LIỆT ( PROSTATIC HYPERPLASIA ),Slide7-8,True,IMG_20260325_140652_010.tiff
IMG_20260325_140652_338.tiff,IMG_20260325_140652_338,Kruss,0,4X,1240,703,YCT-26,I-XII. TĂNG SẢN LÀNH TÍNH TUYẾN TIỀN LIỆT ( PROSTATIC HYPERPLASIA ),Slide7-8,True,IMG_20260325_140652_338.tiff
IMG_20260325_142008_385.tiff,IMG_20260325_142008_385,Kruss,0,10X,1272,703,YCT-26,I-XII. TĂNG SẢN LÀNH TÍNH TUYẾN TIỀN LIỆT ( PROSTATIC HYPERPLASIA ),Slide9-10,False,
IMG_20260325_142309_606.tiff,IMG_20260325_142309_606,Kruss,0,10X,1280,703,YCT-26,I-XII. TĂNG SẢN LÀNH TÍNH TUYẾN TIỀN LIỆT ( PROSTATIC HYPERPLASIA ),Slide9-10,False,
IMG_20260325_142310_256.tiff,IMG_20260325_142310_256,Kruss,0,10X,1282,703,YCT-26,I-XII. TĂNG SẢN LÀNH TÍNH TUYẾN TIỀN LIỆT ( PROSTATIC HYPERPLASIA ),Slide9-10,False,
IMG_20260325_142057_019.tiff,IMG_20260325_142057_019,Kruss,0,40X,1273,703,YCT-26,I-XII. TĂNG SẢN LÀNH TÍNH TUYẾN TIỀN LIỆT ( PROSTATIC HYPERPLASIA ),Slide9-10,False,
IMG_20260325_142057_473.tiff,IMG_20260325_142057_473,Kruss,0,40X,1274,703,YCT-26,I-XII. TĂNG SẢN LÀNH TÍNH TUYẾN TIỀN LIỆT ( PROSTATIC HYPERPLASIA ),Slide9-10,False,
IMG_20260325_142057_818.tiff,IMG_20260325_142057_818,Kruss,0,40X,1275,703,YCT-26,I-XII. TĂNG SẢN LÀNH TÍNH TUYẾN TIỀN LIỆT ( PROSTATIC HYPERPLASIA ),Slide9-10,False,
IMG_20260325_142608_199.tiff,IMG_20260325_142608_199,Kruss,0,40X,1283,703,YCT-26,I-XII. TĂNG SẢN LÀNH TÍNH TUYẾN TIỀN LIỆT ( PROSTATIC HYPERPLASIA ),Slide9-10,False,
IMG_20260325_142608_576.tiff,IMG_20260325_142608_576,Kruss,0,40X,1284,703,YCT-26,I-XII. TĂNG SẢN LÀNH TÍNH TUYẾN TIỀN LIỆT ( PROSTATIC HYPERPLASIA ),Slide9-10,False,
IMG_20260325_142608_951.tiff,IMG_20260325_142608_951,Kruss,0,40X,1285,703,YCT-26,I-XII. TĂNG SẢN LÀNH TÍNH TUYẾN TIỀN LIỆT ( PROSTATIC HYPERPLASIA ),Slide9-10,False,
IMG_20260325_142609_308.tiff,IMG_20260325_142609_308,Kruss,0,40X,1286,703,YCT-26,I-XII. TĂNG SẢN LÀNH TÍNH TUYẾN TIỀN LIỆT ( PROSTATIC HYPERPLASIA ),Slide9-10,False,
IMG_20260325_142633_667.tiff,IMG_20260325_142633_667,Kruss,0,40X,1287,703,YCT-26,I-XII. TĂNG SẢN LÀNH TÍNH TUYẾN TIỀN LIỆT ( PROSTATIC HYPERPLASIA ),Slide9-10,False,
IMG_20260325_142634_004.tiff,IMG_20260325_142634_004,Kruss,0,40X,1288,703,YCT-26,I-XII. TĂNG SẢN LÀNH TÍNH TUYẾN TIỀN LIỆT ( PROSTATIC HYPERPLASIA ),Slide9-10,False,
IMG_20260325_142634_347.tiff,IMG_20260325_142634_347,Kruss,0,40X,1289,703,YCT-26,I-XII. TĂNG SẢN LÀNH TÍNH TUYẾN TIỀN LIỆT ( PROSTATIC HYPERPLASIA ),Slide9-10,False,
IMG_20260325_142210_136.tiff,IMG_20260325_142210_136,Kruss,0,4X,1276,703,YCT-26,I-XII. TĂNG SẢN LÀNH TÍNH TUYẾN TIỀN LIỆT ( PROSTATIC HYPERPLASIA ),Slide9-10,True,IMG_20260325_142210_136.tiff
IMG_20260325_142210_452.tiff,IMG_20260325_142210_452,Kruss,0,4X,1277,703,YCT-26,I-XII. TĂNG SẢN LÀNH TÍNH TUYẾN TIỀN LIỆT ( PROSTATIC HYPERPLASIA ),Slide9-10,True,IMG_20260325_142210_452.tiff
IMG_20260325_142210_794.tiff,IMG_20260325_142210_794,Kruss,0,4X,1278,703,YCT-26,I-XII. TĂNG SẢN LÀNH TÍNH TUYẾN TIỀN LIỆT ( PROSTATIC HYPERPLASIA ),Slide9-10,True,IMG_20260325_142210_794.tiff
IMG_20260325_142211_126.tiff,IMG_20260325_142211_126,Kruss,0,4X,1279,703,YCT-26,I-XII. TĂNG SẢN LÀNH TÍNH TUYẾN TIỀN LIỆT ( PROSTATIC HYPERPLASIA ),Slide9-10,True,IMG_20260325_142211_126.tiff
IMG_20260331_105738_048.tiff,IMG_20260331_105738_048,Kruss,4,10X,4164,176,YCT26,"I-XII. CARCINÔM TUYẾN TIỀN LIỆT , GLEASON 4+4",Slide1-2,False,
IMG_20260331_105738_358.tiff,IMG_20260331_105738_358,Kruss,4,10X,4165,176,YCT26,"I-XII. CARCINÔM TUYẾN TIỀN LIỆT , GLEASON 4+4",Slide1-2,False,
IMG_20260331_105836_877.tiff,IMG_20260331_105836_877,Kruss,4,40X,4167,176,YCT26,"I-XII. CARCINÔM TUYẾN TIỀN LIỆT , GLEASON 4+4",Slide1-2,False,
IMG_20260331_105837_242.tiff,IMG_20260331_105837_242,Kruss,5,40X,4168,176,YCT26,"I-XII. CARCINÔM TUYẾN TIỀN LIỆT , GLEASON 4+4",Slide1-2,False,
IMG_20260331_105837_586.tiff,IMG_20260331_105837_586,Kruss,5,40X,4169,176,YCT26,"I-XII. CARCINÔM TUYẾN TIỀN LIỆT , GLEASON 4+4",Slide1-2,False,
IMG_20260331_105837_948.tiff,IMG_20260331_105837_948,Kruss,4,40X,4170,176,YCT26,"I-XII. CARCINÔM TUYẾN TIỀN LIỆT , GLEASON 4+4",Slide1-2,False,
IMG_20260331_105838_288.tiff,IMG_20260331_105838_288,Kruss,4,40X,4171,176,YCT26,"I-XII. CARCINÔM TUYẾN TIỀN LIỆT , GLEASON 4+4",Slide1-2,False,
IMG_20260331_105838_640.tiff,IMG_20260331_105838_640,Kruss,4,40X,4172,176,YCT26,"I-XII. CARCINÔM TUYẾN TIỀN LIỆT , GLEASON 4+4",Slide1-2,False,
IMG_20260331_112036_373.tiff,IMG_20260331_112036_373,Kruss,4,40X,4252,176,YCT26,"I-XII. CARCINÔM TUYẾN TIỀN LIỆT , GLEASON 4+4",Slide11-12,False,
IMG_20260331_110042_656.tiff,IMG_20260331_110042_656,Kruss,4,10X,4176,176,YCT26,"I-XII. CARCINÔM TUYẾN TIỀN LIỆT , GLEASON 4+4",Slide3-4,False,
IMG_20260331_110042_991.tiff,IMG_20260331_110042_991,Kruss,4,10X,4177,176,YCT26,"I-XII. CARCINÔM TUYẾN TIỀN LIỆT , GLEASON 4+4",Slide3-4,False,
IMG_20260331_110043_321.tiff,IMG_20260331_110043_321,Kruss,4,10X,4178,176,YCT26,"I-XII. CARCINÔM TUYẾN TIỀN LIỆT , GLEASON 4+4",Slide3-4,False,
IMG_20260331_110206_617.tiff,IMG_20260331_110206_617,Kruss,4,40X,4179,176,YCT26,"I-XII. CARCINÔM TUYẾN TIỀN LIỆT , GLEASON 4+4",Slide3-4,False,
IMG_20260331_110206_981.tiff,IMG_20260331_110206_981,Kruss,4,40X,4180,176,YCT26,"I-XII. CARCINÔM TUYẾN TIỀN LIỆT , GLEASON 4+4",Slide3-4,False,
IMG_20260331_110207_320.tiff,IMG_20260331_110207_320,Kruss,4,40X,4181,176,YCT26,"I-XII. CARCINÔM TUYẾN TIỀN LIỆT , GLEASON 4+4",Slide3-4,False,
IMG_20260331_110207_686.tiff,IMG_20260331_110207_686,Kruss,4,40X,4182,176,YCT26,"I-XII. CARCINÔM TUYẾN TIỀN LIỆT , GLEASON 4+4",Slide3-4,False,
IMG_20260331_110208_051.tiff,IMG_20260331_110208_051,Kruss,4,40X,4183,176,YCT26,"I-XII. CARCINÔM TUYẾN TIỀN LIỆT , GLEASON 4+4",Slide3-4,False,
IMG_20260331_110208_429.tiff,IMG_20260331_110208_429,Kruss,4,40X,4184,176,YCT26,"I-XII. CARCINÔM TUYẾN TIỀN LIỆT , GLEASON 4+4",Slide3-4,False,
IMG_20260331_110208_769.tiff,IMG_20260331_110208_769,Kruss,4,40X,4185,176,YCT26,"I-XII. CARCINÔM TUYẾN TIỀN LIỆT , GLEASON 4+4",Slide3-4,False,
IMG_20260331_110209_209.tiff,IMG_20260331_110209_209,Kruss,4,40X,4186,176,YCT26,"I-XII. CARCINÔM TUYẾN TIỀN LIỆT , GLEASON 4+4",Slide3-4,False,
IMG_20260331_110535_971.tiff,IMG_20260331_110535_971,Kruss,4,40X,4199,176,YCT26,"I-XII. CARCINÔM TUYẾN TIỀN LIỆT , GLEASON 4+4",Slide3-4,False,
IMG_20260331_105953_412.tiff,IMG_20260331_105953_412,Kruss,4,4X,4173,176,YCT26,"I-XII. CARCINÔM TUYẾN TIỀN LIỆT , GLEASON 4+4",Slide3-4,True,IMG_20260331_105953_412.tiff
IMG_20260331_105953_725.tiff,IMG_20260331_105953_725,Kruss,4,4X,4174,176,YCT26,"I-XII. CARCINÔM TUYẾN TIỀN LIỆT , GLEASON 4+4",Slide3-4,True,IMG_20260331_105953_725.tiff
IMG_20260331_110952_079.tiff,IMG_20260331_110952_079,Kruss,4,10X,4213,176,YCT26,"I-XII. CARCINÔM TUYẾN TIỀN LIỆT , GLEASON 4+4",Slide7-8,False,
IMG_20260331_110952_434.tiff,IMG_20260331_110952_434,Kruss,5,10X,4214,176,YCT26,"I-XII. CARCINÔM TUYẾN TIỀN LIỆT , GLEASON 4+4",Slide7-8,False,
IMG_20260331_110952_767.tiff,IMG_20260331_110952_767,Kruss,4,10X,4215,176,YCT26,"I-XII. CARCINÔM TUYẾN TIỀN LIỆT , GLEASON 4+4",Slide7-8,False,
IMG_20260331_110953_105.tiff,IMG_20260331_110953_105,Kruss,4,10X,4216,176,YCT26,"I-XII. CARCINÔM TUYẾN TIỀN LIỆT , GLEASON 4+4",Slide7-8,False,
IMG_20260331_110953_429.tiff,IMG_20260331_110953_429,Kruss,5,10X,4217,176,YCT26,"I-XII. CARCINÔM TUYẾN TIỀN LIỆT , GLEASON 4+4",Slide7-8,False,
IMG_20260331_110953_762.tiff,IMG_20260331_110953_762,Kruss,5,10X,4218,176,YCT26,"I-XII. CARCINÔM TUYẾN TIỀN LIỆT , GLEASON 4+4",Slide7-8,False,
IMG_20260331_110954_114.tiff,IMG_20260331_110954_114,Kruss,5,10X,4219,176,YCT26,"I-XII. CARCINÔM TUYẾN TIỀN LIỆT , GLEASON 4+4",Slide7-8,False,
IMG_20260331_110954_465.tiff,IMG_20260331_110954_465,Kruss,5,10X,4220,176,YCT26,"I-XII. CARCINÔM TUYẾN TIỀN LIỆT , GLEASON 4+4",Slide7-8,False,
IMG_20260331_111051_750.tiff,IMG_20260331_111051_750,Kruss,4,40X,4221,176,YCT26,"I-XII. CARCINÔM TUYẾN TIỀN LIỆT , GLEASON 4+4",Slide7-8,False,
IMG_20260331_111052_113.tiff,IMG_20260331_111052_113,Kruss,4,40X,4222,176,YCT26,"I-XII. CARCINÔM TUYẾN TIỀN LIỆT , GLEASON 4+4",Slide7-8,False,
IMG_20260331_111052_479.tiff,IMG_20260331_111052_479,Kruss,4,40X,4223,176,YCT26,"I-XII. CARCINÔM TUYẾN TIỀN LIỆT , GLEASON 4+4",Slide7-8,False,
IMG_20260331_111053_242.tiff,IMG_20260331_111053_242,Kruss,4,40X,4225,176,YCT26,"I-XII. CARCINÔM TUYẾN TIỀN LIỆT , GLEASON 4+4",Slide7-8,False,
IMG_20260331_111053_615.tiff,IMG_20260331_111053_615,Kruss,4,40X,4226,176,YCT26,"I-XII. CARCINÔM TUYẾN TIỀN LIỆT , GLEASON 4+4",Slide7-8,False,
IMG_20260331_111054_014.tiff,IMG_20260331_111054_014,Kruss,4,40X,4227,176,YCT26,"I-XII. CARCINÔM TUYẾN TIỀN LIỆT , GLEASON 4+4",Slide7-8,False,
IMG_20260331_111054_397.tiff,IMG_20260331_111054_397,Kruss,5,40X,4228,176,YCT26,"I-XII. CARCINÔM TUYẾN TIỀN LIỆT , GLEASON 4+4",Slide7-8,False,
IMG_20260331_111230_685.tiff,IMG_20260331_111230_685,Kruss,5,40X,4229,176,YCT26,"I-XII. CARCINÔM TUYẾN TIỀN LIỆT , GLEASON 4+4",Slide7-8,False,
IMG_20260331_111231_055.tiff,IMG_20260331_111231_055,Kruss,4,40X,4230,176,YCT26,"I-XII. CARCINÔM TUYẾN TIỀN LIỆT , GLEASON 4+4",Slide7-8,False,
IMG_20260331_111231_418.tiff,IMG_20260331_111231_418,Kruss,4,40X,4231,176,YCT26,"I-XII. CARCINÔM TUYẾN TIỀN LIỆT , GLEASON 4+4",Slide7-8,False,
IMG_20260331_111231_797.tiff,IMG_20260331_111231_797,Kruss,4,40X,4232,176,YCT26,"I-XII. CARCINÔM TUYẾN TIỀN LIỆT , GLEASON 4+4",Slide7-8,False,
IMG_20260331_111232_163.tiff,IMG_20260331_111232_163,Kruss,5,40X,4233,176,YCT26,"I-XII. CARCINÔM TUYẾN TIỀN LIỆT , GLEASON 4+4",Slide7-8,False,
IMG_20260331_111232_513.tiff,IMG_20260331_111232_513,Kruss,4,40X,4234,176,YCT26,"I-XII. CARCINÔM TUYẾN TIỀN LIỆT , GLEASON 4+4",Slide7-8,False,
IMG_20260331_111232_874.tiff,IMG_20260331_111232_874,Kruss,4,40X,4235,176,YCT26,"I-XII. CARCINÔM TUYẾN TIỀN LIỆT , GLEASON 4+4",Slide7-8,False,
IMG_20260331_111233_210.tiff,IMG_20260331_111233_210,Kruss,5,40X,4236,176,YCT26,"I-XII. CARCINÔM TUYẾN TIỀN LIỆT , GLEASON 4+4",Slide7-8,False,
IMG_20260331_110830_635.tiff,IMG_20260331_110830_635,Kruss,5,4X,4210,176,YCT26,"I-XII. CARCINÔM TUYẾN TIỀN LIỆT , GLEASON 4+4",Slide7-8,True,IMG_20260331_110830_635.tiff
IMG_20260331_110831_250.tiff,IMG_20260331_110831_250,Kruss,5,4X,4212,176,YCT26,"I-XII. CARCINÔM TUYẾN TIỀN LIỆT , GLEASON 4+4",Slide7-8,True,IMG_20260331_110831_250.tiff
IMG_20260331_111450_661.tiff,IMG_20260331_111450_661,Kruss,4,10X,4240,176,YCT26,"I-XII. CARCINÔM TUYẾN TIỀN LIỆT , GLEASON 4+4",Slide9-10,False,
IMG_20260331_111450_980.tiff,IMG_20260331_111450_980,Kruss,4,10X,4241,176,YCT26,"I-XII. CARCINÔM TUYẾN TIỀN LIỆT , GLEASON 4+4",Slide9-10,False,
IMG_20260331_111451_317.tiff,IMG_20260331_111451_317,Kruss,5,10X,4242,176,YCT26,"I-XII. CARCINÔM TUYẾN TIỀN LIỆT , GLEASON 4+4",Slide9-10,False,
IMG_20260331_111839_747.tiff,IMG_20260331_111839_747,Kruss,5,40X,4243,176,YCT26,"I-XII. CARCINÔM TUYẾN TIỀN LIỆT , GLEASON 4+4",Slide9-10,False,
IMG_20260331_111840_078.tiff,IMG_20260331_111840_078,Kruss,5,40X,4244,176,YCT26,"I-XII. CARCINÔM TUYẾN TIỀN LIỆT , GLEASON 4+4",Slide9-10,False,
IMG_20260331_111840_452.tiff,IMG_20260331_111840_452,Kruss,4,40X,4245,176,YCT26,"I-XII. CARCINÔM TUYẾN TIỀN LIỆT , GLEASON 4+4",Slide9-10,False,
IMG_20260331_111840_777.tiff,IMG_20260331_111840_777,Kruss,4,40X,4246,176,YCT26,"I-XII. CARCINÔM TUYẾN TIỀN LIỆT , GLEASON 4+4",Slide9-10,False,
IMG_20260331_111841_113.tiff,IMG_20260331_111841_113,Kruss,4,40X,4247,176,YCT26,"I-XII. CARCINÔM TUYẾN TIỀN LIỆT , GLEASON 4+4",Slide9-10,False,
IMG_20260331_111841_471.tiff,IMG_20260331_111841_471,Kruss,4,40X,4248,176,YCT26,"I-XII. CARCINÔM TUYẾN TIỀN LIỆT , GLEASON 4+4",Slide9-10,False,
IMG_20260331_111841_806.tiff,IMG_20260331_111841_806,Kruss,4,40X,4249,176,YCT26,"I-XII. CARCINÔM TUYẾN TIỀN LIỆT , GLEASON 4+4",Slide9-10,False,
IMG_20260331_111347_703.tiff,IMG_20260331_111347_703,Kruss,5,4X,4237,176,YCT26,"I-XII. CARCINÔM TUYẾN TIỀN LIỆT , GLEASON 4+4",Slide9-10,True,IMG_20260331_111347_703.tiff
IMG_20260331_111347_989.tiff,IMG_20260331_111347_989,Kruss,5,4X,4238,176,YCT26,"I-XII. CARCINÔM TUYẾN TIỀN LIỆT , GLEASON 4+4",Slide9-10,True,IMG_20260331_111347_989.tiff
IMG_20260331_111348_263.tiff,IMG_20260331_111348_263,Kruss,5,4X,4239,176,YCT26,"I-XII. CARCINÔM TUYẾN TIỀN LIỆT , GLEASON 4+4",Slide9-10,True,IMG_20260331_111348_263.tiff
IMG_20260330_101134_980.tiff,IMG_20260330_101134_980,Kruss,5,10X,3621,384,YCT26,"CARCINÔM TUYẾN TIỀN LIỆT , GLEASON 4+5",Slide1-2,False,
IMG_20260330_101313_093.tiff,IMG_20260330_101313_093,Kruss,5,40X,3622,384,YCT26,"CARCINÔM TUYẾN TIỀN LIỆT , GLEASON 4+5",Slide1-2,False,
IMG_20260330_101313_448.tiff,IMG_20260330_101313_448,Kruss,5,40X,3623,384,YCT26,"CARCINÔM TUYẾN TIỀN LIỆT , GLEASON 4+5",Slide1-2,False,
IMG_20260330_101313_814.tiff,IMG_20260330_101313_814,Kruss,5,40X,3624,384,YCT26,"CARCINÔM TUYẾN TIỀN LIỆT , GLEASON 4+5",Slide1-2,False,
IMG_20260330_101314_172.tiff,IMG_20260330_101314_172,Kruss,5,40X,3625,384,YCT26,"CARCINÔM TUYẾN TIỀN LIỆT , GLEASON 4+5",Slide1-2,False,
IMG_20260330_101314_524.tiff,IMG_20260330_101314_524,Kruss,5,40X,3626,384,YCT26,"CARCINÔM TUYẾN TIỀN LIỆT , GLEASON 4+5",Slide1-2,False,
IMG_20260330_101314_922.tiff,IMG_20260330_101314_922,Kruss,5,40X,3627,384,YCT26,"CARCINÔM TUYẾN TIỀN LIỆT , GLEASON 4+5",Slide1-2,False,
IMG_20260330_101315_731.tiff,IMG_20260330_101315_731,Kruss,5,40X,3629,384,YCT26,"CARCINÔM TUYẾN TIỀN LIỆT , GLEASON 4+5",Slide1-2,False,
IMG_20260330_102255_677.tiff,IMG_20260330_102255_677,Kruss,4,10X,3634,384,YCT26,"CARCINÔM TUYẾN TIỀN LIỆT , GLEASON 4+5",Slide3-4,False,
IMG_20260330_102256_010.tiff,IMG_20260330_102256_010,Kruss,4,10X,3635,384,YCT26,"CARCINÔM TUYẾN TIỀN LIỆT , GLEASON 4+5",Slide3-4,False,
IMG_20260330_102358_111.tiff,IMG_20260330_102358_111,Kruss,5,40X,3636,384,YCT26,"CARCINÔM TUYẾN TIỀN LIỆT , GLEASON 4+5",Slide3-4,False,
IMG_20260330_102358_458.tiff,IMG_20260330_102358_458,Kruss,5,40X,3637,384,YCT26,"CARCINÔM TUYẾN TIỀN LIỆT , GLEASON 4+5",Slide3-4,False,
IMG_20260330_102358_805.tiff,IMG_20260330_102358_805,Kruss,5,40X,3638,384,YCT26,"CARCINÔM TUYẾN TIỀN LIỆT , GLEASON 4+5",Slide3-4,False,
IMG_20260330_102359_150.tiff,IMG_20260330_102359_150,Kruss,5,40X,3639,384,YCT26,"CARCINÔM TUYẾN TIỀN LIỆT , GLEASON 4+5",Slide3-4,False,
IMG_20260330_102359_470.tiff,IMG_20260330_102359_470,Kruss,5,40X,3640,384,YCT26,"CARCINÔM TUYẾN TIỀN LIỆT , GLEASON 4+5",Slide3-4,False,
IMG_20260330_102918_871.tiff,IMG_20260330_102918_871,Kruss,4,40X,3660,384,YCT26,"CARCINÔM TUYẾN TIỀN LIỆT , GLEASON 4+5",Slide5-6,False,
IMG_20260330_102919_213.tiff,IMG_20260330_102919_213,Kruss,5,40X,3661,384,YCT26,"CARCINÔM TUYẾN TIỀN LIỆT , GLEASON 4+5",Slide5-6,False,
IMG_20260330_103308_157.tiff,IMG_20260330_103308_157,Kruss,5,40X,3662,384,YCT26,"CARCINÔM TUYẾN TIỀN LIỆT , GLEASON 4+5",Slide5-6,False,
IMG_20260330_103507_755.tiff,IMG_20260330_103507_755,Kruss,4,40X,3670,384,YCT26,"CARCINÔM TUYẾN TIỀN LIỆT , GLEASON 4+5",Slide5-6,False,
IMG_20260330_102551_487.tiff,IMG_20260330_102551_487,Kruss,5,4X,3642,384,YCT26,"CARCINÔM TUYẾN TIỀN LIỆT , GLEASON 4+5",Slide5-6,True,IMG_20260330_102551_487.tiff
IMG_20260330_104342_076.tiff,IMG_20260330_104342_076,Kruss,5,10X,3687,384,YCT26,"CARCINÔM TUYẾN TIỀN LIỆT , GLEASON 4+5",Slide7-8,False,
IMG_20260330_104957_182.tiff,IMG_20260330_104957_182,Kruss,5,40X,3703,384,YCT26,"CARCINÔM TUYẾN TIỀN LIỆT , GLEASON 4+5",Slide7-8,False,
IMG_20260330_104957_532.tiff,IMG_20260330_104957_532,Kruss,5,40X,3704,384,YCT26,"CARCINÔM TUYẾN TIỀN LIỆT , GLEASON 4+5",Slide7-8,False,
IMG_20260330_105127_465.tiff,IMG_20260330_105127_465,Kruss,4,40X,3713,384,YCT26,"CARCINÔM TUYẾN TIỀN LIỆT , GLEASON 4+5",Slide7-8,False,
IMG_20260330_105519_638.tiff,IMG_20260330_105519_638,Kruss,5,10X,3723,384,YCT26,"CARCINÔM TUYẾN TIỀN LIỆT , GLEASON 4+5",Slide9-10,False,
IMG_20260330_105519_955.tiff,IMG_20260330_105519_955,Kruss,5,10X,3724,384,YCT26,"CARCINÔM TUYẾN TIỀN LIỆT , GLEASON 4+5",Slide9-10,False,
IMG_20260330_105520_334.tiff,IMG_20260330_105520_334,Kruss,5,10X,3725,384,YCT26,"CARCINÔM TUYẾN TIỀN LIỆT , GLEASON 4+5",Slide9-10,False,
IMG_20260330_105520_724.tiff,IMG_20260330_105520_724,Kruss,5,10X,3726,384,YCT26,"CARCINÔM TUYẾN TIỀN LIỆT , GLEASON 4+5",Slide9-10,False,
IMG_20260330_105736_454.tiff,IMG_20260330_105736_454,Kruss,5,10X,3735,384,YCT26,"CARCINÔM TUYẾN TIỀN LIỆT , GLEASON 4+5",Slide9-10,False,
IMG_20260330_105736_902.tiff,IMG_20260330_105736_902,Kruss,5,10X,3736,384,YCT26,"CARCINÔM TUYẾN TIỀN LIỆT , GLEASON 4+5",Slide9-10,False,
IMG_20260330_105737_691.tiff,IMG_20260330_105737_691,Kruss,5,10X,3738,384,YCT26,"CARCINÔM TUYẾN TIỀN LIỆT , GLEASON 4+5",Slide9-10,False,
IMG_20260330_105738_462.tiff,IMG_20260330_105738_462,Kruss,5,10X,3740,384,YCT26,"CARCINÔM TUYẾN TIỀN LIỆT , GLEASON 4+5",Slide9-10,False,
IMG_20260330_105738_832.tiff,IMG_20260330_105738_832,Kruss,5,10X,3741,384,YCT26,"CARCINÔM TUYẾN TIỀN LIỆT , GLEASON 4+5",Slide9-10,False,
IMG_20260330_110028_848.tiff,IMG_20260330_110028_848,Kruss,5,10X,3743,384,YCT26,"CARCINÔM TUYẾN TIỀN LIỆT , GLEASON 4+5",Slide9-10,False,
IMG_20260330_110029_914.tiff,IMG_20260330_110029_914,Kruss,5,10X,3746,384,YCT26,"CARCINÔM TUYẾN TIỀN LIỆT , GLEASON 4+5",Slide9-10,False,
IMG_20260330_110030_335.tiff,IMG_20260330_110030_335,Kruss,5,10X,3747,384,YCT26,"CARCINÔM TUYẾN TIỀN LIỆT , GLEASON 4+5",Slide9-10,False,
IMG_20260330_110030_719.tiff,IMG_20260330_110030_719,Kruss,5,10X,3748,384,YCT26,"CARCINÔM TUYẾN TIỀN LIỆT , GLEASON 4+5",Slide9-10,False,
IMG_20260330_110031_084.tiff,IMG_20260330_110031_084,Kruss,5,10X,3749,384,YCT26,"CARCINÔM TUYẾN TIỀN LIỆT , GLEASON 4+5",Slide9-10,False,
IMG_20260330_110148_653.tiff,IMG_20260330_110148_653,Kruss,5,10X,3750,384,YCT26,"CARCINÔM TUYẾN TIỀN LIỆT , GLEASON 4+5",Slide9-10,False,
IMG_20260330_110149_033.tiff,IMG_20260330_110149_033,Kruss,5,10X,3751,384,YCT26,"CARCINÔM TUYẾN TIỀN LIỆT , GLEASON 4+5",Slide9-10,False,
IMG_20260330_110149_419.tiff,IMG_20260330_110149_419,Kruss,5,10X,3752,384,YCT26,"CARCINÔM TUYẾN TIỀN LIỆT , GLEASON 4+5",Slide9-10,False,
IMG_20260330_110149_782.tiff,IMG_20260330_110149_782,Kruss,5,10X,3753,384,YCT26,"CARCINÔM TUYẾN TIỀN LIỆT , GLEASON 4+5",Slide9-10,False,
IMG_20260330_110150_153.tiff,IMG_20260330_110150_153,Kruss,5,10X,3754,384,YCT26,"CARCINÔM TUYẾN TIỀN LIỆT , GLEASON 4+5",Slide9-10,False,
IMG_20260330_110150_522.tiff,IMG_20260330_110150_522,Kruss,5,10X,3755,384,YCT26,"CARCINÔM TUYẾN TIỀN LIỆT , GLEASON 4+5",Slide9-10,False,
IMG_20260330_110150_873.tiff,IMG_20260330_110150_873,Kruss,5,10X,3756,384,YCT26,"CARCINÔM TUYẾN TIỀN LIỆT , GLEASON 4+5",Slide9-10,False,
IMG_20260330_110151_244.tiff,IMG_20260330_110151_244,Kruss,5,10X,3757,384,YCT26,"CARCINÔM TUYẾN TIỀN LIỆT , GLEASON 4+5",Slide9-10,False,
IMG_20260330_105342_636.tiff,IMG_20260330_105342_636,Kruss,4,4X,3716,384,YCT26,"CARCINÔM TUYẾN TIỀN LIỆT , GLEASON 4+5",Slide9-10,True,IMG_20260330_105342_636.tiff
IMG_20260330_105343_932.tiff,IMG_20260330_105343_932,Kruss,4,4X,3720,384,YCT26,"CARCINÔM TUYẾN TIỀN LIỆT , GLEASON 4+5",Slide9-10,True,IMG_20260330_105343_932.tiff
IMG_20260330_105344_285.tiff,IMG_20260330_105344_285,Kruss,5,4X,3721,384,YCT26,"CARCINÔM TUYẾN TIỀN LIỆT , GLEASON 4+5",Slide9-10,True,IMG_20260330_105344_285.tiff
IMG_20260321_140524_156.tiff,IMG_20260321_140524_156,Kruss,0,10X,22,408,YCT26,"III,IV,VII,VIII,IX,X,XI,XII. CARCINÔM TUYẾN TIỀN LIỆT , GLEASON 4+4. I,II,V,VI.TĂNG SẢN LÀNH TÍNH TUYẾN TIỀN LIỆT ( PROSTATIC HYPERPLASIA )",Slide1-2,False,
IMG_20260321_140524_493.tiff,IMG_20260321_140524_493,Kruss,0,10X,23,408,YCT26,"III,IV,VII,VIII,IX,X,XI,XII. CARCINÔM TUYẾN TIỀN LIỆT , GLEASON 4+4. I,II,V,VI.TĂNG SẢN LÀNH TÍNH TUYẾN TIỀN LIỆT ( PROSTATIC HYPERPLASIA )",Slide1-2,False,
IMG_20260321_140524_829.tiff,IMG_20260321_140524_829,Kruss,0,10X,24,408,YCT26,"III,IV,VII,VIII,IX,X,XI,XII. CARCINÔM TUYẾN TIỀN LIỆT , GLEASON 4+4. I,II,V,VI.TĂNG SẢN LÀNH TÍNH TUYẾN TIỀN LIỆT ( PROSTATIC HYPERPLASIA )",Slide1-2,False,
IMG_20260321_140525_185.tiff,IMG_20260321_140525_185,Kruss,0,10X,25,408,YCT26,"III,IV,VII,VIII,IX,X,XI,XII. CARCINÔM TUYẾN TIỀN LIỆT , GLEASON 4+4. I,II,V,VI.TĂNG SẢN LÀNH TÍNH TUYẾN TIỀN LIỆT ( PROSTATIC HYPERPLASIA )",Slide1-2,False,
IMG_20260321_140556_075.tiff,IMG_20260321_140556_075,Kruss,0,10X,26,408,YCT26,"III,IV,VII,VIII,IX,X,XI,XII. CARCINÔM TUYẾN TIỀN LIỆT , GLEASON 4+4. I,II,V,VI.TĂNG SẢN LÀNH TÍNH TUYẾN TIỀN LIỆT ( PROSTATIC HYPERPLASIA )",Slide1-2,False,
IMG_20260321_140556_410.tiff,IMG_20260321_140556_410,Kruss,0,10X,27,408,YCT26,"III,IV,VII,VIII,IX,X,XI,XII. CARCINÔM TUYẾN TIỀN LIỆT , GLEASON 4+4. I,II,V,VI.TĂNG SẢN LÀNH TÍNH TUYẾN TIỀN LIỆT ( PROSTATIC HYPERPLASIA )",Slide1-2,False,
IMG_20260321_140556_755.tiff,IMG_20260321_140556_755,Kruss,0,10X,28,408,YCT26,"III,IV,VII,VIII,IX,X,XI,XII. CARCINÔM TUYẾN TIỀN LIỆT , GLEASON 4+4. I,II,V,VI.TĂNG SẢN LÀNH TÍNH TUYẾN TIỀN LIỆT ( PROSTATIC HYPERPLASIA )",Slide1-2,False,
IMG_20260331_095927_369.tiff,IMG_20260331_095927_369,Kruss,0,10X,3884,408,YCT26,"III,IV,VII,VIII,IX,X,XI,XII. CARCINÔM TUYẾN TIỀN LIỆT , GLEASON 4+4. I,II,V,VI.TĂNG SẢN LÀNH TÍNH TUYẾN TIỀN LIỆT ( PROSTATIC HYPERPLASIA )",Slide1-2,False,
IMG_20260331_095927_683.tiff,IMG_20260331_095927_683,Kruss,0,10X,3885,408,YCT26,"III,IV,VII,VIII,IX,X,XI,XII. CARCINÔM TUYẾN TIỀN LIỆT , GLEASON 4+4. I,II,V,VI.TĂNG SẢN LÀNH TÍNH TUYẾN TIỀN LIỆT ( PROSTATIC HYPERPLASIA )",Slide1-2,False,
IMG_20260331_095927_999.tiff,IMG_20260331_095927_999,Kruss,0,10X,3886,408,YCT26,"III,IV,VII,VIII,IX,X,XI,XII. CARCINÔM TUYẾN TIỀN LIỆT , GLEASON 4+4. I,II,V,VI.TĂNG SẢN LÀNH TÍNH TUYẾN TIỀN LIỆT ( PROSTATIC HYPERPLASIA )",Slide1-2,False,
IMG_20260331_095928_332.tiff,IMG_20260331_095928_332,Kruss,0,10X,3887,408,YCT26,"III,IV,VII,VIII,IX,X,XI,XII. CARCINÔM TUYẾN TIỀN LIỆT , GLEASON 4+4. I,II,V,VI.TĂNG SẢN LÀNH TÍNH TUYẾN TIỀN LIỆT ( PROSTATIC HYPERPLASIA )",Slide1-2,False,
IMG_20260331_095928_682.tiff,IMG_20260331_095928_682,Kruss,0,10X,3888,408,YCT26,"III,IV,VII,VIII,IX,X,XI,XII. CARCINÔM TUYẾN TIỀN LIỆT , GLEASON 4+4. I,II,V,VI.TĂNG SẢN LÀNH TÍNH TUYẾN TIỀN LIỆT ( PROSTATIC HYPERPLASIA )",Slide1-2,False,
IMG_20260331_095929_091.tiff,IMG_20260331_095929_091,Kruss,0,10X,3889,408,YCT26,"III,IV,VII,VIII,IX,X,XI,XII. CARCINÔM TUYẾN TIỀN LIỆT , GLEASON 4+4. I,II,V,VI.TĂNG SẢN LÀNH TÍNH TUYẾN TIỀN LIỆT ( PROSTATIC HYPERPLASIA )",Slide1-2,False,
IMG_20260331_095929_436.tiff,IMG_20260331_095929_436,Kruss,0,10X,3890,408,YCT26,"III,IV,VII,VIII,IX,X,XI,XII. CARCINÔM TUYẾN TIỀN LIỆT , GLEASON 4+4. I,II,V,VI.TĂNG SẢN LÀNH TÍNH TUYẾN TIỀN LIỆT ( PROSTATIC HYPERPLASIA )",Slide1-2,False,
IMG_20260331_095929_772.tiff,IMG_20260331_095929_772,Kruss,0,10X,3891,408,YCT26,"III,IV,VII,VIII,IX,X,XI,XII. CARCINÔM TUYẾN TIỀN LIỆT , GLEASON 4+4. I,II,V,VI.TĂNG SẢN LÀNH TÍNH TUYẾN TIỀN LIỆT ( PROSTATIC HYPERPLASIA )",Slide1-2,False,
IMG_20260331_095943_683.tiff,IMG_20260331_095943_683,Kruss,0,10X,3892,408,YCT26,"III,IV,VII,VIII,IX,X,XI,XII. CARCINÔM TUYẾN TIỀN LIỆT , GLEASON 4+4. I,II,V,VI.TĂNG SẢN LÀNH TÍNH TUYẾN TIỀN LIỆT ( PROSTATIC HYPERPLASIA )",Slide1-2,False,
IMG_20260331_095944_014.tiff,IMG_20260331_095944_014,Kruss,0,10X,3893,408,YCT26,"III,IV,VII,VIII,IX,X,XI,XII. CARCINÔM TUYẾN TIỀN LIỆT , GLEASON 4+4. I,II,V,VI.TĂNG SẢN LÀNH TÍNH TUYẾN TIỀN LIỆT ( PROSTATIC HYPERPLASIA )",Slide1-2,False,
IMG_20260331_095944_350.tiff,IMG_20260331_095944_350,Kruss,0,10X,3894,408,YCT26,"III,IV,VII,VIII,IX,X,XI,XII. CARCINÔM TUYẾN TIỀN LIỆT , GLEASON 4+4. I,II,V,VI.TĂNG SẢN LÀNH TÍNH TUYẾN TIỀN LIỆT ( PROSTATIC HYPERPLASIA )",Slide1-2,False,
IMG_20260331_100059_230.tiff,IMG_20260331_100059_230,Kruss,0,40X,3895,408,YCT26,"III,IV,VII,VIII,IX,X,XI,XII. CARCINÔM TUYẾN TIỀN LIỆT , GLEASON 4+4. I,II,V,VI.TĂNG SẢN LÀNH TÍNH TUYẾN TIỀN LIỆT ( PROSTATIC HYPERPLASIA )",Slide1-2,False,
IMG_20260331_100059_601.tiff,IMG_20260331_100059_601,Kruss,0,40X,3896,408,YCT26,"III,IV,VII,VIII,IX,X,XI,XII. CARCINÔM TUYẾN TIỀN LIỆT , GLEASON 4+4. I,II,V,VI.TĂNG SẢN LÀNH TÍNH TUYẾN TIỀN LIỆT ( PROSTATIC HYPERPLASIA )",Slide1-2,False,
IMG_20260331_100100_000.tiff,IMG_20260331_100100_000,Kruss,0,40X,3897,408,YCT26,"III,IV,VII,VIII,IX,X,XI,XII. CARCINÔM TUYẾN TIỀN LIỆT , GLEASON 4+4. I,II,V,VI.TĂNG SẢN LÀNH TÍNH TUYẾN TIỀN LIỆT ( PROSTATIC HYPERPLASIA )",Slide1-2,False,
IMG_20260331_100100_376.tiff,IMG_20260331_100100_376,Kruss,0,40X,3898,408,YCT26,"III,IV,VII,VIII,IX,X,XI,XII. CARCINÔM TUYẾN TIỀN LIỆT , GLEASON 4+4. I,II,V,VI.TĂNG SẢN LÀNH TÍNH TUYẾN TIỀN LIỆT ( PROSTATIC HYPERPLASIA )",Slide1-2,False,
IMG_20260331_100100_748.tiff,IMG_20260331_100100_748,Kruss,0,40X,3899,408,YCT26,"III,IV,VII,VIII,IX,X,XI,XII. CARCINÔM TUYẾN TIỀN LIỆT , GLEASON 4+4. I,II,V,VI.TĂNG SẢN LÀNH TÍNH TUYẾN TIỀN LIỆT ( PROSTATIC HYPERPLASIA )",Slide1-2,False,
IMG_20260331_100101_151.tiff,IMG_20260331_100101_151,Kruss,0,40X,3900,408,YCT26,"III,IV,VII,VIII,IX,X,XI,XII. CARCINÔM TUYẾN TIỀN LIỆT , GLEASON 4+4. I,II,V,VI.TĂNG SẢN LÀNH TÍNH TUYẾN TIỀN LIỆT ( PROSTATIC HYPERPLASIA )",Slide1-2,False,
IMG_20260331_100101_517.tiff,IMG_20260331_100101_517,Kruss,0,40X,3901,408,YCT26,"III,IV,VII,VIII,IX,X,XI,XII. CARCINÔM TUYẾN TIỀN LIỆT , GLEASON 4+4. I,II,V,VI.TĂNG SẢN LÀNH TÍNH TUYẾN TIỀN LIỆT ( PROSTATIC HYPERPLASIA )",Slide1-2,False,
IMG_20260331_100101_912.tiff,IMG_20260331_100101_912,Kruss,0,40X,3902,408,YCT26,"III,IV,VII,VIII,IX,X,XI,XII. CARCINÔM TUYẾN TIỀN LIỆT , GLEASON 4+4. I,II,V,VI.TĂNG SẢN LÀNH TÍNH TUYẾN TIỀN LIỆT ( PROSTATIC HYPERPLASIA )",Slide1-2,False,
IMG_20260331_100143_442.tiff,IMG_20260331_100143_442,Kruss,0,40X,3903,408,YCT26,"III,IV,VII,VIII,IX,X,XI,XII. CARCINÔM TUYẾN TIỀN LIỆT , GLEASON 4+4. I,II,V,VI.TĂNG SẢN LÀNH TÍNH TUYẾN TIỀN LIỆT ( PROSTATIC HYPERPLASIA )",Slide1-2,False,
IMG_20260331_100143_808.tiff,IMG_20260331_100143_808,Kruss,0,40X,3904,408,YCT26,"III,IV,VII,VIII,IX,X,XI,XII. CARCINÔM TUYẾN TIỀN LIỆT , GLEASON 4+4. I,II,V,VI.TĂNG SẢN LÀNH TÍNH TUYẾN TIỀN LIỆT ( PROSTATIC HYPERPLASIA )",Slide1-2,False,
IMG_20260331_100144_166.tiff,IMG_20260331_100144_166,Kruss,0,40X,3905,408,YCT26,"III,IV,VII,VIII,IX,X,XI,XII. CARCINÔM TUYẾN TIỀN LIỆT , GLEASON 4+4. I,II,V,VI.TĂNG SẢN LÀNH TÍNH TUYẾN TIỀN LIỆT ( PROSTATIC HYPERPLASIA )",Slide1-2,False,
IMG_20260331_100144_523.tiff,IMG_20260331_100144_523,Kruss,0,40X,3906,408,YCT26,"III,IV,VII,VIII,IX,X,XI,XII. CARCINÔM TUYẾN TIỀN LIỆT , GLEASON 4+4. I,II,V,VI.TĂNG SẢN LÀNH TÍNH TUYẾN TIỀN LIỆT ( PROSTATIC HYPERPLASIA )",Slide1-2,False,
IMG_20260331_100144_885.tiff,IMG_20260331_100144_885,Kruss,0,40X,3907,408,YCT26,"III,IV,VII,VIII,IX,X,XI,XII. CARCINÔM TUYẾN TIỀN LIỆT , GLEASON 4+4. I,II,V,VI.TĂNG SẢN LÀNH TÍNH TUYẾN TIỀN LIỆT ( PROSTATIC HYPERPLASIA )",Slide1-2,False,
IMG_20260331_100145_224.tiff,IMG_20260331_100145_224,Kruss,0,40X,3908,408,YCT26,"III,IV,VII,VIII,IX,X,XI,XII. CARCINÔM TUYẾN TIỀN LIỆT , GLEASON 4+4. I,II,V,VI.TĂNG SẢN LÀNH TÍNH TUYẾN TIỀN LIỆT ( PROSTATIC HYPERPLASIA )",Slide1-2,False,
IMG_20260331_100145_592.tiff,IMG_20260331_100145_592,Kruss,0,40X,3909,408,YCT26,"III,IV,VII,VIII,IX,X,XI,XII. CARCINÔM TUYẾN TIỀN LIỆT , GLEASON 4+4. I,II,V,VI.TĂNG SẢN LÀNH TÍNH TUYẾN TIỀN LIỆT ( PROSTATIC HYPERPLASIA )",Slide1-2,False,
IMG_20260331_100145_989.tiff,IMG_20260331_100145_989,Kruss,0,40X,3910,408,YCT26,"III,IV,VII,VIII,IX,X,XI,XII. CARCINÔM TUYẾN TIỀN LIỆT , GLEASON 4+4. I,II,V,VI.TĂNG SẢN LÀNH TÍNH TUYẾN TIỀN LIỆT ( PROSTATIC HYPERPLASIA )",Slide1-2,False,
IMG_20260331_100245_149.tiff,IMG_20260331_100245_149,Kruss,0,40X,3911,408,YCT26,"III,IV,VII,VIII,IX,X,XI,XII. CARCINÔM TUYẾN TIỀN LIỆT , GLEASON 4+4. I,II,V,VI.TĂNG SẢN LÀNH TÍNH TUYẾN TIỀN LIỆT ( PROSTATIC HYPERPLASIA )",Slide1-2,False,
IMG_20260331_100245_494.tiff,IMG_20260331_100245_494,Kruss,0,40X,3912,408,YCT26,"III,IV,VII,VIII,IX,X,XI,XII. CARCINÔM TUYẾN TIỀN LIỆT , GLEASON 4+4. I,II,V,VI.TĂNG SẢN LÀNH TÍNH TUYẾN TIỀN LIỆT ( PROSTATIC HYPERPLASIA )",Slide1-2,False,
IMG_20260331_100245_858.tiff,IMG_20260331_100245_858,Kruss,0,40X,3913,408,YCT26,"III,IV,VII,VIII,IX,X,XI,XII. CARCINÔM TUYẾN TIỀN LIỆT , GLEASON 4+4. I,II,V,VI.TĂNG SẢN LÀNH TÍNH TUYẾN TIỀN LIỆT ( PROSTATIC HYPERPLASIA )",Slide1-2,False,
IMG_20260331_100246_225.tiff,IMG_20260331_100246_225,Kruss,0,40X,3914,408,YCT26,"III,IV,VII,VIII,IX,X,XI,XII. CARCINÔM TUYẾN TIỀN LIỆT , GLEASON 4+4. I,II,V,VI.TĂNG SẢN LÀNH TÍNH TUYẾN TIỀN LIỆT ( PROSTATIC HYPERPLASIA )",Slide1-2,False,
IMG_20260331_100246_572.tiff,IMG_20260331_100246_572,Kruss,0,40X,3915,408,YCT26,"III,IV,VII,VIII,IX,X,XI,XII. CARCINÔM TUYẾN TIỀN LIỆT , GLEASON 4+4. I,II,V,VI.TĂNG SẢN LÀNH TÍNH TUYẾN TIỀN LIỆT ( PROSTATIC HYPERPLASIA )",Slide1-2,False,
IMG_20260331_100246_922.tiff,IMG_20260331_100246_922,Kruss,0,40X,3916,408,YCT26,"III,IV,VII,VIII,IX,X,XI,XII. CARCINÔM TUYẾN TIỀN LIỆT , GLEASON 4+4. I,II,V,VI.TĂNG SẢN LÀNH TÍNH TUYẾN TIỀN LIỆT ( PROSTATIC HYPERPLASIA )",Slide1-2,False,
IMG_20260331_100247_290.tiff,IMG_20260331_100247_290,Kruss,0,40X,3917,408,YCT26,"III,IV,VII,VIII,IX,X,XI,XII. CARCINÔM TUYẾN TIỀN LIỆT , GLEASON 4+4. I,II,V,VI.TĂNG SẢN LÀNH TÍNH TUYẾN TIỀN LIỆT ( PROSTATIC HYPERPLASIA )",Slide1-2,False,
IMG_20260331_100247_659.tiff,IMG_20260331_100247_659,Kruss,0,40X,3918,408,YCT26,"III,IV,VII,VIII,IX,X,XI,XII. CARCINÔM TUYẾN TIỀN LIỆT , GLEASON 4+4. I,II,V,VI.TĂNG SẢN LÀNH TÍNH TUYẾN TIỀN LIỆT ( PROSTATIC HYPERPLASIA )",Slide1-2,False,
IMG_20260331_100427_420.tiff,IMG_20260331_100427_420,Kruss,0,40X,3919,408,YCT26,"III,IV,VII,VIII,IX,X,XI,XII. CARCINÔM TUYẾN TIỀN LIỆT , GLEASON 4+4. I,II,V,VI.TĂNG SẢN LÀNH TÍNH TUYẾN TIỀN LIỆT ( PROSTATIC HYPERPLASIA )",Slide1-2,False,
IMG_20260331_100427_776.tiff,IMG_20260331_100427_776,Kruss,0,40X,3920,408,YCT26,"III,IV,VII,VIII,IX,X,XI,XII. CARCINÔM TUYẾN TIỀN LIỆT , GLEASON 4+4. I,II,V,VI.TĂNG SẢN LÀNH TÍNH TUYẾN TIỀN LIỆT ( PROSTATIC HYPERPLASIA )",Slide1-2,False,
IMG_20260331_100428_160.tiff,IMG_20260331_100428_160,Kruss,0,40X,3921,408,YCT26,"III,IV,VII,VIII,IX,X,XI,XII. CARCINÔM TUYẾN TIỀN LIỆT , GLEASON 4+4. I,II,V,VI.TĂNG SẢN LÀNH TÍNH TUYẾN TIỀN LIỆT ( PROSTATIC HYPERPLASIA )",Slide1-2,False,
IMG_20260331_100428_508.tiff,IMG_20260331_100428_508,Kruss,0,40X,3922,408,YCT26,"III,IV,VII,VIII,IX,X,XI,XII. CARCINÔM TUYẾN TIỀN LIỆT , GLEASON 4+4. I,II,V,VI.TĂNG SẢN LÀNH TÍNH TUYẾN TIỀN LIỆT ( PROSTATIC HYPERPLASIA )",Slide1-2,False,
IMG_20260331_100428_848.tiff,IMG_20260331_100428_848,Kruss,0,40X,3923,408,YCT26,"III,IV,VII,VIII,IX,X,XI,XII. CARCINÔM TUYẾN TIỀN LIỆT , GLEASON 4+4. I,II,V,VI.TĂNG SẢN LÀNH TÍNH TUYẾN TIỀN LIỆT ( PROSTATIC HYPERPLASIA )",Slide1-2,False,
IMG_20260331_100429_201.tiff,IMG_20260331_100429_201,Kruss,0,40X,3924,408,YCT26,"III,IV,VII,VIII,IX,X,XI,XII. CARCINÔM TUYẾN TIỀN LIỆT , GLEASON 4+4. I,II,V,VI.TĂNG SẢN LÀNH TÍNH TUYẾN TIỀN LIỆT ( PROSTATIC HYPERPLASIA )",Slide1-2,False,
IMG_20260331_100429_550.tiff,IMG_20260331_100429_550,Kruss,0,40X,3925,408,YCT26,"III,IV,VII,VIII,IX,X,XI,XII. CARCINÔM TUYẾN TIỀN LIỆT , GLEASON 4+4. I,II,V,VI.TĂNG SẢN LÀNH TÍNH TUYẾN TIỀN LIỆT ( PROSTATIC HYPERPLASIA )",Slide1-2,False,
IMG_20260331_100429_884.tiff,IMG_20260331_100429_884,Kruss,0,40X,3926,408,YCT26,"III,IV,VII,VIII,IX,X,XI,XII. CARCINÔM TUYẾN TIỀN LIỆT , GLEASON 4+4. I,II,V,VI.TĂNG SẢN LÀNH TÍNH TUYẾN TIỀN LIỆT ( PROSTATIC HYPERPLASIA )",Slide1-2,False,
IMG_20260331_100505_967.tiff,IMG_20260331_100505_967,Kruss,0,40X,3927,408,YCT26,"III,IV,VII,VIII,IX,X,XI,XII. CARCINÔM TUYẾN TIỀN LIỆT , GLEASON 4+4. I,II,V,VI.TĂNG SẢN LÀNH TÍNH TUYẾN TIỀN LIỆT ( PROSTATIC HYPERPLASIA )",Slide1-2,False,
IMG_20260331_100506_324.tiff,IMG_20260331_100506_324,Kruss,0,40X,3928,408,YCT26,"III,IV,VII,VIII,IX,X,XI,XII. CARCINÔM TUYẾN TIỀN LIỆT , GLEASON 4+4. I,II,V,VI.TĂNG SẢN LÀNH TÍNH TUYẾN TIỀN LIỆT ( PROSTATIC HYPERPLASIA )",Slide1-2,False,
IMG_20260331_100506_665.tiff,IMG_20260331_100506_665,Kruss,0,40X,3929,408,YCT26,"III,IV,VII,VIII,IX,X,XI,XII. CARCINÔM TUYẾN TIỀN LIỆT , GLEASON 4+4. I,II,V,VI.TĂNG SẢN LÀNH TÍNH TUYẾN TIỀN LIỆT ( PROSTATIC HYPERPLASIA )",Slide1-2,False,
IMG_20260331_100507_018.tiff,IMG_20260331_100507_018,Kruss,0,40X,3930,408,YCT26,"III,IV,VII,VIII,IX,X,XI,XII. CARCINÔM TUYẾN TIỀN LIỆT , GLEASON 4+4. I,II,V,VI.TĂNG SẢN LÀNH TÍNH TUYẾN TIỀN LIỆT ( PROSTATIC HYPERPLASIA )",Slide1-2,False,
IMG_20260331_100507_369.tiff,IMG_20260331_100507_369,Kruss,0,40X,3931,408,YCT26,"III,IV,VII,VIII,IX,X,XI,XII. CARCINÔM TUYẾN TIỀN LIỆT , GLEASON 4+4. I,II,V,VI.TĂNG SẢN LÀNH TÍNH TUYẾN TIỀN LIỆT ( PROSTATIC HYPERPLASIA )",Slide1-2,False,
IMG_20260331_095802_720.tiff,IMG_20260331_095802_720,Kruss,0,4X,3879,408,YCT26,"III,IV,VII,VIII,IX,X,XI,XII. CARCINÔM TUYẾN TIỀN LIỆT , GLEASON 4+4. I,II,V,VI.TĂNG SẢN LÀNH TÍNH TUYẾN TIỀN LIỆT ( PROSTATIC HYPERPLASIA )",Slide1-2,True,IMG_20260331_095802_720.tiff
IMG_20260331_095803_060.tiff,IMG_20260331_095803_060,Kruss,0,4X,3880,408,YCT26,"III,IV,VII,VIII,IX,X,XI,XII. CARCINÔM TUYẾN TIỀN LIỆT , GLEASON 4+4. I,II,V,VI.TĂNG SẢN LÀNH TÍNH TUYẾN TIỀN LIỆT ( PROSTATIC HYPERPLASIA )",Slide1-2,True,IMG_20260331_095803_060.tiff
IMG_20260331_095803_390.tiff,IMG_20260331_095803_390,Kruss,0,4X,3881,408,YCT26,"III,IV,VII,VIII,IX,X,XI,XII. CARCINÔM TUYẾN TIỀN LIỆT , GLEASON 4+4. I,II,V,VI.TĂNG SẢN LÀNH TÍNH TUYẾN TIỀN LIỆT ( PROSTATIC HYPERPLASIA )",Slide1-2,True,IMG_20260331_095803_390.tiff
IMG_20260331_095804_035.tiff,IMG_20260331_095804_035,Kruss,0,4X,3883,408,YCT26,"III,IV,VII,VIII,IX,X,XI,XII. CARCINÔM TUYẾN TIỀN LIỆT , GLEASON 4+4. I,II,V,VI.TĂNG SẢN LÀNH TÍNH TUYẾN TIỀN LIỆT ( PROSTATIC HYPERPLASIA )",Slide1-2,True,IMG_20260331_095804_035.tiff
IMG_20260322_130514_484.tiff,IMG_20260322_130514_484,Kruss,4,10X,102,408,YCT26,"III,IV,VII,VIII,IX,X,XI,XII. CARCINÔM TUYẾN TIỀN LIỆT , GLEASON 4+4. I,II,V,VI.TĂNG SẢN LÀNH TÍNH TUYẾN TIỀN LIỆT ( PROSTATIC HYPERPLASIA )",Slide11-12,False,
IMG_20260322_130514_828.tiff,IMG_20260322_130514_828,Kruss,4,10X,103,408,YCT26,"III,IV,VII,VIII,IX,X,XI,XII. CARCINÔM TUYẾN TIỀN LIỆT , GLEASON 4+4. I,II,V,VI.TĂNG SẢN LÀNH TÍNH TUYẾN TIỀN LIỆT ( PROSTATIC HYPERPLASIA )",Slide11-12,False,
IMG_20260322_130515_153.tiff,IMG_20260322_130515_153,Kruss,4,10X,104,408,YCT26,"III,IV,VII,VIII,IX,X,XI,XII. CARCINÔM TUYẾN TIỀN LIỆT , GLEASON 4+4. I,II,V,VI.TĂNG SẢN LÀNH TÍNH TUYẾN TIỀN LIỆT ( PROSTATIC HYPERPLASIA )",Slide11-12,False,
IMG_20260322_130745_293.tiff,IMG_20260322_130745_293,Kruss,4,10X,113,408,YCT26,"III,IV,VII,VIII,IX,X,XI,XII. CARCINÔM TUYẾN TIỀN LIỆT , GLEASON 4+4. I,II,V,VI.TĂNG SẢN LÀNH TÍNH TUYẾN TIỀN LIỆT ( PROSTATIC HYPERPLASIA )",Slide11-12,False,
IMG_20260322_130858_083.tiff,IMG_20260322_130858_083,Kruss,4,10X,114,408,YCT26,"III,IV,VII,VIII,IX,X,XI,XII. CARCINÔM TUYẾN TIỀN LIỆT , GLEASON 4+4. I,II,V,VI.TĂNG SẢN LÀNH TÍNH TUYẾN TIỀN LIỆT ( PROSTATIC HYPERPLASIA )",Slide11-12,False,
IMG_20260322_130858_466.tiff,IMG_20260322_130858_466,Kruss,4,10X,115,408,YCT26,"III,IV,VII,VIII,IX,X,XI,XII. CARCINÔM TUYẾN TIỀN LIỆT , GLEASON 4+4. I,II,V,VI.TĂNG SẢN LÀNH TÍNH TUYẾN TIỀN LIỆT ( PROSTATIC HYPERPLASIA )",Slide11-12,False,
IMG_20260322_130858_812.tiff,IMG_20260322_130858_812,Kruss,4,10X,116,408,YCT26,"III,IV,VII,VIII,IX,X,XI,XII. CARCINÔM TUYẾN TIỀN LIỆT , GLEASON 4+4. I,II,V,VI.TĂNG SẢN LÀNH TÍNH TUYẾN TIỀN LIỆT ( PROSTATIC HYPERPLASIA )",Slide11-12,False,
IMG_20260322_130859_165.tiff,IMG_20260322_130859_165,Kruss,4,10X,117,408,YCT26,"III,IV,VII,VIII,IX,X,XI,XII. CARCINÔM TUYẾN TIỀN LIỆT , GLEASON 4+4. I,II,V,VI.TĂNG SẢN LÀNH TÍNH TUYẾN TIỀN LIỆT ( PROSTATIC HYPERPLASIA )",Slide11-12,False,
IMG_20260322_131056_006.tiff,IMG_20260322_131056_006,Kruss,4,10X,118,408,YCT26,"III,IV,VII,VIII,IX,X,XI,XII. CARCINÔM TUYẾN TIỀN LIỆT , GLEASON 4+4. I,II,V,VI.TĂNG SẢN LÀNH TÍNH TUYẾN TIỀN LIỆT ( PROSTATIC HYPERPLASIA )",Slide11-12,False,
IMG_20260322_131056_332.tiff,IMG_20260322_131056_332,Kruss,4,10X,119,408,YCT26,"III,IV,VII,VIII,IX,X,XI,XII. CARCINÔM TUYẾN TIỀN LIỆT , GLEASON 4+4. I,II,V,VI.TĂNG SẢN LÀNH TÍNH TUYẾN TIỀN LIỆT ( PROSTATIC HYPERPLASIA )",Slide11-12,False,
IMG_20260322_131056_645.tiff,IMG_20260322_131056_645,Kruss,4,10X,120,408,YCT26,"III,IV,VII,VIII,IX,X,XI,XII. CARCINÔM TUYẾN TIỀN LIỆT , GLEASON 4+4. I,II,V,VI.TĂNG SẢN LÀNH TÍNH TUYẾN TIỀN LIỆT ( PROSTATIC HYPERPLASIA )",Slide11-12,False,
IMG_20260331_103914_639.tiff,IMG_20260331_103914_639,Kruss,4,10X,4094,408,YCT26,"III,IV,VII,VIII,IX,X,XI,XII. CARCINÔM TUYẾN TIỀN LIỆT , GLEASON 4+4. I,II,V,VI.TĂNG SẢN LÀNH TÍNH TUYẾN TIỀN LIỆT ( PROSTATIC HYPERPLASIA )",Slide11-12,False,
IMG_20260331_103914_975.tiff,IMG_20260331_103914_975,Kruss,0,10X,4095,408,YCT26,"III,IV,VII,VIII,IX,X,XI,XII. CARCINÔM TUYẾN TIỀN LIỆT , GLEASON 4+4. I,II,V,VI.TĂNG SẢN LÀNH TÍNH TUYẾN TIỀN LIỆT ( PROSTATIC HYPERPLASIA )",Slide11-12,False,
IMG_20260331_103915_311.tiff,IMG_20260331_103915_311,Kruss,5,10X,4096,408,YCT26,"III,IV,VII,VIII,IX,X,XI,XII. CARCINÔM TUYẾN TIỀN LIỆT , GLEASON 4+4. I,II,V,VI.TĂNG SẢN LÀNH TÍNH TUYẾN TIỀN LIỆT ( PROSTATIC HYPERPLASIA )",Slide11-12,False,
IMG_20260331_103915_662.tiff,IMG_20260331_103915_662,Kruss,0,10X,4097,408,YCT26,"III,IV,VII,VIII,IX,X,XI,XII. CARCINÔM TUYẾN TIỀN LIỆT , GLEASON 4+4. I,II,V,VI.TĂNG SẢN LÀNH TÍNH TUYẾN TIỀN LIỆT ( PROSTATIC HYPERPLASIA )",Slide11-12,False,
IMG_20260331_103916_018.tiff,IMG_20260331_103916_018,Kruss,4,10X,4098,408,YCT26,"III,IV,VII,VIII,IX,X,XI,XII. CARCINÔM TUYẾN TIỀN LIỆT , GLEASON 4+4. I,II,V,VI.TĂNG SẢN LÀNH TÍNH TUYẾN TIỀN LIỆT ( PROSTATIC HYPERPLASIA )",Slide11-12,False,
IMG_20260331_103916_347.tiff,IMG_20260331_103916_347,Kruss,4,10X,4099,408,YCT26,"III,IV,VII,VIII,IX,X,XI,XII. CARCINÔM TUYẾN TIỀN LIỆT , GLEASON 4+4. I,II,V,VI.TĂNG SẢN LÀNH TÍNH TUYẾN TIỀN LIỆT ( PROSTATIC HYPERPLASIA )",Slide11-12,False,
IMG_20260331_103916_681.tiff,IMG_20260331_103916_681,Kruss,0,10X,4100,408,YCT26,"III,IV,VII,VIII,IX,X,XI,XII. CARCINÔM TUYẾN TIỀN LIỆT , GLEASON 4+4. I,II,V,VI.TĂNG SẢN LÀNH TÍNH TUYẾN TIỀN LIỆT ( PROSTATIC HYPERPLASIA )",Slide11-12,False,
IMG_20260331_103917_026.tiff,IMG_20260331_103917_026,Kruss,0,10X,4101,408,YCT26,"III,IV,VII,VIII,IX,X,XI,XII. CARCINÔM TUYẾN TIỀN LIỆT , GLEASON 4+4. I,II,V,VI.TĂNG SẢN LÀNH TÍNH TUYẾN TIỀN LIỆT ( PROSTATIC HYPERPLASIA )",Slide11-12,False,
IMG_20260331_104011_265.tiff,IMG_20260331_104011_265,Kruss,0,10X,4102,408,YCT26,"III,IV,VII,VIII,IX,X,XI,XII. CARCINÔM TUYẾN TIỀN LIỆT , GLEASON 4+4. I,II,V,VI.TĂNG SẢN LÀNH TÍNH TUYẾN TIỀN LIỆT ( PROSTATIC HYPERPLASIA )",Slide11-12,False,
IMG_20260331_104011_602.tiff,IMG_20260331_104011_602,Kruss,0,10X,4103,408,YCT26,"III,IV,VII,VIII,IX,X,XI,XII. CARCINÔM TUYẾN TIỀN LIỆT , GLEASON 4+4. I,II,V,VI.TĂNG SẢN LÀNH TÍNH TUYẾN TIỀN LIỆT ( PROSTATIC HYPERPLASIA )",Slide11-12,False,
IMG_20260331_104011_925.tiff,IMG_20260331_104011_925,Kruss,0,10X,4104,408,YCT26,"III,IV,VII,VIII,IX,X,XI,XII. CARCINÔM TUYẾN TIỀN LIỆT , GLEASON 4+4. I,II,V,VI.TĂNG SẢN LÀNH TÍNH TUYẾN TIỀN LIỆT ( PROSTATIC HYPERPLASIA )",Slide11-12,False,
IMG_20260331_104012_268.tiff,IMG_20260331_104012_268,Kruss,0,10X,4105,408,YCT26,"III,IV,VII,VIII,IX,X,XI,XII. CARCINÔM TUYẾN TIỀN LIỆT , GLEASON 4+4. I,II,V,VI.TĂNG SẢN LÀNH TÍNH TUYẾN TIỀN LIỆT ( PROSTATIC HYPERPLASIA )",Slide11-12,False,
IMG_20260331_104012_608.tiff,IMG_20260331_104012_608,Kruss,5,10X,4106,408,YCT26,"III,IV,VII,VIII,IX,X,XI,XII. CARCINÔM TUYẾN TIỀN LIỆT , GLEASON 4+4. I,II,V,VI.TĂNG SẢN LÀNH TÍNH TUYẾN TIỀN LIỆT ( PROSTATIC HYPERPLASIA )",Slide11-12,False,
IMG_20260331_104012_936.tiff,IMG_20260331_104012_936,Kruss,0,10X,4107,408,YCT26,"III,IV,VII,VIII,IX,X,XI,XII. CARCINÔM TUYẾN TIỀN LIỆT , GLEASON 4+4. I,II,V,VI.TĂNG SẢN LÀNH TÍNH TUYẾN TIỀN LIỆT ( PROSTATIC HYPERPLASIA )",Slide11-12,False,
IMG_20260331_104013_272.tiff,IMG_20260331_104013_272,Kruss,5,10X,4108,408,YCT26,"III,IV,VII,VIII,IX,X,XI,XII. CARCINÔM TUYẾN TIỀN LIỆT , GLEASON 4+4. I,II,V,VI.TĂNG SẢN LÀNH TÍNH TUYẾN TIỀN LIỆT ( PROSTATIC HYPERPLASIA )",Slide11-12,False,
IMG_20260331_104013_671.tiff,IMG_20260331_104013_671,Kruss,4,10X,4109,408,YCT26,"III,IV,VII,VIII,IX,X,XI,XII. CARCINÔM TUYẾN TIỀN LIỆT , GLEASON 4+4. I,II,V,VI.TĂNG SẢN LÀNH TÍNH TUYẾN TIỀN LIỆT ( PROSTATIC HYPERPLASIA )",Slide11-12,False,
IMG_20260331_104030_532.tiff,IMG_20260331_104030_532,Kruss,4,10X,4110,408,YCT26,"III,IV,VII,VIII,IX,X,XI,XII. CARCINÔM TUYẾN TIỀN LIỆT , GLEASON 4+4. I,II,V,VI.TĂNG SẢN LÀNH TÍNH TUYẾN TIỀN LIỆT ( PROSTATIC HYPERPLASIA )",Slide11-12,False,
IMG_20260331_104030_859.tiff,IMG_20260331_104030_859,Kruss,4,10X,4111,408,YCT26,"III,IV,VII,VIII,IX,X,XI,XII. CARCINÔM TUYẾN TIỀN LIỆT , GLEASON 4+4. I,II,V,VI.TĂNG SẢN LÀNH TÍNH TUYẾN TIỀN LIỆT ( PROSTATIC HYPERPLASIA )",Slide11-12,False,
IMG_20260331_104031_167.tiff,IMG_20260331_104031_167,Kruss,4,10X,4112,408,YCT26,"III,IV,VII,VIII,IX,X,XI,XII. CARCINÔM TUYẾN TIỀN LIỆT , GLEASON 4+4. I,II,V,VI.TĂNG SẢN LÀNH TÍNH TUYẾN TIỀN LIỆT ( PROSTATIC HYPERPLASIA )",Slide11-12,False,
IMG_20260322_133626_516.tiff,IMG_20260322_133626_516,Kruss,4,40X,145,408,YCT26,"III,IV,VII,VIII,IX,X,XI,XII. CARCINÔM TUYẾN TIỀN LIỆT , GLEASON 4+4. I,II,V,VI.TĂNG SẢN LÀNH TÍNH TUYẾN TIỀN LIỆT ( PROSTATIC HYPERPLASIA )",Slide11-12,False,
IMG_20260331_104144_337.tiff,IMG_20260331_104144_337,Kruss,0,40X,4113,408,YCT26,"III,IV,VII,VIII,IX,X,XI,XII. CARCINÔM TUYẾN TIỀN LIỆT , GLEASON 4+4. I,II,V,VI.TĂNG SẢN LÀNH TÍNH TUYẾN TIỀN LIỆT ( PROSTATIC HYPERPLASIA )",Slide11-12,False,
IMG_20260331_104144_693.tiff,IMG_20260331_104144_693,Kruss,0,40X,4114,408,YCT26,"III,IV,VII,VIII,IX,X,XI,XII. CARCINÔM TUYẾN TIỀN LIỆT , GLEASON 4+4. I,II,V,VI.TĂNG SẢN LÀNH TÍNH TUYẾN TIỀN LIỆT ( PROSTATIC HYPERPLASIA )",Slide11-12,False,
IMG_20260331_104145_060.tiff,IMG_20260331_104145_060,Kruss,4,40X,4115,408,YCT26,"III,IV,VII,VIII,IX,X,XI,XII. CARCINÔM TUYẾN TIỀN LIỆT , GLEASON 4+4. I,II,V,VI.TĂNG SẢN LÀNH TÍNH TUYẾN TIỀN LIỆT ( PROSTATIC HYPERPLASIA )",Slide11-12,False,
IMG_20260331_104145_398.tiff,IMG_20260331_104145_398,Kruss,0,40X,4116,408,YCT26,"III,IV,VII,VIII,IX,X,XI,XII. CARCINÔM TUYẾN TIỀN LIỆT , GLEASON 4+4. I,II,V,VI.TĂNG SẢN LÀNH TÍNH TUYẾN TIỀN LIỆT ( PROSTATIC HYPERPLASIA )",Slide11-12,False,
IMG_20260331_104145_760.tiff,IMG_20260331_104145_760,Kruss,4,40X,4117,408,YCT26,"III,IV,VII,VIII,IX,X,XI,XII. CARCINÔM TUYẾN TIỀN LIỆT , GLEASON 4+4. I,II,V,VI.TĂNG SẢN LÀNH TÍNH TUYẾN TIỀN LIỆT ( PROSTATIC HYPERPLASIA )",Slide11-12,False,
IMG_20260331_104146_111.tiff,IMG_20260331_104146_111,Kruss,4,40X,4118,408,YCT26,"III,IV,VII,VIII,IX,X,XI,XII. CARCINÔM TUYẾN TIỀN LIỆT , GLEASON 4+4. I,II,V,VI.TĂNG SẢN LÀNH TÍNH TUYẾN TIỀN LIỆT ( PROSTATIC HYPERPLASIA )",Slide11-12,False,
IMG_20260331_104146_465.tiff,IMG_20260331_104146_465,Kruss,0,40X,4119,408,YCT26,"III,IV,VII,VIII,IX,X,XI,XII. CARCINÔM TUYẾN TIỀN LIỆT , GLEASON 4+4. I,II,V,VI.TĂNG SẢN LÀNH TÍNH TUYẾN TIỀN LIỆT ( PROSTATIC HYPERPLASIA )",Slide11-12,False,
IMG_20260331_104146_808.tiff,IMG_20260331_104146_808,Kruss,0,40X,4120,408,YCT26,"III,IV,VII,VIII,IX,X,XI,XII. CARCINÔM TUYẾN TIỀN LIỆT , GLEASON 4+4. I,II,V,VI.TĂNG SẢN LÀNH TÍNH TUYẾN TIỀN LIỆT ( PROSTATIC HYPERPLASIA )",Slide11-12,False,
IMG_20260331_104637_035.tiff,IMG_20260331_104637_035,Kruss,4,40X,4121,408,YCT26,"III,IV,VII,VIII,IX,X,XI,XII. CARCINÔM TUYẾN TIỀN LIỆT , GLEASON 4+4. I,II,V,VI.TĂNG SẢN LÀNH TÍNH TUYẾN TIỀN LIỆT ( PROSTATIC HYPERPLASIA )",Slide11-12,False,
IMG_20260331_104637_394.tiff,IMG_20260331_104637_394,Kruss,4,40X,4122,408,YCT26,"III,IV,VII,VIII,IX,X,XI,XII. CARCINÔM TUYẾN TIỀN LIỆT , GLEASON 4+4. I,II,V,VI.TĂNG SẢN LÀNH TÍNH TUYẾN TIỀN LIỆT ( PROSTATIC HYPERPLASIA )",Slide11-12,False,
IMG_20260331_104637_757.tiff,IMG_20260331_104637_757,Kruss,4,40X,4123,408,YCT26,"III,IV,VII,VIII,IX,X,XI,XII. CARCINÔM TUYẾN TIỀN LIỆT , GLEASON 4+4. I,II,V,VI.TĂNG SẢN LÀNH TÍNH TUYẾN TIỀN LIỆT ( PROSTATIC HYPERPLASIA )",Slide11-12,False,
IMG_20260331_104638_124.tiff,IMG_20260331_104638_124,Kruss,4,40X,4124,408,YCT26,"III,IV,VII,VIII,IX,X,XI,XII. CARCINÔM TUYẾN TIỀN LIỆT , GLEASON 4+4. I,II,V,VI.TĂNG SẢN LÀNH TÍNH TUYẾN TIỀN LIỆT ( PROSTATIC HYPERPLASIA )",Slide11-12,False,
IMG_20260331_104638_476.tiff,IMG_20260331_104638_476,Kruss,4,40X,4125,408,YCT26,"III,IV,VII,VIII,IX,X,XI,XII. CARCINÔM TUYẾN TIỀN LIỆT , GLEASON 4+4. I,II,V,VI.TĂNG SẢN LÀNH TÍNH TUYẾN TIỀN LIỆT ( PROSTATIC HYPERPLASIA )",Slide11-12,False,
IMG_20260331_104638_843.tiff,IMG_20260331_104638_843,Kruss,0,40X,4126,408,YCT26,"III,IV,VII,VIII,IX,X,XI,XII. CARCINÔM TUYẾN TIỀN LIỆT , GLEASON 4+4. I,II,V,VI.TĂNG SẢN LÀNH TÍNH TUYẾN TIỀN LIỆT ( PROSTATIC HYPERPLASIA )",Slide11-12,False,
IMG_20260331_104639_183.tiff,IMG_20260331_104639_183,Kruss,4,40X,4127,408,YCT26,"III,IV,VII,VIII,IX,X,XI,XII. CARCINÔM TUYẾN TIỀN LIỆT , GLEASON 4+4. I,II,V,VI.TĂNG SẢN LÀNH TÍNH TUYẾN TIỀN LIỆT ( PROSTATIC HYPERPLASIA )",Slide11-12,False,
IMG_20260331_104639_527.tiff,IMG_20260331_104639_527,Kruss,4,40X,4128,408,YCT26,"III,IV,VII,VIII,IX,X,XI,XII. CARCINÔM TUYẾN TIỀN LIỆT , GLEASON 4+4. I,II,V,VI.TĂNG SẢN LÀNH TÍNH TUYẾN TIỀN LIỆT ( PROSTATIC HYPERPLASIA )",Slide11-12,False,
IMG_20260331_104800_208.tiff,IMG_20260331_104800_208,Kruss,0,40X,4129,408,YCT26,"III,IV,VII,VIII,IX,X,XI,XII. CARCINÔM TUYẾN TIỀN LIỆT , GLEASON 4+4. I,II,V,VI.TĂNG SẢN LÀNH TÍNH TUYẾN TIỀN LIỆT ( PROSTATIC HYPERPLASIA )",Slide11-12,False,
IMG_20260331_104800_565.tiff,IMG_20260331_104800_565,Kruss,0,40X,4130,408,YCT26,"III,IV,VII,VIII,IX,X,XI,XII. CARCINÔM TUYẾN TIỀN LIỆT , GLEASON 4+4. I,II,V,VI.TĂNG SẢN LÀNH TÍNH TUYẾN TIỀN LIỆT ( PROSTATIC HYPERPLASIA )",Slide11-12,False,
IMG_20260331_104800_930.tiff,IMG_20260331_104800_930,Kruss,0,40X,4131,408,YCT26,"III,IV,VII,VIII,IX,X,XI,XII. CARCINÔM TUYẾN TIỀN LIỆT , GLEASON 4+4. I,II,V,VI.TĂNG SẢN LÀNH TÍNH TUYẾN TIỀN LIỆT ( PROSTATIC HYPERPLASIA )",Slide11-12,False,
IMG_20260331_104801_283.tiff,IMG_20260331_104801_283,Kruss,0,40X,4132,408,YCT26,"III,IV,VII,VIII,IX,X,XI,XII. CARCINÔM TUYẾN TIỀN LIỆT , GLEASON 4+4. I,II,V,VI.TĂNG SẢN LÀNH TÍNH TUYẾN TIỀN LIỆT ( PROSTATIC HYPERPLASIA )",Slide11-12,False,
IMG_20260331_104801_630.tiff,IMG_20260331_104801_630,Kruss,0,40X,4133,408,YCT26,"III,IV,VII,VIII,IX,X,XI,XII. CARCINÔM TUYẾN TIỀN LIỆT , GLEASON 4+4. I,II,V,VI.TĂNG SẢN LÀNH TÍNH TUYẾN TIỀN LIỆT ( PROSTATIC HYPERPLASIA )",Slide11-12,False,
IMG_20260331_104801_998.tiff,IMG_20260331_104801_998,Kruss,0,40X,4134,408,YCT26,"III,IV,VII,VIII,IX,X,XI,XII. CARCINÔM TUYẾN TIỀN LIỆT , GLEASON 4+4. I,II,V,VI.TĂNG SẢN LÀNH TÍNH TUYẾN TIỀN LIỆT ( PROSTATIC HYPERPLASIA )",Slide11-12,False,
IMG_20260331_104802_347.tiff,IMG_20260331_104802_347,Kruss,0,40X,4135,408,YCT26,"III,IV,VII,VIII,IX,X,XI,XII. CARCINÔM TUYẾN TIỀN LIỆT , GLEASON 4+4. I,II,V,VI.TĂNG SẢN LÀNH TÍNH TUYẾN TIỀN LIỆT ( PROSTATIC HYPERPLASIA )",Slide11-12,False,
IMG_20260331_104802_708.tiff,IMG_20260331_104802_708,Kruss,0,40X,4136,408,YCT26,"III,IV,VII,VIII,IX,X,XI,XII. CARCINÔM TUYẾN TIỀN LIỆT , GLEASON 4+4. I,II,V,VI.TĂNG SẢN LÀNH TÍNH TUYẾN TIỀN LIỆT ( PROSTATIC HYPERPLASIA )",Slide11-12,False,
IMG_20260331_104852_466.tiff,IMG_20260331_104852_466,Kruss,0,40X,4137,408,YCT26,"III,IV,VII,VIII,IX,X,XI,XII. CARCINÔM TUYẾN TIỀN LIỆT , GLEASON 4+4. I,II,V,VI.TĂNG SẢN LÀNH TÍNH TUYẾN TIỀN LIỆT ( PROSTATIC HYPERPLASIA )",Slide11-12,False,
IMG_20260331_104852_801.tiff,IMG_20260331_104852_801,Kruss,0,40X,4138,408,YCT26,"III,IV,VII,VIII,IX,X,XI,XII. CARCINÔM TUYẾN TIỀN LIỆT , GLEASON 4+4. I,II,V,VI.TĂNG SẢN LÀNH TÍNH TUYẾN TIỀN LIỆT ( PROSTATIC HYPERPLASIA )",Slide11-12,False,
IMG_20260331_104853_153.tiff,IMG_20260331_104853_153,Kruss,0,40X,4139,408,YCT26,"III,IV,VII,VIII,IX,X,XI,XII. CARCINÔM TUYẾN TIỀN LIỆT , GLEASON 4+4. I,II,V,VI.TĂNG SẢN LÀNH TÍNH TUYẾN TIỀN LIỆT ( PROSTATIC HYPERPLASIA )",Slide11-12,False,
IMG_20260331_104853_494.tiff,IMG_20260331_104853_494,Kruss,0,40X,4140,408,YCT26,"III,IV,VII,VIII,IX,X,XI,XII. CARCINÔM TUYẾN TIỀN LIỆT , GLEASON 4+4. I,II,V,VI.TĂNG SẢN LÀNH TÍNH TUYẾN TIỀN LIỆT ( PROSTATIC HYPERPLASIA )",Slide11-12,False,
IMG_20260331_104853_842.tiff,IMG_20260331_104853_842,Kruss,4,40X,4141,408,YCT26,"III,IV,VII,VIII,IX,X,XI,XII. CARCINÔM TUYẾN TIỀN LIỆT , GLEASON 4+4. I,II,V,VI.TĂNG SẢN LÀNH TÍNH TUYẾN TIỀN LIỆT ( PROSTATIC HYPERPLASIA )",Slide11-12,False,
IMG_20260331_104854_162.tiff,IMG_20260331_104854_162,Kruss,4,40X,4142,408,YCT26,"III,IV,VII,VIII,IX,X,XI,XII. CARCINÔM TUYẾN TIỀN LIỆT , GLEASON 4+4. I,II,V,VI.TĂNG SẢN LÀNH TÍNH TUYẾN TIỀN LIỆT ( PROSTATIC HYPERPLASIA )",Slide11-12,False,
IMG_20260331_104854_498.tiff,IMG_20260331_104854_498,Kruss,4,40X,4143,408,YCT26,"III,IV,VII,VIII,IX,X,XI,XII. CARCINÔM TUYẾN TIỀN LIỆT , GLEASON 4+4. I,II,V,VI.TĂNG SẢN LÀNH TÍNH TUYẾN TIỀN LIỆT ( PROSTATIC HYPERPLASIA )",Slide11-12,False,
IMG_20260331_104854_844.tiff,IMG_20260331_104854_844,Kruss,4,40X,4144,408,YCT26,"III,IV,VII,VIII,IX,X,XI,XII. CARCINÔM TUYẾN TIỀN LIỆT , GLEASON 4+4. I,II,V,VI.TĂNG SẢN LÀNH TÍNH TUYẾN TIỀN LIỆT ( PROSTATIC HYPERPLASIA )",Slide11-12,False,
IMG_20260331_104935_979.tiff,IMG_20260331_104935_979,Kruss,0,40X,4145,408,YCT26,"III,IV,VII,VIII,IX,X,XI,XII. CARCINÔM TUYẾN TIỀN LIỆT , GLEASON 4+4. I,II,V,VI.TĂNG SẢN LÀNH TÍNH TUYẾN TIỀN LIỆT ( PROSTATIC HYPERPLASIA )",Slide11-12,False,
IMG_20260331_104936_311.tiff,IMG_20260331_104936_311,Kruss,0,40X,4146,408,YCT26,"III,IV,VII,VIII,IX,X,XI,XII. CARCINÔM TUYẾN TIỀN LIỆT , GLEASON 4+4. I,II,V,VI.TĂNG SẢN LÀNH TÍNH TUYẾN TIỀN LIỆT ( PROSTATIC HYPERPLASIA )",Slide11-12,False,
IMG_20260331_104936_641.tiff,IMG_20260331_104936_641,Kruss,4,40X,4147,408,YCT26,"III,IV,VII,VIII,IX,X,XI,XII. CARCINÔM TUYẾN TIỀN LIỆT , GLEASON 4+4. I,II,V,VI.TĂNG SẢN LÀNH TÍNH TUYẾN TIỀN LIỆT ( PROSTATIC HYPERPLASIA )",Slide11-12,False,
IMG_20260331_104936_995.tiff,IMG_20260331_104936_995,Kruss,4,40X,4148,408,YCT26,"III,IV,VII,VIII,IX,X,XI,XII. CARCINÔM TUYẾN TIỀN LIỆT , GLEASON 4+4. I,II,V,VI.TĂNG SẢN LÀNH TÍNH TUYẾN TIỀN LIỆT ( PROSTATIC HYPERPLASIA )",Slide11-12,False,
IMG_20260331_104937_349.tiff,IMG_20260331_104937_349,Kruss,4,40X,4149,408,YCT26,"III,IV,VII,VIII,IX,X,XI,XII. CARCINÔM TUYẾN TIỀN LIỆT , GLEASON 4+4. I,II,V,VI.TĂNG SẢN LÀNH TÍNH TUYẾN TIỀN LIỆT ( PROSTATIC HYPERPLASIA )",Slide11-12,False,
IMG_20260331_104937_699.tiff,IMG_20260331_104937_699,Kruss,0,40X,4150,408,YCT26,"III,IV,VII,VIII,IX,X,XI,XII. CARCINÔM TUYẾN TIỀN LIỆT , GLEASON 4+4. I,II,V,VI.TĂNG SẢN LÀNH TÍNH TUYẾN TIỀN LIỆT ( PROSTATIC HYPERPLASIA )",Slide11-12,False,
IMG_20260331_104938_079.tiff,IMG_20260331_104938_079,Kruss,4,40X,4151,408,YCT26,"III,IV,VII,VIII,IX,X,XI,XII. CARCINÔM TUYẾN TIỀN LIỆT , GLEASON 4+4. I,II,V,VI.TĂNG SẢN LÀNH TÍNH TUYẾN TIỀN LIỆT ( PROSTATIC HYPERPLASIA )",Slide11-12,False,
IMG_20260331_104938_444.tiff,IMG_20260331_104938_444,Kruss,0,40X,4152,408,YCT26,"III,IV,VII,VIII,IX,X,XI,XII. CARCINÔM TUYẾN TIỀN LIỆT , GLEASON 4+4. I,II,V,VI.TĂNG SẢN LÀNH TÍNH TUYẾN TIỀN LIỆT ( PROSTATIC HYPERPLASIA )",Slide11-12,False,
IMG_20260331_105112_020.tiff,IMG_20260331_105112_020,Kruss,0,40X,4153,408,YCT26,"III,IV,VII,VIII,IX,X,XI,XII. CARCINÔM TUYẾN TIỀN LIỆT , GLEASON 4+4. I,II,V,VI.TĂNG SẢN LÀNH TÍNH TUYẾN TIỀN LIỆT ( PROSTATIC HYPERPLASIA )",Slide11-12,False,
IMG_20260331_105112_486.tiff,IMG_20260331_105112_486,Kruss,0,40X,4154,408,YCT26,"III,IV,VII,VIII,IX,X,XI,XII. CARCINÔM TUYẾN TIỀN LIỆT , GLEASON 4+4. I,II,V,VI.TĂNG SẢN LÀNH TÍNH TUYẾN TIỀN LIỆT ( PROSTATIC HYPERPLASIA )",Slide11-12,False,
IMG_20260331_105112_835.tiff,IMG_20260331_105112_835,Kruss,0,40X,4155,408,YCT26,"III,IV,VII,VIII,IX,X,XI,XII. CARCINÔM TUYẾN TIỀN LIỆT , GLEASON 4+4. I,II,V,VI.TĂNG SẢN LÀNH TÍNH TUYẾN TIỀN LIỆT ( PROSTATIC HYPERPLASIA )",Slide11-12,False,
IMG_20260331_105113_186.tiff,IMG_20260331_105113_186,Kruss,0,40X,4156,408,YCT26,"III,IV,VII,VIII,IX,X,XI,XII. CARCINÔM TUYẾN TIỀN LIỆT , GLEASON 4+4. I,II,V,VI.TĂNG SẢN LÀNH TÍNH TUYẾN TIỀN LIỆT ( PROSTATIC HYPERPLASIA )",Slide11-12,False,
IMG_20260331_105113_535.tiff,IMG_20260331_105113_535,Kruss,0,40X,4157,408,YCT26,"III,IV,VII,VIII,IX,X,XI,XII. CARCINÔM TUYẾN TIỀN LIỆT , GLEASON 4+4. I,II,V,VI.TĂNG SẢN LÀNH TÍNH TUYẾN TIỀN LIỆT ( PROSTATIC HYPERPLASIA )",Slide11-12,False,
IMG_20260331_105113_885.tiff,IMG_20260331_105113_885,Kruss,0,40X,4158,408,YCT26,"III,IV,VII,VIII,IX,X,XI,XII. CARCINÔM TUYẾN TIỀN LIỆT , GLEASON 4+4. I,II,V,VI.TĂNG SẢN LÀNH TÍNH TUYẾN TIỀN LIỆT ( PROSTATIC HYPERPLASIA )",Slide11-12,False,
IMG_20260331_105114_229.tiff,IMG_20260331_105114_229,Kruss,0,40X,4159,408,YCT26,"III,IV,VII,VIII,IX,X,XI,XII. CARCINÔM TUYẾN TIỀN LIỆT , GLEASON 4+4. I,II,V,VI.TĂNG SẢN LÀNH TÍNH TUYẾN TIỀN LIỆT ( PROSTATIC HYPERPLASIA )",Slide11-12,False,
IMG_20260331_105114_568.tiff,IMG_20260331_105114_568,Kruss,0,40X,4160,408,YCT26,"III,IV,VII,VIII,IX,X,XI,XII. CARCINÔM TUYẾN TIỀN LIỆT , GLEASON 4+4. I,II,V,VI.TĂNG SẢN LÀNH TÍNH TUYẾN TIỀN LIỆT ( PROSTATIC HYPERPLASIA )",Slide11-12,False,
IMG_20260331_105128_527.tiff,IMG_20260331_105128_527,Kruss,4,40X,4161,408,YCT26,"III,IV,VII,VIII,IX,X,XI,XII. CARCINÔM TUYẾN TIỀN LIỆT , GLEASON 4+4. I,II,V,VI.TĂNG SẢN LÀNH TÍNH TUYẾN TIỀN LIỆT ( PROSTATIC HYPERPLASIA )",Slide11-12,False,
IMG_20260331_105128_857.tiff,IMG_20260331_105128_857,Kruss,4,40X,4162,408,YCT26,"III,IV,VII,VIII,IX,X,XI,XII. CARCINÔM TUYẾN TIỀN LIỆT , GLEASON 4+4. I,II,V,VI.TĂNG SẢN LÀNH TÍNH TUYẾN TIỀN LIỆT ( PROSTATIC HYPERPLASIA )",Slide11-12,False,
IMG_20260322_130027_064.tiff,IMG_20260322_130027_064,Kruss,4,4X,93,408,YCT26,"III,IV,VII,VIII,IX,X,XI,XII. CARCINÔM TUYẾN TIỀN LIỆT , GLEASON 4+4. I,II,V,VI.TĂNG SẢN LÀNH TÍNH TUYẾN TIỀN LIỆT ( PROSTATIC HYPERPLASIA )",Slide11-12,True,IMG_20260322_130027_064.tiff
IMG_20260331_103747_795.tiff,IMG_20260331_103747_795,Kruss,5,4X,4084,408,YCT26,"III,IV,VII,VIII,IX,X,XI,XII. CARCINÔM TUYẾN TIỀN LIỆT , GLEASON 4+4. I,II,V,VI.TĂNG SẢN LÀNH TÍNH TUYẾN TIỀN LIỆT ( PROSTATIC HYPERPLASIA )",Slide11-12,True,IMG_20260331_103747_795.tiff
IMG_20260331_103748_118.tiff,IMG_20260331_103748_118,Kruss,4,4X,4085,408,YCT26,"III,IV,VII,VIII,IX,X,XI,XII. CARCINÔM TUYẾN TIỀN LIỆT , GLEASON 4+4. I,II,V,VI.TĂNG SẢN LÀNH TÍNH TUYẾN TIỀN LIỆT ( PROSTATIC HYPERPLASIA )",Slide11-12,True,IMG_20260331_103748_118.tiff
IMG_20260331_103748_444.tiff,IMG_20260331_103748_444,Kruss,4,4X,4086,408,YCT26,"III,IV,VII,VIII,IX,X,XI,XII. CARCINÔM TUYẾN TIỀN LIỆT , GLEASON 4+4. I,II,V,VI.TĂNG SẢN LÀNH TÍNH TUYẾN TIỀN LIỆT ( PROSTATIC HYPERPLASIA )",Slide11-12,True,IMG_20260331_103748_444.tiff
IMG_20260331_103748_760.tiff,IMG_20260331_103748_760,Kruss,4,4X,4087,408,YCT26,"III,IV,VII,VIII,IX,X,XI,XII. CARCINÔM TUYẾN TIỀN LIỆT , GLEASON 4+4. I,II,V,VI.TĂNG SẢN LÀNH TÍNH TUYẾN TIỀN LIỆT ( PROSTATIC HYPERPLASIA )",Slide11-12,True,IMG_20260331_103748_760.tiff
IMG_20260331_103749_062.tiff,IMG_20260331_103749_062,Kruss,0,4X,4088,408,YCT26,"III,IV,VII,VIII,IX,X,XI,XII. CARCINÔM TUYẾN TIỀN LIỆT , GLEASON 4+4. I,II,V,VI.TĂNG SẢN LÀNH TÍNH TUYẾN TIỀN LIỆT ( PROSTATIC HYPERPLASIA )",Slide11-12,True,IMG_20260331_103749_062.tiff
IMG_20260331_103749_385.tiff,IMG_20260331_103749_385,Kruss,4,4X,4089,408,YCT26,"III,IV,VII,VIII,IX,X,XI,XII. CARCINÔM TUYẾN TIỀN LIỆT , GLEASON 4+4. I,II,V,VI.TĂNG SẢN LÀNH TÍNH TUYẾN TIỀN LIỆT ( PROSTATIC HYPERPLASIA )",Slide11-12,True,IMG_20260331_103749_385.tiff
IMG_20260331_103749_702.tiff,IMG_20260331_103749_702,Kruss,0,4X,4090,408,YCT26,"III,IV,VII,VIII,IX,X,XI,XII. CARCINÔM TUYẾN TIỀN LIỆT , GLEASON 4+4. I,II,V,VI.TĂNG SẢN LÀNH TÍNH TUYẾN TIỀN LIỆT ( PROSTATIC HYPERPLASIA )",Slide11-12,True,IMG_20260331_103749_702.tiff
IMG_20260331_103750_011.tiff,IMG_20260331_103750_011,Kruss,4,4X,4091,408,YCT26,"III,IV,VII,VIII,IX,X,XI,XII. CARCINÔM TUYẾN TIỀN LIỆT , GLEASON 4+4. I,II,V,VI.TĂNG SẢN LÀNH TÍNH TUYẾN TIỀN LIỆT ( PROSTATIC HYPERPLASIA )",Slide11-12,True,IMG_20260331_103750_011.tiff
IMG_20260331_103759_359.tiff,IMG_20260331_103759_359,Kruss,4,4X,4092,408,YCT26,"III,IV,VII,VIII,IX,X,XI,XII. CARCINÔM TUYẾN TIỀN LIỆT , GLEASON 4+4. I,II,V,VI.TĂNG SẢN LÀNH TÍNH TUYẾN TIỀN LIỆT ( PROSTATIC HYPERPLASIA )",Slide11-12,True,IMG_20260331_103759_359.tiff
IMG_20260331_103759_680.tiff,IMG_20260331_103759_680,Kruss,4,4X,4093,408,YCT26,"III,IV,VII,VIII,IX,X,XI,XII. CARCINÔM TUYẾN TIỀN LIỆT , GLEASON 4+4. I,II,V,VI.TĂNG SẢN LÀNH TÍNH TUYẾN TIỀN LIỆT ( PROSTATIC HYPERPLASIA )",Slide11-12,True,IMG_20260331_103759_680.tiff
IMG_20260321_142057_005.tiff,IMG_20260321_142057_005,Kruss,0,10X,53,408,YCT26,"III,IV,VII,VIII,IX,X,XI,XII. CARCINÔM TUYẾN TIỀN LIỆT , GLEASON 4+4. I,II,V,VI.TĂNG SẢN LÀNH TÍNH TUYẾN TIỀN LIỆT ( PROSTATIC HYPERPLASIA )",Slide3-4,False,
IMG_20260321_142057_336.tiff,IMG_20260321_142057_336,Kruss,0,10X,54,408,YCT26,"III,IV,VII,VIII,IX,X,XI,XII. CARCINÔM TUYẾN TIỀN LIỆT , GLEASON 4+4. I,II,V,VI.TĂNG SẢN LÀNH TÍNH TUYẾN TIỀN LIỆT ( PROSTATIC HYPERPLASIA )",Slide3-4,False,
IMG_20260321_142057_656.tiff,IMG_20260321_142057_656,Kruss,0,10X,55,408,YCT26,"III,IV,VII,VIII,IX,X,XI,XII. CARCINÔM TUYẾN TIỀN LIỆT , GLEASON 4+4. I,II,V,VI.TĂNG SẢN LÀNH TÍNH TUYẾN TIỀN LIỆT ( PROSTATIC HYPERPLASIA )",Slide3-4,False,
IMG_20260321_142058_006.tiff,IMG_20260321_142058_006,Kruss,0,10X,56,408,YCT26,"III,IV,VII,VIII,IX,X,XI,XII. CARCINÔM TUYẾN TIỀN LIỆT , GLEASON 4+4. I,II,V,VI.TĂNG SẢN LÀNH TÍNH TUYẾN TIỀN LIỆT ( PROSTATIC HYPERPLASIA )",Slide3-4,False,
IMG_20260331_100912_863.tiff,IMG_20260331_100912_863,Kruss,0,10X,3939,408,YCT26,"III,IV,VII,VIII,IX,X,XI,XII. CARCINÔM TUYẾN TIỀN LIỆT , GLEASON 4+4. I,II,V,VI.TĂNG SẢN LÀNH TÍNH TUYẾN TIỀN LIỆT ( PROSTATIC HYPERPLASIA )",Slide3-4,False,
IMG_20260331_100913_199.tiff,IMG_20260331_100913_199,Kruss,0,10X,3940,408,YCT26,"III,IV,VII,VIII,IX,X,XI,XII. CARCINÔM TUYẾN TIỀN LIỆT , GLEASON 4+4. I,II,V,VI.TĂNG SẢN LÀNH TÍNH TUYẾN TIỀN LIỆT ( PROSTATIC HYPERPLASIA )",Slide3-4,False,
IMG_20260331_100913_526.tiff,IMG_20260331_100913_526,Kruss,0,10X,3941,408,YCT26,"III,IV,VII,VIII,IX,X,XI,XII. CARCINÔM TUYẾN TIỀN LIỆT , GLEASON 4+4. I,II,V,VI.TĂNG SẢN LÀNH TÍNH TUYẾN TIỀN LIỆT ( PROSTATIC HYPERPLASIA )",Slide3-4,False,
IMG_20260331_100913_853.tiff,IMG_20260331_100913_853,Kruss,0,10X,3942,408,YCT26,"III,IV,VII,VIII,IX,X,XI,XII. CARCINÔM TUYẾN TIỀN LIỆT , GLEASON 4+4. I,II,V,VI.TĂNG SẢN LÀNH TÍNH TUYẾN TIỀN LIỆT ( PROSTATIC HYPERPLASIA )",Slide3-4,False,
IMG_20260331_100914_189.tiff,IMG_20260331_100914_189,Kruss,0,10X,3943,408,YCT26,"III,IV,VII,VIII,IX,X,XI,XII. CARCINÔM TUYẾN TIỀN LIỆT , GLEASON 4+4. I,II,V,VI.TĂNG SẢN LÀNH TÍNH TUYẾN TIỀN LIỆT ( PROSTATIC HYPERPLASIA )",Slide3-4,False,
IMG_20260331_100914_525.tiff,IMG_20260331_100914_525,Kruss,0,10X,3944,408,YCT26,"III,IV,VII,VIII,IX,X,XI,XII. CARCINÔM TUYẾN TIỀN LIỆT , GLEASON 4+4. I,II,V,VI.TĂNG SẢN LÀNH TÍNH TUYẾN TIỀN LIỆT ( PROSTATIC HYPERPLASIA )",Slide3-4,False,
IMG_20260331_100914_856.tiff,IMG_20260331_100914_856,Kruss,0,10X,3945,408,YCT26,"III,IV,VII,VIII,IX,X,XI,XII. CARCINÔM TUYẾN TIỀN LIỆT , GLEASON 4+4. I,II,V,VI.TĂNG SẢN LÀNH TÍNH TUYẾN TIỀN LIỆT ( PROSTATIC HYPERPLASIA )",Slide3-4,False,
IMG_20260331_100705_922.tiff,IMG_20260331_100705_922,Kruss,0,40X,3934,408,YCT26,"III,IV,VII,VIII,IX,X,XI,XII. CARCINÔM TUYẾN TIỀN LIỆT , GLEASON 4+4. I,II,V,VI.TĂNG SẢN LÀNH TÍNH TUYẾN TIỀN LIỆT ( PROSTATIC HYPERPLASIA )",Slide3-4,False,
IMG_20260331_100706_265.tiff,IMG_20260331_100706_265,Kruss,0,40X,3935,408,YCT26,"III,IV,VII,VIII,IX,X,XI,XII. CARCINÔM TUYẾN TIỀN LIỆT , GLEASON 4+4. I,II,V,VI.TĂNG SẢN LÀNH TÍNH TUYẾN TIỀN LIỆT ( PROSTATIC HYPERPLASIA )",Slide3-4,False,
IMG_20260331_101052_838.tiff,IMG_20260331_101052_838,Kruss,0,40X,3946,408,YCT26,"III,IV,VII,VIII,IX,X,XI,XII. CARCINÔM TUYẾN TIỀN LIỆT , GLEASON 4+4. I,II,V,VI.TĂNG SẢN LÀNH TÍNH TUYẾN TIỀN LIỆT ( PROSTATIC HYPERPLASIA )",Slide3-4,False,
IMG_20260331_101053_226.tiff,IMG_20260331_101053_226,Kruss,0,40X,3947,408,YCT26,"III,IV,VII,VIII,IX,X,XI,XII. CARCINÔM TUYẾN TIỀN LIỆT , GLEASON 4+4. I,II,V,VI.TĂNG SẢN LÀNH TÍNH TUYẾN TIỀN LIỆT ( PROSTATIC HYPERPLASIA )",Slide3-4,False,
IMG_20260331_101053_594.tiff,IMG_20260331_101053_594,Kruss,0,40X,3948,408,YCT26,"III,IV,VII,VIII,IX,X,XI,XII. CARCINÔM TUYẾN TIỀN LIỆT , GLEASON 4+4. I,II,V,VI.TĂNG SẢN LÀNH TÍNH TUYẾN TIỀN LIỆT ( PROSTATIC HYPERPLASIA )",Slide3-4,False,
IMG_20260331_101053_960.tiff,IMG_20260331_101053_960,Kruss,0,40X,3949,408,YCT26,"III,IV,VII,VIII,IX,X,XI,XII. CARCINÔM TUYẾN TIỀN LIỆT , GLEASON 4+4. I,II,V,VI.TĂNG SẢN LÀNH TÍNH TUYẾN TIỀN LIỆT ( PROSTATIC HYPERPLASIA )",Slide3-4,False,
IMG_20260331_101054_343.tiff,IMG_20260331_101054_343,Kruss,0,40X,3950,408,YCT26,"III,IV,VII,VIII,IX,X,XI,XII. CARCINÔM TUYẾN TIỀN LIỆT , GLEASON 4+4. I,II,V,VI.TĂNG SẢN LÀNH TÍNH TUYẾN TIỀN LIỆT ( PROSTATIC HYPERPLASIA )",Slide3-4,False,
IMG_20260331_101054_681.tiff,IMG_20260331_101054_681,Kruss,0,40X,3951,408,YCT26,"III,IV,VII,VIII,IX,X,XI,XII. CARCINÔM TUYẾN TIỀN LIỆT , GLEASON 4+4. I,II,V,VI.TĂNG SẢN LÀNH TÍNH TUYẾN TIỀN LIỆT ( PROSTATIC HYPERPLASIA )",Slide3-4,False,
IMG_20260331_101055_019.tiff,IMG_20260331_101055_019,Kruss,0,40X,3952,408,YCT26,"III,IV,VII,VIII,IX,X,XI,XII. CARCINÔM TUYẾN TIỀN LIỆT , GLEASON 4+4. I,II,V,VI.TĂNG SẢN LÀNH TÍNH TUYẾN TIỀN LIỆT ( PROSTATIC HYPERPLASIA )",Slide3-4,False,
IMG_20260331_101055_372.tiff,IMG_20260331_101055_372,Kruss,0,40X,3953,408,YCT26,"III,IV,VII,VIII,IX,X,XI,XII. CARCINÔM TUYẾN TIỀN LIỆT , GLEASON 4+4. I,II,V,VI.TĂNG SẢN LÀNH TÍNH TUYẾN TIỀN LIỆT ( PROSTATIC HYPERPLASIA )",Slide3-4,False,
IMG_20260331_101143_056.tiff,IMG_20260331_101143_056,Kruss,0,40X,3954,408,YCT26,"III,IV,VII,VIII,IX,X,XI,XII. CARCINÔM TUYẾN TIỀN LIỆT , GLEASON 4+4. I,II,V,VI.TĂNG SẢN LÀNH TÍNH TUYẾN TIỀN LIỆT ( PROSTATIC HYPERPLASIA )",Slide3-4,False,
IMG_20260331_101143_406.tiff,IMG_20260331_101143_406,Kruss,0,40X,3955,408,YCT26,"III,IV,VII,VIII,IX,X,XI,XII. CARCINÔM TUYẾN TIỀN LIỆT , GLEASON 4+4. I,II,V,VI.TĂNG SẢN LÀNH TÍNH TUYẾN TIỀN LIỆT ( PROSTATIC HYPERPLASIA )",Slide3-4,False,
IMG_20260331_101143_748.tiff,IMG_20260331_101143_748,Kruss,0,40X,3956,408,YCT26,"III,IV,VII,VIII,IX,X,XI,XII. CARCINÔM TUYẾN TIỀN LIỆT , GLEASON 4+4. I,II,V,VI.TĂNG SẢN LÀNH TÍNH TUYẾN TIỀN LIỆT ( PROSTATIC HYPERPLASIA )",Slide3-4,False,
IMG_20260331_101144_121.tiff,IMG_20260331_101144_121,Kruss,0,40X,3957,408,YCT26,"III,IV,VII,VIII,IX,X,XI,XII. CARCINÔM TUYẾN TIỀN LIỆT , GLEASON 4+4. I,II,V,VI.TĂNG SẢN LÀNH TÍNH TUYẾN TIỀN LIỆT ( PROSTATIC HYPERPLASIA )",Slide3-4,False,
IMG_20260331_101144_468.tiff,IMG_20260331_101144_468,Kruss,0,40X,3958,408,YCT26,"III,IV,VII,VIII,IX,X,XI,XII. CARCINÔM TUYẾN TIỀN LIỆT , GLEASON 4+4. I,II,V,VI.TĂNG SẢN LÀNH TÍNH TUYẾN TIỀN LIỆT ( PROSTATIC HYPERPLASIA )",Slide3-4,False,
IMG_20260331_101144_822.tiff,IMG_20260331_101144_822,Kruss,0,40X,3959,408,YCT26,"III,IV,VII,VIII,IX,X,XI,XII. CARCINÔM TUYẾN TIỀN LIỆT , GLEASON 4+4. I,II,V,VI.TĂNG SẢN LÀNH TÍNH TUYẾN TIỀN LIỆT ( PROSTATIC HYPERPLASIA )",Slide3-4,False,
IMG_20260331_101145_205.tiff,IMG_20260331_101145_205,Kruss,0,40X,3960,408,YCT26,"III,IV,VII,VIII,IX,X,XI,XII. CARCINÔM TUYẾN TIỀN LIỆT , GLEASON 4+4. I,II,V,VI.TĂNG SẢN LÀNH TÍNH TUYẾN TIỀN LIỆT ( PROSTATIC HYPERPLASIA )",Slide3-4,False,
IMG_20260331_101145_546.tiff,IMG_20260331_101145_546,Kruss,0,40X,3961,408,YCT26,"III,IV,VII,VIII,IX,X,XI,XII. CARCINÔM TUYẾN TIỀN LIỆT , GLEASON 4+4. I,II,V,VI.TĂNG SẢN LÀNH TÍNH TUYẾN TIỀN LIỆT ( PROSTATIC HYPERPLASIA )",Slide3-4,False,
IMG_20260331_101205_390.tiff,IMG_20260331_101205_390,Kruss,0,40X,3962,408,YCT26,"III,IV,VII,VIII,IX,X,XI,XII. CARCINÔM TUYẾN TIỀN LIỆT , GLEASON 4+4. I,II,V,VI.TĂNG SẢN LÀNH TÍNH TUYẾN TIỀN LIỆT ( PROSTATIC HYPERPLASIA )",Slide3-4,False,
IMG_20260331_101205_733.tiff,IMG_20260331_101205_733,Kruss,0,40X,3963,408,YCT26,"III,IV,VII,VIII,IX,X,XI,XII. CARCINÔM TUYẾN TIỀN LIỆT , GLEASON 4+4. I,II,V,VI.TĂNG SẢN LÀNH TÍNH TUYẾN TIỀN LIỆT ( PROSTATIC HYPERPLASIA )",Slide3-4,False,
IMG_20260331_101206_093.tiff,IMG_20260331_101206_093,Kruss,0,40X,3964,408,YCT26,"III,IV,VII,VIII,IX,X,XI,XII. CARCINÔM TUYẾN TIỀN LIỆT , GLEASON 4+4. I,II,V,VI.TĂNG SẢN LÀNH TÍNH TUYẾN TIỀN LIỆT ( PROSTATIC HYPERPLASIA )",Slide3-4,False,
IMG_20260331_100753_666.tiff,IMG_20260331_100753_666,Kruss,0,4X,3936,408,YCT26,"III,IV,VII,VIII,IX,X,XI,XII. CARCINÔM TUYẾN TIỀN LIỆT , GLEASON 4+4. I,II,V,VI.TĂNG SẢN LÀNH TÍNH TUYẾN TIỀN LIỆT ( PROSTATIC HYPERPLASIA )",Slide3-4,True,IMG_20260331_100753_666.tiff
IMG_20260331_100753_984.tiff,IMG_20260331_100753_984,Kruss,0,4X,3937,408,YCT26,"III,IV,VII,VIII,IX,X,XI,XII. CARCINÔM TUYẾN TIỀN LIỆT , GLEASON 4+4. I,II,V,VI.TĂNG SẢN LÀNH TÍNH TUYẾN TIỀN LIỆT ( PROSTATIC HYPERPLASIA )",Slide3-4,True,IMG_20260331_100753_984.tiff
IMG_20260331_100754_285.tiff,IMG_20260331_100754_285,Kruss,0,4X,3938,408,YCT26,"III,IV,VII,VIII,IX,X,XI,XII. CARCINÔM TUYẾN TIỀN LIỆT , GLEASON 4+4. I,II,V,VI.TĂNG SẢN LÀNH TÍNH TUYẾN TIỀN LIỆT ( PROSTATIC HYPERPLASIA )",Slide3-4,True,IMG_20260331_100754_285.tiff
IMG_20260321_141545_628.tiff,IMG_20260321_141545_628,Kruss,0,10X,41,408,YCT26,"III,IV,VII,VIII,IX,X,XI,XII. CARCINÔM TUYẾN TIỀN LIỆT , GLEASON 4+4. I,II,V,VI.TĂNG SẢN LÀNH TÍNH TUYẾN TIỀN LIỆT ( PROSTATIC HYPERPLASIA )",Slide5-6,False,
IMG_20260321_141545_953.tiff,IMG_20260321_141545_953,Kruss,0,10X,42,408,YCT26,"III,IV,VII,VIII,IX,X,XI,XII. CARCINÔM TUYẾN TIỀN LIỆT , GLEASON 4+4. I,II,V,VI.TĂNG SẢN LÀNH TÍNH TUYẾN TIỀN LIỆT ( PROSTATIC HYPERPLASIA )",Slide5-6,False,
IMG_20260321_141546_285.tiff,IMG_20260321_141546_285,Kruss,0,10X,43,408,YCT26,"III,IV,VII,VIII,IX,X,XI,XII. CARCINÔM TUYẾN TIỀN LIỆT , GLEASON 4+4. I,II,V,VI.TĂNG SẢN LÀNH TÍNH TUYẾN TIỀN LIỆT ( PROSTATIC HYPERPLASIA )",Slide5-6,False,
IMG_20260321_141546_627.tiff,IMG_20260321_141546_627,Kruss,0,10X,44,408,YCT26,"III,IV,VII,VIII,IX,X,XI,XII. CARCINÔM TUYẾN TIỀN LIỆT , GLEASON 4+4. I,II,V,VI.TĂNG SẢN LÀNH TÍNH TUYẾN TIỀN LIỆT ( PROSTATIC HYPERPLASIA )",Slide5-6,False,
IMG_20260331_101412_591.tiff,IMG_20260331_101412_591,Kruss,0,10X,3967,408,YCT26,"III,IV,VII,VIII,IX,X,XI,XII. CARCINÔM TUYẾN TIỀN LIỆT , GLEASON 4+4. I,II,V,VI.TĂNG SẢN LÀNH TÍNH TUYẾN TIỀN LIỆT ( PROSTATIC HYPERPLASIA )",Slide5-6,False,
IMG_20260331_101412_915.tiff,IMG_20260331_101412_915,Kruss,0,10X,3968,408,YCT26,"III,IV,VII,VIII,IX,X,XI,XII. CARCINÔM TUYẾN TIỀN LIỆT , GLEASON 4+4. I,II,V,VI.TĂNG SẢN LÀNH TÍNH TUYẾN TIỀN LIỆT ( PROSTATIC HYPERPLASIA )",Slide5-6,False,
IMG_20260331_101413_269.tiff,IMG_20260331_101413_269,Kruss,0,10X,3969,408,YCT26,"III,IV,VII,VIII,IX,X,XI,XII. CARCINÔM TUYẾN TIỀN LIỆT , GLEASON 4+4. I,II,V,VI.TĂNG SẢN LÀNH TÍNH TUYẾN TIỀN LIỆT ( PROSTATIC HYPERPLASIA )",Slide5-6,False,
IMG_20260331_101413_619.tiff,IMG_20260331_101413_619,Kruss,0,10X,3970,408,YCT26,"III,IV,VII,VIII,IX,X,XI,XII. CARCINÔM TUYẾN TIỀN LIỆT , GLEASON 4+4. I,II,V,VI.TĂNG SẢN LÀNH TÍNH TUYẾN TIỀN LIỆT ( PROSTATIC HYPERPLASIA )",Slide5-6,False,
IMG_20260331_101413_961.tiff,IMG_20260331_101413_961,Kruss,0,10X,3971,408,YCT26,"III,IV,VII,VIII,IX,X,XI,XII. CARCINÔM TUYẾN TIỀN LIỆT , GLEASON 4+4. I,II,V,VI.TĂNG SẢN LÀNH TÍNH TUYẾN TIỀN LIỆT ( PROSTATIC HYPERPLASIA )",Slide5-6,False,
IMG_20260331_101414_346.tiff,IMG_20260331_101414_346,Kruss,0,10X,3972,408,YCT26,"III,IV,VII,VIII,IX,X,XI,XII. CARCINÔM TUYẾN TIỀN LIỆT , GLEASON 4+4. I,II,V,VI.TĂNG SẢN LÀNH TÍNH TUYẾN TIỀN LIỆT ( PROSTATIC HYPERPLASIA )",Slide5-6,False,
IMG_20260331_101629_035.tiff,IMG_20260331_101629_035,Kruss,0,40X,3973,408,YCT26,"III,IV,VII,VIII,IX,X,XI,XII. CARCINÔM TUYẾN TIỀN LIỆT , GLEASON 4+4. I,II,V,VI.TĂNG SẢN LÀNH TÍNH TUYẾN TIỀN LIỆT ( PROSTATIC HYPERPLASIA )",Slide5-6,False,
IMG_20260331_101629_410.tiff,IMG_20260331_101629_410,Kruss,0,40X,3974,408,YCT26,"III,IV,VII,VIII,IX,X,XI,XII. CARCINÔM TUYẾN TIỀN LIỆT , GLEASON 4+4. I,II,V,VI.TĂNG SẢN LÀNH TÍNH TUYẾN TIỀN LIỆT ( PROSTATIC HYPERPLASIA )",Slide5-6,False,
IMG_20260331_101629_806.tiff,IMG_20260331_101629_806,Kruss,0,40X,3975,408,YCT26,"III,IV,VII,VIII,IX,X,XI,XII. CARCINÔM TUYẾN TIỀN LIỆT , GLEASON 4+4. I,II,V,VI.TĂNG SẢN LÀNH TÍNH TUYẾN TIỀN LIỆT ( PROSTATIC HYPERPLASIA )",Slide5-6,False,
IMG_20260331_101630_172.tiff,IMG_20260331_101630_172,Kruss,0,40X,3976,408,YCT26,"III,IV,VII,VIII,IX,X,XI,XII. CARCINÔM TUYẾN TIỀN LIỆT , GLEASON 4+4. I,II,V,VI.TĂNG SẢN LÀNH TÍNH TUYẾN TIỀN LIỆT ( PROSTATIC HYPERPLASIA )",Slide5-6,False,
IMG_20260331_101630_542.tiff,IMG_20260331_101630_542,Kruss,0,40X,3977,408,YCT26,"III,IV,VII,VIII,IX,X,XI,XII. CARCINÔM TUYẾN TIỀN LIỆT , GLEASON 4+4. I,II,V,VI.TĂNG SẢN LÀNH TÍNH TUYẾN TIỀN LIỆT ( PROSTATIC HYPERPLASIA )",Slide5-6,False,
IMG_20260331_101630_908.tiff,IMG_20260331_101630_908,Kruss,0,40X,3978,408,YCT26,"III,IV,VII,VIII,IX,X,XI,XII. CARCINÔM TUYẾN TIỀN LIỆT , GLEASON 4+4. I,II,V,VI.TĂNG SẢN LÀNH TÍNH TUYẾN TIỀN LIỆT ( PROSTATIC HYPERPLASIA )",Slide5-6,False,
IMG_20260331_101631_263.tiff,IMG_20260331_101631_263,Kruss,0,40X,3979,408,YCT26,"III,IV,VII,VIII,IX,X,XI,XII. CARCINÔM TUYẾN TIỀN LIỆT , GLEASON 4+4. I,II,V,VI.TĂNG SẢN LÀNH TÍNH TUYẾN TIỀN LIỆT ( PROSTATIC HYPERPLASIA )",Slide5-6,False,
IMG_20260331_101631_632.tiff,IMG_20260331_101631_632,Kruss,0,40X,3980,408,YCT26,"III,IV,VII,VIII,IX,X,XI,XII. CARCINÔM TUYẾN TIỀN LIỆT , GLEASON 4+4. I,II,V,VI.TĂNG SẢN LÀNH TÍNH TUYẾN TIỀN LIỆT ( PROSTATIC HYPERPLASIA )",Slide5-6,False,
IMG_20260331_101711_406.tiff,IMG_20260331_101711_406,Kruss,0,40X,3981,408,YCT26,"III,IV,VII,VIII,IX,X,XI,XII. CARCINÔM TUYẾN TIỀN LIỆT , GLEASON 4+4. I,II,V,VI.TĂNG SẢN LÀNH TÍNH TUYẾN TIỀN LIỆT ( PROSTATIC HYPERPLASIA )",Slide5-6,False,
IMG_20260331_101711_782.tiff,IMG_20260331_101711_782,Kruss,0,40X,3982,408,YCT26,"III,IV,VII,VIII,IX,X,XI,XII. CARCINÔM TUYẾN TIỀN LIỆT , GLEASON 4+4. I,II,V,VI.TĂNG SẢN LÀNH TÍNH TUYẾN TIỀN LIỆT ( PROSTATIC HYPERPLASIA )",Slide5-6,False,
IMG_20260331_101712_149.tiff,IMG_20260331_101712_149,Kruss,0,40X,3983,408,YCT26,"III,IV,VII,VIII,IX,X,XI,XII. CARCINÔM TUYẾN TIỀN LIỆT , GLEASON 4+4. I,II,V,VI.TĂNG SẢN LÀNH TÍNH TUYẾN TIỀN LIỆT ( PROSTATIC HYPERPLASIA )",Slide5-6,False,
IMG_20260331_101712_511.tiff,IMG_20260331_101712_511,Kruss,0,40X,3984,408,YCT26,"III,IV,VII,VIII,IX,X,XI,XII. CARCINÔM TUYẾN TIỀN LIỆT , GLEASON 4+4. I,II,V,VI.TĂNG SẢN LÀNH TÍNH TUYẾN TIỀN LIỆT ( PROSTATIC HYPERPLASIA )",Slide5-6,False,
IMG_20260331_101712_882.tiff,IMG_20260331_101712_882,Kruss,0,40X,3985,408,YCT26,"III,IV,VII,VIII,IX,X,XI,XII. CARCINÔM TUYẾN TIỀN LIỆT , GLEASON 4+4. I,II,V,VI.TĂNG SẢN LÀNH TÍNH TUYẾN TIỀN LIỆT ( PROSTATIC HYPERPLASIA )",Slide5-6,False,
IMG_20260331_101326_826.tiff,IMG_20260331_101326_826,Kruss,0,4X,3965,408,YCT26,"III,IV,VII,VIII,IX,X,XI,XII. CARCINÔM TUYẾN TIỀN LIỆT , GLEASON 4+4. I,II,V,VI.TĂNG SẢN LÀNH TÍNH TUYẾN TIỀN LIỆT ( PROSTATIC HYPERPLASIA )",Slide5-6,True,IMG_20260331_101326_826.tiff
IMG_20260331_101327_134.tiff,IMG_20260331_101327_134,Kruss,0,4X,3966,408,YCT26,"III,IV,VII,VIII,IX,X,XI,XII. CARCINÔM TUYẾN TIỀN LIỆT , GLEASON 4+4. I,II,V,VI.TĂNG SẢN LÀNH TÍNH TUYẾN TIỀN LIỆT ( PROSTATIC HYPERPLASIA )",Slide5-6,True,IMG_20260331_101327_134.tiff
IMG_20260321_142601_864.tiff,IMG_20260321_142601_864,Kruss,4,10X,65,408,YCT26,"III,IV,VII,VIII,IX,X,XI,XII. CARCINÔM TUYẾN TIỀN LIỆT , GLEASON 4+4. I,II,V,VI.TĂNG SẢN LÀNH TÍNH TUYẾN TIỀN LIỆT ( PROSTATIC HYPERPLASIA )",Slide7-8,False,
IMG_20260321_142602_216.tiff,IMG_20260321_142602_216,Kruss,4,10X,66,408,YCT26,"III,IV,VII,VIII,IX,X,XI,XII. CARCINÔM TUYẾN TIỀN LIỆT , GLEASON 4+4. I,II,V,VI.TĂNG SẢN LÀNH TÍNH TUYẾN TIỀN LIỆT ( PROSTATIC HYPERPLASIA )",Slide7-8,False,
IMG_20260321_142602_885.tiff,IMG_20260321_142602_885,Kruss,4,10X,68,408,YCT26,"III,IV,VII,VIII,IX,X,XI,XII. CARCINÔM TUYẾN TIỀN LIỆT , GLEASON 4+4. I,II,V,VI.TĂNG SẢN LÀNH TÍNH TUYẾN TIỀN LIỆT ( PROSTATIC HYPERPLASIA )",Slide7-8,False,
IMG_20260321_142646_528.tiff,IMG_20260321_142646_528,Kruss,4,10X,69,408,YCT26,"III,IV,VII,VIII,IX,X,XI,XII. CARCINÔM TUYẾN TIỀN LIỆT , GLEASON 4+4. I,II,V,VI.TĂNG SẢN LÀNH TÍNH TUYẾN TIỀN LIỆT ( PROSTATIC HYPERPLASIA )",Slide7-8,False,
IMG_20260321_142646_857.tiff,IMG_20260321_142646_857,Kruss,4,10X,70,408,YCT26,"III,IV,VII,VIII,IX,X,XI,XII. CARCINÔM TUYẾN TIỀN LIỆT , GLEASON 4+4. I,II,V,VI.TĂNG SẢN LÀNH TÍNH TUYẾN TIỀN LIỆT ( PROSTATIC HYPERPLASIA )",Slide7-8,False,
IMG_20260321_142647_180.tiff,IMG_20260321_142647_180,Kruss,4,10X,71,408,YCT26,"III,IV,VII,VIII,IX,X,XI,XII. CARCINÔM TUYẾN TIỀN LIỆT , GLEASON 4+4. I,II,V,VI.TĂNG SẢN LÀNH TÍNH TUYẾN TIỀN LIỆT ( PROSTATIC HYPERPLASIA )",Slide7-8,False,
IMG_20260331_103415_024.tiff,IMG_20260331_103415_024,Kruss,4,10X,4071,408,YCT26,"III,IV,VII,VIII,IX,X,XI,XII. CARCINÔM TUYẾN TIỀN LIỆT , GLEASON 4+4. I,II,V,VI.TĂNG SẢN LÀNH TÍNH TUYẾN TIỀN LIỆT ( PROSTATIC HYPERPLASIA )",Slide7-8,False,
IMG_20260331_103415_373.tiff,IMG_20260331_103415_373,Kruss,4,10X,4072,408,YCT26,"III,IV,VII,VIII,IX,X,XI,XII. CARCINÔM TUYẾN TIỀN LIỆT , GLEASON 4+4. I,II,V,VI.TĂNG SẢN LÀNH TÍNH TUYẾN TIỀN LIỆT ( PROSTATIC HYPERPLASIA )",Slide7-8,False,
IMG_20260331_103415_706.tiff,IMG_20260331_103415_706,Kruss,4,10X,4073,408,YCT26,"III,IV,VII,VIII,IX,X,XI,XII. CARCINÔM TUYẾN TIỀN LIỆT , GLEASON 4+4. I,II,V,VI.TĂNG SẢN LÀNH TÍNH TUYẾN TIỀN LIỆT ( PROSTATIC HYPERPLASIA )",Slide7-8,False,
IMG_20260331_103416_046.tiff,IMG_20260331_103416_046,Kruss,4,10X,4074,408,YCT26,"III,IV,VII,VIII,IX,X,XI,XII. CARCINÔM TUYẾN TIỀN LIỆT , GLEASON 4+4. I,II,V,VI.TĂNG SẢN LÀNH TÍNH TUYẾN TIỀN LIỆT ( PROSTATIC HYPERPLASIA )",Slide7-8,False,
IMG_20260331_103416_396.tiff,IMG_20260331_103416_396,Kruss,0,10X,4075,408,YCT26,"III,IV,VII,VIII,IX,X,XI,XII. CARCINÔM TUYẾN TIỀN LIỆT , GLEASON 4+4. I,II,V,VI.TĂNG SẢN LÀNH TÍNH TUYẾN TIỀN LIỆT ( PROSTATIC HYPERPLASIA )",Slide7-8,False,
IMG_20260331_103416_744.tiff,IMG_20260331_103416_744,Kruss,0,10X,4076,408,YCT26,"III,IV,VII,VIII,IX,X,XI,XII. CARCINÔM TUYẾN TIỀN LIỆT , GLEASON 4+4. I,II,V,VI.TĂNG SẢN LÀNH TÍNH TUYẾN TIỀN LIỆT ( PROSTATIC HYPERPLASIA )",Slide7-8,False,
IMG_20260331_103417_061.tiff,IMG_20260331_103417_061,Kruss,0,10X,4077,408,YCT26,"III,IV,VII,VIII,IX,X,XI,XII. CARCINÔM TUYẾN TIỀN LIỆT , GLEASON 4+4. I,II,V,VI.TĂNG SẢN LÀNH TÍNH TUYẾN TIỀN LIỆT ( PROSTATIC HYPERPLASIA )",Slide7-8,False,
IMG_20260331_103417_388.tiff,IMG_20260331_103417_388,Kruss,0,10X,4078,408,YCT26,"III,IV,VII,VIII,IX,X,XI,XII. CARCINÔM TUYẾN TIỀN LIỆT , GLEASON 4+4. I,II,V,VI.TĂNG SẢN LÀNH TÍNH TUYẾN TIỀN LIỆT ( PROSTATIC HYPERPLASIA )",Slide7-8,False,
IMG_20260331_103447_230.tiff,IMG_20260331_103447_230,Kruss,4,10X,4079,408,YCT26,"III,IV,VII,VIII,IX,X,XI,XII. CARCINÔM TUYẾN TIỀN LIỆT , GLEASON 4+4. I,II,V,VI.TĂNG SẢN LÀNH TÍNH TUYẾN TIỀN LIỆT ( PROSTATIC HYPERPLASIA )",Slide7-8,False,
IMG_20260331_103447_548.tiff,IMG_20260331_103447_548,Kruss,0,10X,4080,408,YCT26,"III,IV,VII,VIII,IX,X,XI,XII. CARCINÔM TUYẾN TIỀN LIỆT , GLEASON 4+4. I,II,V,VI.TĂNG SẢN LÀNH TÍNH TUYẾN TIỀN LIỆT ( PROSTATIC HYPERPLASIA )",Slide7-8,False,
IMG_20260331_103447_880.tiff,IMG_20260331_103447_880,Kruss,4,10X,4081,408,YCT26,"III,IV,VII,VIII,IX,X,XI,XII. CARCINÔM TUYẾN TIỀN LIỆT , GLEASON 4+4. I,II,V,VI.TĂNG SẢN LÀNH TÍNH TUYẾN TIỀN LIỆT ( PROSTATIC HYPERPLASIA )",Slide7-8,False,
IMG_20260331_103448_199.tiff,IMG_20260331_103448_199,Kruss,0,10X,4082,408,YCT26,"III,IV,VII,VIII,IX,X,XI,XII. CARCINÔM TUYẾN TIỀN LIỆT , GLEASON 4+4. I,II,V,VI.TĂNG SẢN LÀNH TÍNH TUYẾN TIỀN LIỆT ( PROSTATIC HYPERPLASIA )",Slide7-8,False,
IMG_20260331_103448_532.tiff,IMG_20260331_103448_532,Kruss,4,10X,4083,408,YCT26,"III,IV,VII,VIII,IX,X,XI,XII. CARCINÔM TUYẾN TIỀN LIỆT , GLEASON 4+4. I,II,V,VI.TĂNG SẢN LÀNH TÍNH TUYẾN TIỀN LIỆT ( PROSTATIC HYPERPLASIA )",Slide7-8,False,
IMG_20260331_102710_289.tiff,IMG_20260331_102710_289,Kruss,0,40X,4032,408,YCT26,"III,IV,VII,VIII,IX,X,XI,XII. CARCINÔM TUYẾN TIỀN LIỆT , GLEASON 4+4. I,II,V,VI.TĂNG SẢN LÀNH TÍNH TUYẾN TIỀN LIỆT ( PROSTATIC HYPERPLASIA )",Slide7-8,False,
IMG_20260331_102710_647.tiff,IMG_20260331_102710_647,Kruss,0,40X,4033,408,YCT26,"III,IV,VII,VIII,IX,X,XI,XII. CARCINÔM TUYẾN TIỀN LIỆT , GLEASON 4+4. I,II,V,VI.TĂNG SẢN LÀNH TÍNH TUYẾN TIỀN LIỆT ( PROSTATIC HYPERPLASIA )",Slide7-8,False,
IMG_20260331_102710_995.tiff,IMG_20260331_102710_995,Kruss,0,40X,4034,408,YCT26,"III,IV,VII,VIII,IX,X,XI,XII. CARCINÔM TUYẾN TIỀN LIỆT , GLEASON 4+4. I,II,V,VI.TĂNG SẢN LÀNH TÍNH TUYẾN TIỀN LIỆT ( PROSTATIC HYPERPLASIA )",Slide7-8,False,
IMG_20260331_102711_335.tiff,IMG_20260331_102711_335,Kruss,5,40X,4035,408,YCT26,"III,IV,VII,VIII,IX,X,XI,XII. CARCINÔM TUYẾN TIỀN LIỆT , GLEASON 4+4. I,II,V,VI.TĂNG SẢN LÀNH TÍNH TUYẾN TIỀN LIỆT ( PROSTATIC HYPERPLASIA )",Slide7-8,False,
IMG_20260331_102711_690.tiff,IMG_20260331_102711_690,Kruss,5,40X,4036,408,YCT26,"III,IV,VII,VIII,IX,X,XI,XII. CARCINÔM TUYẾN TIỀN LIỆT , GLEASON 4+4. I,II,V,VI.TĂNG SẢN LÀNH TÍNH TUYẾN TIỀN LIỆT ( PROSTATIC HYPERPLASIA )",Slide7-8,False,
IMG_20260331_102712_037.tiff,IMG_20260331_102712_037,Kruss,5,40X,4037,408,YCT26,"III,IV,VII,VIII,IX,X,XI,XII. CARCINÔM TUYẾN TIỀN LIỆT , GLEASON 4+4. I,II,V,VI.TĂNG SẢN LÀNH TÍNH TUYẾN TIỀN LIỆT ( PROSTATIC HYPERPLASIA )",Slide7-8,False,
IMG_20260331_102712_378.tiff,IMG_20260331_102712_378,Kruss,5,40X,4038,408,YCT26,"III,IV,VII,VIII,IX,X,XI,XII. CARCINÔM TUYẾN TIỀN LIỆT , GLEASON 4+4. I,II,V,VI.TĂNG SẢN LÀNH TÍNH TUYẾN TIỀN LIỆT ( PROSTATIC HYPERPLASIA )",Slide7-8,False,
IMG_20260331_102712_755.tiff,IMG_20260331_102712_755,Kruss,5,40X,4039,408,YCT26,"III,IV,VII,VIII,IX,X,XI,XII. CARCINÔM TUYẾN TIỀN LIỆT , GLEASON 4+4. I,II,V,VI.TĂNG SẢN LÀNH TÍNH TUYẾN TIỀN LIỆT ( PROSTATIC HYPERPLASIA )",Slide7-8,False,
IMG_20260331_102749_313.tiff,IMG_20260331_102749_313,Kruss,0,40X,4040,408,YCT26,"III,IV,VII,VIII,IX,X,XI,XII. CARCINÔM TUYẾN TIỀN LIỆT , GLEASON 4+4. I,II,V,VI.TĂNG SẢN LÀNH TÍNH TUYẾN TIỀN LIỆT ( PROSTATIC HYPERPLASIA )",Slide7-8,False,
IMG_20260331_102749_667.tiff,IMG_20260331_102749_667,Kruss,0,40X,4041,408,YCT26,"III,IV,VII,VIII,IX,X,XI,XII. CARCINÔM TUYẾN TIỀN LIỆT , GLEASON 4+4. I,II,V,VI.TĂNG SẢN LÀNH TÍNH TUYẾN TIỀN LIỆT ( PROSTATIC HYPERPLASIA )",Slide7-8,False,
IMG_20260331_102750_038.tiff,IMG_20260331_102750_038,Kruss,0,40X,4042,408,YCT26,"III,IV,VII,VIII,IX,X,XI,XII. CARCINÔM TUYẾN TIỀN LIỆT , GLEASON 4+4. I,II,V,VI.TĂNG SẢN LÀNH TÍNH TUYẾN TIỀN LIỆT ( PROSTATIC HYPERPLASIA )",Slide7-8,False,
IMG_20260331_102750_395.tiff,IMG_20260331_102750_395,Kruss,0,40X,4043,408,YCT26,"III,IV,VII,VIII,IX,X,XI,XII. CARCINÔM TUYẾN TIỀN LIỆT , GLEASON 4+4. I,II,V,VI.TĂNG SẢN LÀNH TÍNH TUYẾN TIỀN LIỆT ( PROSTATIC HYPERPLASIA )",Slide7-8,False,
IMG_20260331_102750_736.tiff,IMG_20260331_102750_736,Kruss,0,40X,4044,408,YCT26,"III,IV,VII,VIII,IX,X,XI,XII. CARCINÔM TUYẾN TIỀN LIỆT , GLEASON 4+4. I,II,V,VI.TĂNG SẢN LÀNH TÍNH TUYẾN TIỀN LIỆT ( PROSTATIC HYPERPLASIA )",Slide7-8,False,
IMG_20260331_102751_163.tiff,IMG_20260331_102751_163,Kruss,0,40X,4045,408,YCT26,"III,IV,VII,VIII,IX,X,XI,XII. CARCINÔM TUYẾN TIỀN LIỆT , GLEASON 4+4. I,II,V,VI.TĂNG SẢN LÀNH TÍNH TUYẾN TIỀN LIỆT ( PROSTATIC HYPERPLASIA )",Slide7-8,False,
IMG_20260331_102751_514.tiff,IMG_20260331_102751_514,Kruss,4,40X,4046,408,YCT26,"III,IV,VII,VIII,IX,X,XI,XII. CARCINÔM TUYẾN TIỀN LIỆT , GLEASON 4+4. I,II,V,VI.TĂNG SẢN LÀNH TÍNH TUYẾN TIỀN LIỆT ( PROSTATIC HYPERPLASIA )",Slide7-8,False,
IMG_20260331_102751_880.tiff,IMG_20260331_102751_880,Kruss,0,40X,4047,408,YCT26,"III,IV,VII,VIII,IX,X,XI,XII. CARCINÔM TUYẾN TIỀN LIỆT , GLEASON 4+4. I,II,V,VI.TĂNG SẢN LÀNH TÍNH TUYẾN TIỀN LIỆT ( PROSTATIC HYPERPLASIA )",Slide7-8,False,
IMG_20260331_102835_287.tiff,IMG_20260331_102835_287,Kruss,4,40X,4048,408,YCT26,"III,IV,VII,VIII,IX,X,XI,XII. CARCINÔM TUYẾN TIỀN LIỆT , GLEASON 4+4. I,II,V,VI.TĂNG SẢN LÀNH TÍNH TUYẾN TIỀN LIỆT ( PROSTATIC HYPERPLASIA )",Slide7-8,False,
IMG_20260331_102835_627.tiff,IMG_20260331_102835_627,Kruss,4,40X,4049,408,YCT26,"III,IV,VII,VIII,IX,X,XI,XII. CARCINÔM TUYẾN TIỀN LIỆT , GLEASON 4+4. I,II,V,VI.TĂNG SẢN LÀNH TÍNH TUYẾN TIỀN LIỆT ( PROSTATIC HYPERPLASIA )",Slide7-8,False,
IMG_20260331_102835_978.tiff,IMG_20260331_102835_978,Kruss,4,40X,4050,408,YCT26,"III,IV,VII,VIII,IX,X,XI,XII. CARCINÔM TUYẾN TIỀN LIỆT , GLEASON 4+4. I,II,V,VI.TĂNG SẢN LÀNH TÍNH TUYẾN TIỀN LIỆT ( PROSTATIC HYPERPLASIA )",Slide7-8,False,
IMG_20260331_102836_322.tiff,IMG_20260331_102836_322,Kruss,0,40X,4051,408,YCT26,"III,IV,VII,VIII,IX,X,XI,XII. CARCINÔM TUYẾN TIỀN LIỆT , GLEASON 4+4. I,II,V,VI.TĂNG SẢN LÀNH TÍNH TUYẾN TIỀN LIỆT ( PROSTATIC HYPERPLASIA )",Slide7-8,False,
IMG_20260331_102836_668.tiff,IMG_20260331_102836_668,Kruss,4,40X,4052,408,YCT26,"III,IV,VII,VIII,IX,X,XI,XII. CARCINÔM TUYẾN TIỀN LIỆT , GLEASON 4+4. I,II,V,VI.TĂNG SẢN LÀNH TÍNH TUYẾN TIỀN LIỆT ( PROSTATIC HYPERPLASIA )",Slide7-8,False,
IMG_20260331_102837_034.tiff,IMG_20260331_102837_034,Kruss,4,40X,4053,408,YCT26,"III,IV,VII,VIII,IX,X,XI,XII. CARCINÔM TUYẾN TIỀN LIỆT , GLEASON 4+4. I,II,V,VI.TĂNG SẢN LÀNH TÍNH TUYẾN TIỀN LIỆT ( PROSTATIC HYPERPLASIA )",Slide7-8,False,
IMG_20260331_102837_375.tiff,IMG_20260331_102837_375,Kruss,4,40X,4054,408,YCT26,"III,IV,VII,VIII,IX,X,XI,XII. CARCINÔM TUYẾN TIỀN LIỆT , GLEASON 4+4. I,II,V,VI.TĂNG SẢN LÀNH TÍNH TUYẾN TIỀN LIỆT ( PROSTATIC HYPERPLASIA )",Slide7-8,False,
IMG_20260331_102837_719.tiff,IMG_20260331_102837_719,Kruss,0,40X,4055,408,YCT26,"III,IV,VII,VIII,IX,X,XI,XII. CARCINÔM TUYẾN TIỀN LIỆT , GLEASON 4+4. I,II,V,VI.TĂNG SẢN LÀNH TÍNH TUYẾN TIỀN LIỆT ( PROSTATIC HYPERPLASIA )",Slide7-8,False,
IMG_20260331_102948_231.tiff,IMG_20260331_102948_231,Kruss,0,40X,4056,408,YCT26,"III,IV,VII,VIII,IX,X,XI,XII. CARCINÔM TUYẾN TIỀN LIỆT , GLEASON 4+4. I,II,V,VI.TĂNG SẢN LÀNH TÍNH TUYẾN TIỀN LIỆT ( PROSTATIC HYPERPLASIA )",Slide7-8,False,
IMG_20260331_102948_591.tiff,IMG_20260331_102948_591,Kruss,0,40X,4057,408,YCT26,"III,IV,VII,VIII,IX,X,XI,XII. CARCINÔM TUYẾN TIỀN LIỆT , GLEASON 4+4. I,II,V,VI.TĂNG SẢN LÀNH TÍNH TUYẾN TIỀN LIỆT ( PROSTATIC HYPERPLASIA )",Slide7-8,False,
IMG_20260331_103202_969.tiff,IMG_20260331_103202_969,Kruss,5,40X,4058,408,YCT26,"III,IV,VII,VIII,IX,X,XI,XII. CARCINÔM TUYẾN TIỀN LIỆT , GLEASON 4+4. I,II,V,VI.TĂNG SẢN LÀNH TÍNH TUYẾN TIỀN LIỆT ( PROSTATIC HYPERPLASIA )",Slide7-8,False,
IMG_20260331_103203_337.tiff,IMG_20260331_103203_337,Kruss,5,40X,4059,408,YCT26,"III,IV,VII,VIII,IX,X,XI,XII. CARCINÔM TUYẾN TIỀN LIỆT , GLEASON 4+4. I,II,V,VI.TĂNG SẢN LÀNH TÍNH TUYẾN TIỀN LIỆT ( PROSTATIC HYPERPLASIA )",Slide7-8,False,
IMG_20260331_103203_694.tiff,IMG_20260331_103203_694,Kruss,0,40X,4060,408,YCT26,"III,IV,VII,VIII,IX,X,XI,XII. CARCINÔM TUYẾN TIỀN LIỆT , GLEASON 4+4. I,II,V,VI.TĂNG SẢN LÀNH TÍNH TUYẾN TIỀN LIỆT ( PROSTATIC HYPERPLASIA )",Slide7-8,False,
IMG_20260331_103204_047.tiff,IMG_20260331_103204_047,Kruss,5,40X,4061,408,YCT26,"III,IV,VII,VIII,IX,X,XI,XII. CARCINÔM TUYẾN TIỀN LIỆT , GLEASON 4+4. I,II,V,VI.TĂNG SẢN LÀNH TÍNH TUYẾN TIỀN LIỆT ( PROSTATIC HYPERPLASIA )",Slide7-8,False,
IMG_20260331_103204_419.tiff,IMG_20260331_103204_419,Kruss,5,40X,4062,408,YCT26,"III,IV,VII,VIII,IX,X,XI,XII. CARCINÔM TUYẾN TIỀN LIỆT , GLEASON 4+4. I,II,V,VI.TĂNG SẢN LÀNH TÍNH TUYẾN TIỀN LIỆT ( PROSTATIC HYPERPLASIA )",Slide7-8,False,
IMG_20260331_103204_783.tiff,IMG_20260331_103204_783,Kruss,5,40X,4063,408,YCT26,"III,IV,VII,VIII,IX,X,XI,XII. CARCINÔM TUYẾN TIỀN LIỆT , GLEASON 4+4. I,II,V,VI.TĂNG SẢN LÀNH TÍNH TUYẾN TIỀN LIỆT ( PROSTATIC HYPERPLASIA )",Slide7-8,False,
IMG_20260331_103205_149.tiff,IMG_20260331_103205_149,Kruss,5,40X,4064,408,YCT26,"III,IV,VII,VIII,IX,X,XI,XII. CARCINÔM TUYẾN TIỀN LIỆT , GLEASON 4+4. I,II,V,VI.TĂNG SẢN LÀNH TÍNH TUYẾN TIỀN LIỆT ( PROSTATIC HYPERPLASIA )",Slide7-8,False,
IMG_20260331_103205_549.tiff,IMG_20260331_103205_549,Kruss,0,40X,4065,408,YCT26,"III,IV,VII,VIII,IX,X,XI,XII. CARCINÔM TUYẾN TIỀN LIỆT , GLEASON 4+4. I,II,V,VI.TĂNG SẢN LÀNH TÍNH TUYẾN TIỀN LIỆT ( PROSTATIC HYPERPLASIA )",Slide7-8,False,
IMG_20260331_103236_432.tiff,IMG_20260331_103236_432,Kruss,0,40X,4066,408,YCT26,"III,IV,VII,VIII,IX,X,XI,XII. CARCINÔM TUYẾN TIỀN LIỆT , GLEASON 4+4. I,II,V,VI.TĂNG SẢN LÀNH TÍNH TUYẾN TIỀN LIỆT ( PROSTATIC HYPERPLASIA )",Slide7-8,False,
IMG_20260331_103236_780.tiff,IMG_20260331_103236_780,Kruss,5,40X,4067,408,YCT26,"III,IV,VII,VIII,IX,X,XI,XII. CARCINÔM TUYẾN TIỀN LIỆT , GLEASON 4+4. I,II,V,VI.TĂNG SẢN LÀNH TÍNH TUYẾN TIỀN LIỆT ( PROSTATIC HYPERPLASIA )",Slide7-8,False,
IMG_20260331_103237_130.tiff,IMG_20260331_103237_130,Kruss,5,40X,4068,408,YCT26,"III,IV,VII,VIII,IX,X,XI,XII. CARCINÔM TUYẾN TIỀN LIỆT , GLEASON 4+4. I,II,V,VI.TĂNG SẢN LÀNH TÍNH TUYẾN TIỀN LIỆT ( PROSTATIC HYPERPLASIA )",Slide7-8,False,
IMG_20260331_103237_491.tiff,IMG_20260331_103237_491,Kruss,0,40X,4069,408,YCT26,"III,IV,VII,VIII,IX,X,XI,XII. CARCINÔM TUYẾN TIỀN LIỆT , GLEASON 4+4. I,II,V,VI.TĂNG SẢN LÀNH TÍNH TUYẾN TIỀN LIỆT ( PROSTATIC HYPERPLASIA )",Slide7-8,False,
IMG_20260331_103237_854.tiff,IMG_20260331_103237_854,Kruss,0,40X,4070,408,YCT26,"III,IV,VII,VIII,IX,X,XI,XII. CARCINÔM TUYẾN TIỀN LIỆT , GLEASON 4+4. I,II,V,VI.TĂNG SẢN LÀNH TÍNH TUYẾN TIỀN LIỆT ( PROSTATIC HYPERPLASIA )",Slide7-8,False,
IMG_20260331_101856_041.tiff,IMG_20260331_101856_041,Kruss,4,4X,3986,408,YCT26,"III,IV,VII,VIII,IX,X,XI,XII. CARCINÔM TUYẾN TIỀN LIỆT , GLEASON 4+4. I,II,V,VI.TĂNG SẢN LÀNH TÍNH TUYẾN TIỀN LIỆT ( PROSTATIC HYPERPLASIA )",Slide7-8,True,IMG_20260331_101856_041.tiff
IMG_20260331_101856_372.tiff,IMG_20260331_101856_372,Kruss,0,4X,3987,408,YCT26,"III,IV,VII,VIII,IX,X,XI,XII. CARCINÔM TUYẾN TIỀN LIỆT , GLEASON 4+4. I,II,V,VI.TĂNG SẢN LÀNH TÍNH TUYẾN TIỀN LIỆT ( PROSTATIC HYPERPLASIA )",Slide7-8,True,IMG_20260331_101856_372.tiff
IMG_20260331_101856_696.tiff,IMG_20260331_101856_696,Kruss,0,4X,3988,408,YCT26,"III,IV,VII,VIII,IX,X,XI,XII. CARCINÔM TUYẾN TIỀN LIỆT , GLEASON 4+4. I,II,V,VI.TĂNG SẢN LÀNH TÍNH TUYẾN TIỀN LIỆT ( PROSTATIC HYPERPLASIA )",Slide7-8,True,IMG_20260331_101856_696.tiff
IMG_20260331_101857_014.tiff,IMG_20260331_101857_014,Kruss,5,4X,3989,408,YCT26,"III,IV,VII,VIII,IX,X,XI,XII. CARCINÔM TUYẾN TIỀN LIỆT , GLEASON 4+4. I,II,V,VI.TĂNG SẢN LÀNH TÍNH TUYẾN TIỀN LIỆT ( PROSTATIC HYPERPLASIA )",Slide7-8,True,IMG_20260331_101857_014.tiff
IMG_20260331_101857_313.tiff,IMG_20260331_101857_313,Kruss,0,4X,3990,408,YCT26,"III,IV,VII,VIII,IX,X,XI,XII. CARCINÔM TUYẾN TIỀN LIỆT , GLEASON 4+4. I,II,V,VI.TĂNG SẢN LÀNH TÍNH TUYẾN TIỀN LIỆT ( PROSTATIC HYPERPLASIA )",Slide7-8,True,IMG_20260331_101857_313.tiff
IMG_20260331_101857_628.tiff,IMG_20260331_101857_628,Kruss,0,4X,3991,408,YCT26,"III,IV,VII,VIII,IX,X,XI,XII. CARCINÔM TUYẾN TIỀN LIỆT , GLEASON 4+4. I,II,V,VI.TĂNG SẢN LÀNH TÍNH TUYẾN TIỀN LIỆT ( PROSTATIC HYPERPLASIA )",Slide7-8,True,IMG_20260331_101857_628.tiff
IMG_20260331_101857_927.tiff,IMG_20260331_101857_927,Kruss,0,4X,3992,408,YCT26,"III,IV,VII,VIII,IX,X,XI,XII. CARCINÔM TUYẾN TIỀN LIỆT , GLEASON 4+4. I,II,V,VI.TĂNG SẢN LÀNH TÍNH TUYẾN TIỀN LIỆT ( PROSTATIC HYPERPLASIA )",Slide7-8,True,IMG_20260331_101857_927.tiff
IMG_20260331_101858_269.tiff,IMG_20260331_101858_269,Kruss,4,4X,3993,408,YCT26,"III,IV,VII,VIII,IX,X,XI,XII. CARCINÔM TUYẾN TIỀN LIỆT , GLEASON 4+4. I,II,V,VI.TĂNG SẢN LÀNH TÍNH TUYẾN TIỀN LIỆT ( PROSTATIC HYPERPLASIA )",Slide7-8,True,IMG_20260331_101858_269.tiff
IMG_20260322_122517_767.tiff,IMG_20260322_122517_767,Kruss,0,10X,82,408,YCT26,"III,IV,VII,VIII,IX,X,XI,XII. CARCINÔM TUYẾN TIỀN LIỆT , GLEASON 4+4. I,II,V,VI.TĂNG SẢN LÀNH TÍNH TUYẾN TIỀN LIỆT ( PROSTATIC HYPERPLASIA )",Slide9-10,False,
IMG_20260324_123210_661.tiff,IMG_20260324_123210_661,Kruss,0,10X,817,537,YCT26,I-XII.TĂNG SẢN LÀNH TÍNH TUYẾN TIỀN LIỆT,Slide1-2,False,
IMG_20260324_123210_979.tiff,IMG_20260324_123210_979,Kruss,0,10X,818,537,YCT26,I-XII.TĂNG SẢN LÀNH TÍNH TUYẾN TIỀN LIỆT,Slide1-2,False,
IMG_20260324_123211_324.tiff,IMG_20260324_123211_324,Kruss,0,10X,819,537,YCT26,I-XII.TĂNG SẢN LÀNH TÍNH TUYẾN TIỀN LIỆT,Slide1-2,False,
IMG_20260324_123211_684.tiff,IMG_20260324_123211_684,Kruss,0,10X,820,537,YCT26,I-XII.TĂNG SẢN LÀNH TÍNH TUYẾN TIỀN LIỆT,Slide1-2,False,
IMG_20260324_123329_581.tiff,IMG_20260324_123329_581,Kruss,0,10X,821,537,YCT26,I-XII.TĂNG SẢN LÀNH TÍNH TUYẾN TIỀN LIỆT,Slide1-2,False,
IMG_20260324_123329_893.tiff,IMG_20260324_123329_893,Kruss,0,10X,822,537,YCT26,I-XII.TĂNG SẢN LÀNH TÍNH TUYẾN TIỀN LIỆT,Slide1-2,False,
IMG_20260324_123330_220.tiff,IMG_20260324_123330_220,Kruss,0,10X,823,537,YCT26,I-XII.TĂNG SẢN LÀNH TÍNH TUYẾN TIỀN LIỆT,Slide1-2,False,
IMG_20260324_123330_572.tiff,IMG_20260324_123330_572,Kruss,0,10X,824,537,YCT26,I-XII.TĂNG SẢN LÀNH TÍNH TUYẾN TIỀN LIỆT,Slide1-2,False,
IMG_20260324_123447_146.tiff,IMG_20260324_123447_146,Kruss,0,10X,825,537,YCT26,I-XII.TĂNG SẢN LÀNH TÍNH TUYẾN TIỀN LIỆT,Slide1-2,False,
IMG_20260324_123447_510.tiff,IMG_20260324_123447_510,Kruss,0,10X,826,537,YCT26,I-XII.TĂNG SẢN LÀNH TÍNH TUYẾN TIỀN LIỆT,Slide1-2,False,
IMG_20260324_123447_835.tiff,IMG_20260324_123447_835,Kruss,0,10X,827,537,YCT26,I-XII.TĂNG SẢN LÀNH TÍNH TUYẾN TIỀN LIỆT,Slide1-2,False,
IMG_20260324_123448_162.tiff,IMG_20260324_123448_162,Kruss,0,10X,828,537,YCT26,I-XII.TĂNG SẢN LÀNH TÍNH TUYẾN TIỀN LIỆT,Slide1-2,False,
IMG_20260324_123543_949.tiff,IMG_20260324_123543_949,Kruss,0,10X,829,537,YCT26,I-XII.TĂNG SẢN LÀNH TÍNH TUYẾN TIỀN LIỆT,Slide1-2,False,
IMG_20260324_123544_560.tiff,IMG_20260324_123544_560,Kruss,0,10X,831,537,YCT26,I-XII.TĂNG SẢN LÀNH TÍNH TUYẾN TIỀN LIỆT,Slide1-2,False,
IMG_20260324_123544_889.tiff,IMG_20260324_123544_889,Kruss,0,10X,832,537,YCT26,I-XII.TĂNG SẢN LÀNH TÍNH TUYẾN TIỀN LIỆT,Slide1-2,False,
IMG_20260324_123653_799.tiff,IMG_20260324_123653_799,Kruss,0,10X,833,537,YCT26,I-XII.TĂNG SẢN LÀNH TÍNH TUYẾN TIỀN LIỆT,Slide1-2,False,
IMG_20260324_123654_156.tiff,IMG_20260324_123654_156,Kruss,0,10X,834,537,YCT26,I-XII.TĂNG SẢN LÀNH TÍNH TUYẾN TIỀN LIỆT,Slide1-2,False,
IMG_20260324_123654_485.tiff,IMG_20260324_123654_485,Kruss,0,10X,835,537,YCT26,I-XII.TĂNG SẢN LÀNH TÍNH TUYẾN TIỀN LIỆT,Slide1-2,False,
IMG_20260324_123654_804.tiff,IMG_20260324_123654_804,Kruss,0,10X,836,537,YCT26,I-XII.TĂNG SẢN LÀNH TÍNH TUYẾN TIỀN LIỆT,Slide1-2,False,
IMG_20260324_123719_963.tiff,IMG_20260324_123719_963,Kruss,0,10X,837,537,YCT26,I-XII.TĂNG SẢN LÀNH TÍNH TUYẾN TIỀN LIỆT,Slide1-2,False,
IMG_20260327_161403_541.tiff,IMG_20260327_161403_541,Kruss,0,10X,2755,537,YCT26,I-XII.TĂNG SẢN LÀNH TÍNH TUYẾN TIỀN LIỆT ( PROSTATIC HYPERPLASIA ),Slide1-2,False,
IMG_20260327_161404_213.tiff,IMG_20260327_161404_213,Kruss,0,10X,2757,537,YCT26,I-XII.TĂNG SẢN LÀNH TÍNH TUYẾN TIỀN LIỆT ( PROSTATIC HYPERPLASIA ),Slide1-2,False,
IMG_20260327_161404_530.tiff,IMG_20260327_161404_530,Kruss,0,10X,2758,537,YCT26,I-XII.TĂNG SẢN LÀNH TÍNH TUYẾN TIỀN LIỆT ( PROSTATIC HYPERPLASIA ),Slide1-2,False,
IMG_20260327_161404_861.tiff,IMG_20260327_161404_861,Kruss,0,10X,2759,537,YCT26,I-XII.TĂNG SẢN LÀNH TÍNH TUYẾN TIỀN LIỆT ( PROSTATIC HYPERPLASIA ),Slide1-2,False,
IMG_20260327_161405_204.tiff,IMG_20260327_161405_204,Kruss,0,10X,2760,537,YCT26,I-XII.TĂNG SẢN LÀNH TÍNH TUYẾN TIỀN LIỆT ( PROSTATIC HYPERPLASIA ),Slide1-2,False,
IMG_20260327_161405_529.tiff,IMG_20260327_161405_529,Kruss,0,10X,2761,537,YCT26,I-XII.TĂNG SẢN LÀNH TÍNH TUYẾN TIỀN LIỆT ( PROSTATIC HYPERPLASIA ),Slide1-2,False,
IMG_20260327_161405_882.tiff,IMG_20260327_161405_882,Kruss,0,10X,2762,537,YCT26,I-XII.TĂNG SẢN LÀNH TÍNH TUYẾN TIỀN LIỆT ( PROSTATIC HYPERPLASIA ),Slide1-2,False,
IMG_20260327_161426_095.tiff,IMG_20260327_161426_095,Kruss,0,10X,2763,537,YCT26,I-XII.TĂNG SẢN LÀNH TÍNH TUYẾN TIỀN LIỆT ( PROSTATIC HYPERPLASIA ),Slide1-2,False,
IMG_20260327_161426_429.tiff,IMG_20260327_161426_429,Kruss,0,10X,2764,537,YCT26,I-XII.TĂNG SẢN LÀNH TÍNH TUYẾN TIỀN LIỆT ( PROSTATIC HYPERPLASIA ),Slide1-2,False,
IMG_20260327_161426_754.tiff,IMG_20260327_161426_754,Kruss,0,10X,2765,537,YCT26,I-XII.TĂNG SẢN LÀNH TÍNH TUYẾN TIỀN LIỆT ( PROSTATIC HYPERPLASIA ),Slide1-2,False,
IMG_20260324_124212_080.tiff,IMG_20260324_124212_080,Kruss,0,40X,838,537,YCT26,I-XII.TĂNG SẢN LÀNH TÍNH TUYẾN TIỀN LIỆT,Slide1-2,False,
IMG_20260324_124212_460.tiff,IMG_20260324_124212_460,Kruss,0,40X,839,537,YCT26,I-XII.TĂNG SẢN LÀNH TÍNH TUYẾN TIỀN LIỆT,Slide1-2,False,
IMG_20260324_124212_812.tiff,IMG_20260324_124212_812,Kruss,0,40X,840,537,YCT26,I-XII.TĂNG SẢN LÀNH TÍNH TUYẾN TIỀN LIỆT,Slide1-2,False,
IMG_20260324_124213_181.tiff,IMG_20260324_124213_181,Kruss,0,40X,841,537,YCT26,I-XII.TĂNG SẢN LÀNH TÍNH TUYẾN TIỀN LIỆT,Slide1-2,False,
IMG_20260324_124332_252.tiff,IMG_20260324_124332_252,Kruss,0,40X,842,537,YCT26,I-XII.TĂNG SẢN LÀNH TÍNH TUYẾN TIỀN LIỆT,Slide1-2,False,
IMG_20260324_124332_627.tiff,IMG_20260324_124332_627,Kruss,0,40X,843,537,YCT26,I-XII.TĂNG SẢN LÀNH TÍNH TUYẾN TIỀN LIỆT,Slide1-2,False,
IMG_20260324_124332_982.tiff,IMG_20260324_124332_982,Kruss,0,40X,844,537,YCT26,I-XII.TĂNG SẢN LÀNH TÍNH TUYẾN TIỀN LIỆT,Slide1-2,False,
IMG_20260324_124333_369.tiff,IMG_20260324_124333_369,Kruss,0,40X,845,537,YCT26,I-XII.TĂNG SẢN LÀNH TÍNH TUYẾN TIỀN LIỆT,Slide1-2,False,
IMG_20260324_124546_493.tiff,IMG_20260324_124546_493,Kruss,0,40X,846,537,YCT26,I-XII.TĂNG SẢN LÀNH TÍNH TUYẾN TIỀN LIỆT,Slide1-2,False,
IMG_20260324_124546_841.tiff,IMG_20260324_124546_841,Kruss,0,40X,847,537,YCT26,I-XII.TĂNG SẢN LÀNH TÍNH TUYẾN TIỀN LIỆT,Slide1-2,False,
IMG_20260324_124547_199.tiff,IMG_20260324_124547_199,Kruss,0,40X,848,537,YCT26,I-XII.TĂNG SẢN LÀNH TÍNH TUYẾN TIỀN LIỆT,Slide1-2,False,
IMG_20260324_124547_541.tiff,IMG_20260324_124547_541,Kruss,0,40X,849,537,YCT26,I-XII.TĂNG SẢN LÀNH TÍNH TUYẾN TIỀN LIỆT,Slide1-2,False,
IMG_20260324_124816_379.tiff,IMG_20260324_124816_379,Kruss,0,40X,850,537,YCT26,I-XII.TĂNG SẢN LÀNH TÍNH TUYẾN TIỀN LIỆT,Slide1-2,False,
IMG_20260324_124816_762.tiff,IMG_20260324_124816_762,Kruss,0,40X,851,537,YCT26,I-XII.TĂNG SẢN LÀNH TÍNH TUYẾN TIỀN LIỆT,Slide1-2,False,
IMG_20260324_124817_145.tiff,IMG_20260324_124817_145,Kruss,0,40X,852,537,YCT26,I-XII.TĂNG SẢN LÀNH TÍNH TUYẾN TIỀN LIỆT,Slide1-2,False,
IMG_20260324_124817_484.tiff,IMG_20260324_124817_484,Kruss,0,40X,853,537,YCT26,I-XII.TĂNG SẢN LÀNH TÍNH TUYẾN TIỀN LIỆT,Slide1-2,False,
IMG_20260324_125139_477.tiff,IMG_20260324_125139_477,Kruss,0,40X,854,537,YCT26,I-XII.TĂNG SẢN LÀNH TÍNH TUYẾN TIỀN LIỆT,Slide1-2,False,
IMG_20260324_125139_819.tiff,IMG_20260324_125139_819,Kruss,0,40X,855,537,YCT26,I-XII.TĂNG SẢN LÀNH TÍNH TUYẾN TIỀN LIỆT,Slide1-2,False,
IMG_20260324_125140_160.tiff,IMG_20260324_125140_160,Kruss,0,40X,856,537,YCT26,I-XII.TĂNG SẢN LÀNH TÍNH TUYẾN TIỀN LIỆT,Slide1-2,False,
IMG_20260324_125140_512.tiff,IMG_20260324_125140_512,Kruss,0,40X,857,537,YCT26,I-XII.TĂNG SẢN LÀNH TÍNH TUYẾN TIỀN LIỆT,Slide1-2,False,
IMG_20260324_125509_520.tiff,IMG_20260324_125509_520,Kruss,0,40X,858,537,YCT26,I-XII.TĂNG SẢN LÀNH TÍNH TUYẾN TIỀN LIỆT,Slide1-2,False,
IMG_20260324_125509_869.tiff,IMG_20260324_125509_869,Kruss,0,40X,859,537,YCT26,I-XII.TĂNG SẢN LÀNH TÍNH TUYẾN TIỀN LIỆT,Slide1-2,False,
IMG_20260324_125510_228.tiff,IMG_20260324_125510_228,Kruss,0,40X,860,537,YCT26,I-XII.TĂNG SẢN LÀNH TÍNH TUYẾN TIỀN LIỆT,Slide1-2,False,
IMG_20260324_125510_584.tiff,IMG_20260324_125510_584,Kruss,0,40X,861,537,YCT26,I-XII.TĂNG SẢN LÀNH TÍNH TUYẾN TIỀN LIỆT,Slide1-2,False,
IMG_20260327_161615_128.tiff,IMG_20260327_161615_128,Kruss,0,40X,2766,537,YCT26,I-XII.TĂNG SẢN LÀNH TÍNH TUYẾN TIỀN LIỆT ( PROSTATIC HYPERPLASIA ),Slide1-2,False,
IMG_20260327_161615_467.tiff,IMG_20260327_161615_467,Kruss,0,40X,2767,537,YCT26,I-XII.TĂNG SẢN LÀNH TÍNH TUYẾN TIỀN LIỆT ( PROSTATIC HYPERPLASIA ),Slide1-2,False,
IMG_20260327_161615_797.tiff,IMG_20260327_161615_797,Kruss,0,40X,2768,537,YCT26,I-XII.TĂNG SẢN LÀNH TÍNH TUYẾN TIỀN LIỆT ( PROSTATIC HYPERPLASIA ),Slide1-2,False,
IMG_20260327_161616_183.tiff,IMG_20260327_161616_183,Kruss,0,40X,2769,537,YCT26,I-XII.TĂNG SẢN LÀNH TÍNH TUYẾN TIỀN LIỆT ( PROSTATIC HYPERPLASIA ),Slide1-2,False,
IMG_20260327_161616_541.tiff,IMG_20260327_161616_541,Kruss,0,40X,2770,537,YCT26,I-XII.TĂNG SẢN LÀNH TÍNH TUYẾN TIỀN LIỆT ( PROSTATIC HYPERPLASIA ),Slide1-2,False,
IMG_20260327_161616_885.tiff,IMG_20260327_161616_885,Kruss,0,40X,2771,537,YCT26,I-XII.TĂNG SẢN LÀNH TÍNH TUYẾN TIỀN LIỆT ( PROSTATIC HYPERPLASIA ),Slide1-2,False,
IMG_20260327_161617_238.tiff,IMG_20260327_161617_238,Kruss,0,40X,2772,537,YCT26,I-XII.TĂNG SẢN LÀNH TÍNH TUYẾN TIỀN LIỆT ( PROSTATIC HYPERPLASIA ),Slide1-2,False,
IMG_20260327_161617_588.tiff,IMG_20260327_161617_588,Kruss,0,40X,2773,537,YCT26,I-XII.TĂNG SẢN LÀNH TÍNH TUYẾN TIỀN LIỆT ( PROSTATIC HYPERPLASIA ),Slide1-2,False,
IMG_20260327_161732_423.tiff,IMG_20260327_161732_423,Kruss,0,40X,2774,537,YCT26,I-XII.TĂNG SẢN LÀNH TÍNH TUYẾN TIỀN LIỆT ( PROSTATIC HYPERPLASIA ),Slide1-2,False,
IMG_20260327_161732_756.tiff,IMG_20260327_161732_756,Kruss,0,40X,2775,537,YCT26,I-XII.TĂNG SẢN LÀNH TÍNH TUYẾN TIỀN LIỆT ( PROSTATIC HYPERPLASIA ),Slide1-2,False,
IMG_20260327_161733_111.tiff,IMG_20260327_161733_111,Kruss,0,40X,2776,537,YCT26,I-XII.TĂNG SẢN LÀNH TÍNH TUYẾN TIỀN LIỆT ( PROSTATIC HYPERPLASIA ),Slide1-2,False,
IMG_20260327_161733_462.tiff,IMG_20260327_161733_462,Kruss,0,40X,2777,537,YCT26,I-XII.TĂNG SẢN LÀNH TÍNH TUYẾN TIỀN LIỆT ( PROSTATIC HYPERPLASIA ),Slide1-2,False,
IMG_20260327_161733_810.tiff,IMG_20260327_161733_810,Kruss,0,40X,2778,537,YCT26,I-XII.TĂNG SẢN LÀNH TÍNH TUYẾN TIỀN LIỆT ( PROSTATIC HYPERPLASIA ),Slide1-2,False,
IMG_20260327_161734_161.tiff,IMG_20260327_161734_161,Kruss,0,40X,2779,537,YCT26,I-XII.TĂNG SẢN LÀNH TÍNH TUYẾN TIỀN LIỆT ( PROSTATIC HYPERPLASIA ),Slide1-2,False,
IMG_20260327_161734_495.tiff,IMG_20260327_161734_495,Kruss,0,40X,2780,537,YCT26,I-XII.TĂNG SẢN LÀNH TÍNH TUYẾN TIỀN LIỆT ( PROSTATIC HYPERPLASIA ),Slide1-2,False,
IMG_20260327_161734_835.tiff,IMG_20260327_161734_835,Kruss,0,40X,2781,537,YCT26,I-XII.TĂNG SẢN LÀNH TÍNH TUYẾN TIỀN LIỆT ( PROSTATIC HYPERPLASIA ),Slide1-2,False,
IMG_20260327_161815_152.tiff,IMG_20260327_161815_152,Kruss,0,40X,2782,537,YCT26,I-XII.TĂNG SẢN LÀNH TÍNH TUYẾN TIỀN LIỆT ( PROSTATIC HYPERPLASIA ),Slide1-2,False,
IMG_20260327_161815_491.tiff,IMG_20260327_161815_491,Kruss,0,40X,2783,537,YCT26,I-XII.TĂNG SẢN LÀNH TÍNH TUYẾN TIỀN LIỆT ( PROSTATIC HYPERPLASIA ),Slide1-2,False,
IMG_20260324_122726_588.tiff,IMG_20260324_122726_588,Kruss,0,4X,807,537,YCT26,I-XII.TĂNG SẢN LÀNH TÍNH TUYẾN TIỀN LIỆT,Slide1-2,True,IMG_20260324_122726_588.tiff
IMG_20260324_122726_940.tiff,IMG_20260324_122726_940,Kruss,0,4X,808,537,YCT26,I-XII.TĂNG SẢN LÀNH TÍNH TUYẾN TIỀN LIỆT,Slide1-2,True,IMG_20260324_122726_940.tiff
IMG_20260324_122727_267.tiff,IMG_20260324_122727_267,Kruss,0,4X,809,537,YCT26,I-XII.TĂNG SẢN LÀNH TÍNH TUYẾN TIỀN LIỆT,Slide1-2,True,IMG_20260324_122727_267.tiff
IMG_20260324_122727_578.tiff,IMG_20260324_122727_578,Kruss,0,4X,810,537,YCT26,I-XII.TĂNG SẢN LÀNH TÍNH TUYẾN TIỀN LIỆT,Slide1-2,True,IMG_20260324_122727_578.tiff
IMG_20260324_122850_403.tiff,IMG_20260324_122850_403,Kruss,0,4X,811,537,YCT26,I-XII.TĂNG SẢN LÀNH TÍNH TUYẾN TIỀN LIỆT,Slide1-2,True,IMG_20260324_122850_403.tiff
IMG_20260324_122850_739.tiff,IMG_20260324_122850_739,Kruss,0,4X,812,537,YCT26,I-XII.TĂNG SẢN LÀNH TÍNH TUYẾN TIỀN LIỆT,Slide1-2,True,IMG_20260324_122850_739.tiff
IMG_20260324_122851_052.tiff,IMG_20260324_122851_052,Kruss,0,4X,813,537,YCT26,I-XII.TĂNG SẢN LÀNH TÍNH TUYẾN TIỀN LIỆT,Slide1-2,True,IMG_20260324_122851_052.tiff
IMG_20260324_122851_370.tiff,IMG_20260324_122851_370,Kruss,0,4X,814,537,YCT26,I-XII.TĂNG SẢN LÀNH TÍNH TUYẾN TIỀN LIỆT,Slide1-2,True,IMG_20260324_122851_370.tiff
IMG_20260324_122924_657.tiff,IMG_20260324_122924_657,Kruss,0,4X,815,537,YCT26,I-XII.TĂNG SẢN LÀNH TÍNH TUYẾN TIỀN LIỆT,Slide1-2,True,IMG_20260324_122924_657.tiff
IMG_20260324_122924_952.tiff,IMG_20260324_122924_952,Kruss,0,4X,816,537,YCT26,I-XII.TĂNG SẢN LÀNH TÍNH TUYẾN TIỀN LIỆT,Slide1-2,True,IMG_20260324_122924_952.tiff
IMG_20260327_161239_500.tiff,IMG_20260327_161239_500,Kruss,0,4X,2748,537,YCT26,I-XII.TĂNG SẢN LÀNH TÍNH TUYẾN TIỀN LIỆT ( PROSTATIC HYPERPLASIA ),Slide1-2,True,IMG_20260327_161239_500.tiff
IMG_20260327_161239_831.tiff,IMG_20260327_161239_831,Kruss,0,4X,2749,537,YCT26,I-XII.TĂNG SẢN LÀNH TÍNH TUYẾN TIỀN LIỆT ( PROSTATIC HYPERPLASIA ),Slide1-2,True,IMG_20260327_161239_831.tiff
IMG_20260327_161240_341.tiff,IMG_20260327_161240_341,Kruss,0,4X,2750,537,YCT26,I-XII.TĂNG SẢN LÀNH TÍNH TUYẾN TIỀN LIỆT ( PROSTATIC HYPERPLASIA ),Slide1-2,True,IMG_20260327_161240_341.tiff
IMG_20260327_161240_695.tiff,IMG_20260327_161240_695,Kruss,0,4X,2751,537,YCT26,I-XII.TĂNG SẢN LÀNH TÍNH TUYẾN TIỀN LIỆT ( PROSTATIC HYPERPLASIA ),Slide1-2,True,IMG_20260327_161240_695.tiff
IMG_20260327_161241_010.tiff,IMG_20260327_161241_010,Kruss,0,4X,2752,537,YCT26,I-XII.TĂNG SẢN LÀNH TÍNH TUYẾN TIỀN LIỆT ( PROSTATIC HYPERPLASIA ),Slide1-2,True,IMG_20260327_161241_010.tiff
IMG_20260327_161241_632.tiff,IMG_20260327_161241_632,Kruss,0,4X,2754,537,YCT26,I-XII.TĂNG SẢN LÀNH TÍNH TUYẾN TIỀN LIỆT ( PROSTATIC HYPERPLASIA ),Slide1-2,True,IMG_20260327_161241_632.tiff
IMG_20260324_144029_678.tiff,IMG_20260324_144029_678,Kruss,0,10X,1011,537,YCT26,I-XII.TĂNG SẢN LÀNH TÍNH TUYẾN TIỀN LIỆT,Slide11-12,False,
IMG_20260324_144030_076.tiff,IMG_20260324_144030_076,Kruss,0,10X,1012,537,YCT26,I-XII.TĂNG SẢN LÀNH TÍNH TUYẾN TIỀN LIỆT,Slide11-12,False,
IMG_20260324_144030_415.tiff,IMG_20260324_144030_415,Kruss,0,10X,1013,537,YCT26,I-XII.TĂNG SẢN LÀNH TÍNH TUYẾN TIỀN LIỆT,Slide11-12,False,
IMG_20260324_144030_745.tiff,IMG_20260324_144030_745,Kruss,0,10X,1014,537,YCT26,I-XII.TĂNG SẢN LÀNH TÍNH TUYẾN TIỀN LIỆT,Slide11-12,False,
IMG_20260324_144111_603.tiff,IMG_20260324_144111_603,Kruss,0,10X,1015,537,YCT26,I-XII.TĂNG SẢN LÀNH TÍNH TUYẾN TIỀN LIỆT,Slide11-12,False,
IMG_20260324_144111_951.tiff,IMG_20260324_144111_951,Kruss,0,10X,1016,537,YCT26,I-XII.TĂNG SẢN LÀNH TÍNH TUYẾN TIỀN LIỆT,Slide11-12,False,
IMG_20260327_165136_924.tiff,IMG_20260327_165136_924,Kruss,0,10X,2914,537,YCT26,I-XII.TĂNG SẢN LÀNH TÍNH TUYẾN TIỀN LIỆT ( PROSTATIC HYPERPLASIA ),Slide11-12,False,
IMG_20260327_165137_265.tiff,IMG_20260327_165137_265,Kruss,0,10X,2915,537,YCT26,I-XII.TĂNG SẢN LÀNH TÍNH TUYẾN TIỀN LIỆT ( PROSTATIC HYPERPLASIA ),Slide11-12,False,
IMG_20260327_165137_607.tiff,IMG_20260327_165137_607,Kruss,0,10X,2916,537,YCT26,I-XII.TĂNG SẢN LÀNH TÍNH TUYẾN TIỀN LIỆT ( PROSTATIC HYPERPLASIA ),Slide11-12,False,
IMG_20260327_165137_954.tiff,IMG_20260327_165137_954,Kruss,0,10X,2917,537,YCT26,I-XII.TĂNG SẢN LÀNH TÍNH TUYẾN TIỀN LIỆT ( PROSTATIC HYPERPLASIA ),Slide11-12,False,
IMG_20260324_144444_507.tiff,IMG_20260324_144444_507,Kruss,0,40X,1017,537,YCT26,I-XII.TĂNG SẢN LÀNH TÍNH TUYẾN TIỀN LIỆT,Slide11-12,False,
IMG_20260324_144445_000.tiff,IMG_20260324_144445_000,Kruss,0,40X,1018,537,YCT26,I-XII.TĂNG SẢN LÀNH TÍNH TUYẾN TIỀN LIỆT,Slide11-12,False,
IMG_20260324_144445_375.tiff,IMG_20260324_144445_375,Kruss,0,40X,1019,537,YCT26,I-XII.TĂNG SẢN LÀNH TÍNH TUYẾN TIỀN LIỆT,Slide11-12,False,
IMG_20260324_144445_725.tiff,IMG_20260324_144445_725,Kruss,0,40X,1020,537,YCT26,I-XII.TĂNG SẢN LÀNH TÍNH TUYẾN TIỀN LIỆT,Slide11-12,False,
IMG_20260324_144730_392.tiff,IMG_20260324_144730_392,Kruss,0,40X,1021,537,YCT26,I-XII.TĂNG SẢN LÀNH TÍNH TUYẾN TIỀN LIỆT,Slide11-12,False,
IMG_20260324_144730_746.tiff,IMG_20260324_144730_746,Kruss,0,40X,1022,537,YCT26,I-XII.TĂNG SẢN LÀNH TÍNH TUYẾN TIỀN LIỆT,Slide11-12,False,
IMG_20260324_144731_078.tiff,IMG_20260324_144731_078,Kruss,0,40X,1023,537,YCT26,I-XII.TĂNG SẢN LÀNH TÍNH TUYẾN TIỀN LIỆT,Slide11-12,False,
IMG_20260324_144731_429.tiff,IMG_20260324_144731_429,Kruss,0,40X,1024,537,YCT26,I-XII.TĂNG SẢN LÀNH TÍNH TUYẾN TIỀN LIỆT,Slide11-12,False,
IMG_20260324_144757_192.tiff,IMG_20260324_144757_192,Kruss,0,40X,1025,537,YCT26,I-XII.TĂNG SẢN LÀNH TÍNH TUYẾN TIỀN LIỆT,Slide11-12,False,
IMG_20260327_165356_960.tiff,IMG_20260327_165356_960,Kruss,0,40X,2919,537,YCT26,I-XII.TĂNG SẢN LÀNH TÍNH TUYẾN TIỀN LIỆT ( PROSTATIC HYPERPLASIA ),Slide11-12,False,
IMG_20260327_165357_302.tiff,IMG_20260327_165357_302,Kruss,0,40X,2920,537,YCT26,I-XII.TĂNG SẢN LÀNH TÍNH TUYẾN TIỀN LIỆT ( PROSTATIC HYPERPLASIA ),Slide11-12,False,
IMG_20260327_165357_624.tiff,IMG_20260327_165357_624,Kruss,0,40X,2921,537,YCT26,I-XII.TĂNG SẢN LÀNH TÍNH TUYẾN TIỀN LIỆT ( PROSTATIC HYPERPLASIA ),Slide11-12,False,
IMG_20260327_165357_936.tiff,IMG_20260327_165357_936,Kruss,0,40X,2922,537,YCT26,I-XII.TĂNG SẢN LÀNH TÍNH TUYẾN TIỀN LIỆT ( PROSTATIC HYPERPLASIA ),Slide11-12,False,
IMG_20260327_165358_286.tiff,IMG_20260327_165358_286,Kruss,0,40X,2923,537,YCT26,I-XII.TĂNG SẢN LÀNH TÍNH TUYẾN TIỀN LIỆT ( PROSTATIC HYPERPLASIA ),Slide11-12,False,
IMG_20260327_165358_634.tiff,IMG_20260327_165358_634,Kruss,0,40X,2924,537,YCT26,I-XII.TĂNG SẢN LÀNH TÍNH TUYẾN TIỀN LIỆT ( PROSTATIC HYPERPLASIA ),Slide11-12,False,
IMG_20260327_165358_980.tiff,IMG_20260327_165358_980,Kruss,0,40X,2925,537,YCT26,I-XII.TĂNG SẢN LÀNH TÍNH TUYẾN TIỀN LIỆT ( PROSTATIC HYPERPLASIA ),Slide11-12,False,
IMG_20260327_165359_336.tiff,IMG_20260327_165359_336,Kruss,0,40X,2926,537,YCT26,I-XII.TĂNG SẢN LÀNH TÍNH TUYẾN TIỀN LIỆT ( PROSTATIC HYPERPLASIA ),Slide11-12,False,
IMG_20260327_165418_686.tiff,IMG_20260327_165418_686,Kruss,0,40X,2927,537,YCT26,I-XII.TĂNG SẢN LÀNH TÍNH TUYẾN TIỀN LIỆT ( PROSTATIC HYPERPLASIA ),Slide11-12,False,
IMG_20260324_143709_644.tiff,IMG_20260324_143709_644,Kruss,0,4X,1009,537,YCT26,I-XII.TĂNG SẢN LÀNH TÍNH TUYẾN TIỀN LIỆT,Slide11-12,True,IMG_20260324_143709_644.tiff
IMG_20260324_143709_958.tiff,IMG_20260324_143709_958,Kruss,0,4X,1010,537,YCT26,I-XII.TĂNG SẢN LÀNH TÍNH TUYẾN TIỀN LIỆT,Slide11-12,True,IMG_20260324_143709_958.tiff
IMG_20260327_165046_076.tiff,IMG_20260327_165046_076,Kruss,0,4X,2912,537,YCT26,I-XII.TĂNG SẢN LÀNH TÍNH TUYẾN TIỀN LIỆT ( PROSTATIC HYPERPLASIA ),Slide11-12,True,IMG_20260327_165046_076.tiff
IMG_20260327_165046_395.tiff,IMG_20260327_165046_395,Kruss,0,4X,2913,537,YCT26,I-XII.TĂNG SẢN LÀNH TÍNH TUYẾN TIỀN LIỆT ( PROSTATIC HYPERPLASIA ),Slide11-12,True,IMG_20260327_165046_395.tiff
IMG_20260324_130450_245.tiff,IMG_20260324_130450_245,Kruss,0,10X,874,537,YCT26,I-XII.TĂNG SẢN LÀNH TÍNH TUYẾN TIỀN LIỆT,Slide3-4,False,
IMG_20260324_130450_592.tiff,IMG_20260324_130450_592,Kruss,0,10X,875,537,YCT26,I-XII.TĂNG SẢN LÀNH TÍNH TUYẾN TIỀN LIỆT,Slide3-4,False,
IMG_20260324_130450_937.tiff,IMG_20260324_130450_937,Kruss,0,10X,876,537,YCT26,I-XII.TĂNG SẢN LÀNH TÍNH TUYẾN TIỀN LIỆT,Slide3-4,False,
IMG_20260324_130451_273.tiff,IMG_20260324_130451_273,Kruss,0,10X,877,537,YCT26,I-XII.TĂNG SẢN LÀNH TÍNH TUYẾN TIỀN LIỆT,Slide3-4,False,
IMG_20260324_130606_531.tiff,IMG_20260324_130606_531,Kruss,0,10X,878,537,YCT26,I-XII.TĂNG SẢN LÀNH TÍNH TUYẾN TIỀN LIỆT,Slide3-4,False,
IMG_20260324_130606_864.tiff,IMG_20260324_130606_864,Kruss,0,10X,879,537,YCT26,I-XII.TĂNG SẢN LÀNH TÍNH TUYẾN TIỀN LIỆT,Slide3-4,False,
IMG_20260324_130607_228.tiff,IMG_20260324_130607_228,Kruss,0,10X,880,537,YCT26,I-XII.TĂNG SẢN LÀNH TÍNH TUYẾN TIỀN LIỆT,Slide3-4,False,
IMG_20260324_130607_588.tiff,IMG_20260324_130607_588,Kruss,0,10X,881,537,YCT26,I-XII.TĂNG SẢN LÀNH TÍNH TUYẾN TIỀN LIỆT,Slide3-4,False,
IMG_20260324_130704_415.tiff,IMG_20260324_130704_415,Kruss,0,10X,882,537,YCT26,I-XII.TĂNG SẢN LÀNH TÍNH TUYẾN TIỀN LIỆT,Slide3-4,False,
IMG_20260324_130704_747.tiff,IMG_20260324_130704_747,Kruss,0,10X,883,537,YCT26,I-XII.TĂNG SẢN LÀNH TÍNH TUYẾN TIỀN LIỆT,Slide3-4,False,
IMG_20260324_130705_077.tiff,IMG_20260324_130705_077,Kruss,0,10X,884,537,YCT26,I-XII.TĂNG SẢN LÀNH TÍNH TUYẾN TIỀN LIỆT,Slide3-4,False,
IMG_20260324_130705_437.tiff,IMG_20260324_130705_437,Kruss,0,10X,885,537,YCT26,I-XII.TĂNG SẢN LÀNH TÍNH TUYẾN TIỀN LIỆT,Slide3-4,False,
IMG_20260324_130838_551.tiff,IMG_20260324_130838_551,Kruss,0,10X,886,537,YCT26,I-XII.TĂNG SẢN LÀNH TÍNH TUYẾN TIỀN LIỆT,Slide3-4,False,
IMG_20260324_130838_868.tiff,IMG_20260324_130838_868,Kruss,0,10X,887,537,YCT26,I-XII.TĂNG SẢN LÀNH TÍNH TUYẾN TIỀN LIỆT,Slide3-4,False,
IMG_20260324_130839_190.tiff,IMG_20260324_130839_190,Kruss,0,10X,888,537,YCT26,I-XII.TĂNG SẢN LÀNH TÍNH TUYẾN TIỀN LIỆT,Slide3-4,False,
IMG_20260324_130839_552.tiff,IMG_20260324_130839_552,Kruss,0,10X,889,537,YCT26,I-XII.TĂNG SẢN LÀNH TÍNH TUYẾN TIỀN LIỆT,Slide3-4,False,
IMG_20260324_131006_923.tiff,IMG_20260324_131006_923,Kruss,0,10X,890,537,YCT26,I-XII.TĂNG SẢN LÀNH TÍNH TUYẾN TIỀN LIỆT,Slide3-4,False,
IMG_20260324_131007_223.tiff,IMG_20260324_131007_223,Kruss,0,10X,891,537,YCT26,I-XII.TĂNG SẢN LÀNH TÍNH TUYẾN TIỀN LIỆT,Slide3-4,False,
IMG_20260324_131007_536.tiff,IMG_20260324_131007_536,Kruss,0,10X,892,537,YCT26,I-XII.TĂNG SẢN LÀNH TÍNH TUYẾN TIỀN LIỆT,Slide3-4,False,
IMG_20260324_131007_856.tiff,IMG_20260324_131007_856,Kruss,0,10X,893,537,YCT26,I-XII.TĂNG SẢN LÀNH TÍNH TUYẾN TIỀN LIỆT,Slide3-4,False,
IMG_20260324_131117_774.tiff,IMG_20260324_131117_774,Kruss,0,10X,894,537,YCT26,I-XII.TĂNG SẢN LÀNH TÍNH TUYẾN TIỀN LIỆT,Slide3-4,False,
IMG_20260324_131118_080.tiff,IMG_20260324_131118_080,Kruss,0,10X,895,537,YCT26,I-XII.TĂNG SẢN LÀNH TÍNH TUYẾN TIỀN LIỆT,Slide3-4,False,
IMG_20260324_131118_412.tiff,IMG_20260324_131118_412,Kruss,0,10X,896,537,YCT26,I-XII.TĂNG SẢN LÀNH TÍNH TUYẾN TIỀN LIỆT,Slide3-4,False,
IMG_20260324_131118_822.tiff,IMG_20260324_131118_822,Kruss,0,10X,897,537,YCT26,I-XII.TĂNG SẢN LÀNH TÍNH TUYẾN TIỀN LIỆT,Slide3-4,False,
IMG_20260324_131157_068.tiff,IMG_20260324_131157_068,Kruss,0,10X,898,537,YCT26,I-XII.TĂNG SẢN LÀNH TÍNH TUYẾN TIỀN LIỆT,Slide3-4,False,
IMG_20260324_131157_376.tiff,IMG_20260324_131157_376,Kruss,0,10X,899,537,YCT26,I-XII.TĂNG SẢN LÀNH TÍNH TUYẾN TIỀN LIỆT,Slide3-4,False,
IMG_20260327_162152_753.tiff,IMG_20260327_162152_753,Kruss,0,10X,2793,537,YCT26,I-XII.TĂNG SẢN LÀNH TÍNH TUYẾN TIỀN LIỆT ( PROSTATIC HYPERPLASIA ),Slide3-4,False,
IMG_20260327_162153_084.tiff,IMG_20260327_162153_084,Kruss,0,10X,2794,537,YCT26,I-XII.TĂNG SẢN LÀNH TÍNH TUYẾN TIỀN LIỆT ( PROSTATIC HYPERPLASIA ),Slide3-4,False,
IMG_20260327_162153_720.tiff,IMG_20260327_162153_720,Kruss,0,10X,2796,537,YCT26,I-XII.TĂNG SẢN LÀNH TÍNH TUYẾN TIỀN LIỆT ( PROSTATIC HYPERPLASIA ),Slide3-4,False,
IMG_20260327_162154_028.tiff,IMG_20260327_162154_028,Kruss,0,10X,2797,537,YCT26,I-XII.TĂNG SẢN LÀNH TÍNH TUYẾN TIỀN LIỆT ( PROSTATIC HYPERPLASIA ),Slide3-4,False,
IMG_20260327_162154_382.tiff,IMG_20260327_162154_382,Kruss,0,10X,2798,537,YCT26,I-XII.TĂNG SẢN LÀNH TÍNH TUYẾN TIỀN LIỆT ( PROSTATIC HYPERPLASIA ),Slide3-4,False,
IMG_20260327_162154_711.tiff,IMG_20260327_162154_711,Kruss,0,10X,2799,537,YCT26,I-XII.TĂNG SẢN LÀNH TÍNH TUYẾN TIỀN LIỆT ( PROSTATIC HYPERPLASIA ),Slide3-4,False,
IMG_20260327_162155_011.tiff,IMG_20260327_162155_011,Kruss,0,10X,2800,537,YCT26,I-XII.TĂNG SẢN LÀNH TÍNH TUYẾN TIỀN LIỆT ( PROSTATIC HYPERPLASIA ),Slide3-4,False,
IMG_20260327_162244_760.tiff,IMG_20260327_162244_760,Kruss,0,10X,2801,537,YCT26,I-XII.TĂNG SẢN LÀNH TÍNH TUYẾN TIỀN LIỆT ( PROSTATIC HYPERPLASIA ),Slide3-4,False,
IMG_20260327_162245_104.tiff,IMG_20260327_162245_104,Kruss,0,10X,2802,537,YCT26,I-XII.TĂNG SẢN LÀNH TÍNH TUYẾN TIỀN LIỆT ( PROSTATIC HYPERPLASIA ),Slide3-4,False,
IMG_20260327_162245_440.tiff,IMG_20260327_162245_440,Kruss,0,10X,2803,537,YCT26,I-XII.TĂNG SẢN LÀNH TÍNH TUYẾN TIỀN LIỆT ( PROSTATIC HYPERPLASIA ),Slide3-4,False,
IMG_20260327_162245_806.tiff,IMG_20260327_162245_806,Kruss,0,10X,2804,537,YCT26,I-XII.TĂNG SẢN LÀNH TÍNH TUYẾN TIỀN LIỆT ( PROSTATIC HYPERPLASIA ),Slide3-4,False,
IMG_20260327_162246_143.tiff,IMG_20260327_162246_143,Kruss,0,10X,2805,537,YCT26,I-XII.TĂNG SẢN LÀNH TÍNH TUYẾN TIỀN LIỆT ( PROSTATIC HYPERPLASIA ),Slide3-4,False,
IMG_20260327_162246_471.tiff,IMG_20260327_162246_471,Kruss,0,10X,2806,537,YCT26,I-XII.TĂNG SẢN LÀNH TÍNH TUYẾN TIỀN LIỆT ( PROSTATIC HYPERPLASIA ),Slide3-4,False,
IMG_20260327_162246_822.tiff,IMG_20260327_162246_822,Kruss,0,10X,2807,537,YCT26,I-XII.TĂNG SẢN LÀNH TÍNH TUYẾN TIỀN LIỆT ( PROSTATIC HYPERPLASIA ),Slide3-4,False,
IMG_20260327_162247_141.tiff,IMG_20260327_162247_141,Kruss,0,10X,2808,537,YCT26,I-XII.TĂNG SẢN LÀNH TÍNH TUYẾN TIỀN LIỆT ( PROSTATIC HYPERPLASIA ),Slide3-4,False,
IMG_20260327_162254_963.tiff,IMG_20260327_162254_963,Kruss,0,10X,2809,537,YCT26,I-XII.TĂNG SẢN LÀNH TÍNH TUYẾN TIỀN LIỆT ( PROSTATIC HYPERPLASIA ),Slide3-4,False,
IMG_20260324_131623_544.tiff,IMG_20260324_131623_544,Kruss,0,40X,900,537,YCT26,I-XII.TĂNG SẢN LÀNH TÍNH TUYẾN TIỀN LIỆT,Slide3-4,False,
IMG_20260324_131623_886.tiff,IMG_20260324_131623_886,Kruss,0,40X,901,537,YCT26,I-XII.TĂNG SẢN LÀNH TÍNH TUYẾN TIỀN LIỆT,Slide3-4,False,
IMG_20260324_131624_238.tiff,IMG_20260324_131624_238,Kruss,0,40X,902,537,YCT26,I-XII.TĂNG SẢN LÀNH TÍNH TUYẾN TIỀN LIỆT,Slide3-4,False,
IMG_20260324_131624_586.tiff,IMG_20260324_131624_586,Kruss,0,40X,903,537,YCT26,I-XII.TĂNG SẢN LÀNH TÍNH TUYẾN TIỀN LIỆT,Slide3-4,False,
IMG_20260324_132254_340.tiff,IMG_20260324_132254_340,Kruss,0,40X,904,537,YCT26,I-XII.TĂNG SẢN LÀNH TÍNH TUYẾN TIỀN LIỆT,Slide3-4,False,
IMG_20260324_132254_720.tiff,IMG_20260324_132254_720,Kruss,0,40X,905,537,YCT26,I-XII.TĂNG SẢN LÀNH TÍNH TUYẾN TIỀN LIỆT,Slide3-4,False,
IMG_20260324_132255_059.tiff,IMG_20260324_132255_059,Kruss,0,40X,906,537,YCT26,I-XII.TĂNG SẢN LÀNH TÍNH TUYẾN TIỀN LIỆT,Slide3-4,False,
IMG_20260324_132255_422.tiff,IMG_20260324_132255_422,Kruss,0,40X,907,537,YCT26,I-XII.TĂNG SẢN LÀNH TÍNH TUYẾN TIỀN LIỆT,Slide3-4,False,
IMG_20260324_132515_729.tiff,IMG_20260324_132515_729,Kruss,0,40X,908,537,YCT26,I-XII.TĂNG SẢN LÀNH TÍNH TUYẾN TIỀN LIỆT,Slide3-4,False,
IMG_20260324_132516_069.tiff,IMG_20260324_132516_069,Kruss,0,40X,909,537,YCT26,I-XII.TĂNG SẢN LÀNH TÍNH TUYẾN TIỀN LIỆT,Slide3-4,False,
IMG_20260324_132516_409.tiff,IMG_20260324_132516_409,Kruss,0,40X,910,537,YCT26,I-XII.TĂNG SẢN LÀNH TÍNH TUYẾN TIỀN LIỆT,Slide3-4,False,
IMG_20260324_132516_787.tiff,IMG_20260324_132516_787,Kruss,0,40X,911,537,YCT26,I-XII.TĂNG SẢN LÀNH TÍNH TUYẾN TIỀN LIỆT,Slide3-4,False,
IMG_20260324_132822_641.tiff,IMG_20260324_132822_641,Kruss,0,40X,912,537,YCT26,I-XII.TĂNG SẢN LÀNH TÍNH TUYẾN TIỀN LIỆT,Slide3-4,False,
IMG_20260324_132822_994.tiff,IMG_20260324_132822_994,Kruss,0,40X,913,537,YCT26,I-XII.TĂNG SẢN LÀNH TÍNH TUYẾN TIỀN LIỆT,Slide3-4,False,
IMG_20260324_132823_346.tiff,IMG_20260324_132823_346,Kruss,0,40X,914,537,YCT26,I-XII.TĂNG SẢN LÀNH TÍNH TUYẾN TIỀN LIỆT,Slide3-4,False,
IMG_20260324_132823_715.tiff,IMG_20260324_132823_715,Kruss,0,40X,915,537,YCT26,I-XII.TĂNG SẢN LÀNH TÍNH TUYẾN TIỀN LIỆT,Slide3-4,False,
IMG_20260324_132949_055.tiff,IMG_20260324_132949_055,Kruss,0,40X,916,537,YCT26,I-XII.TĂNG SẢN LÀNH TÍNH TUYẾN TIỀN LIỆT,Slide3-4,False,
IMG_20260324_132949_443.tiff,IMG_20260324_132949_443,Kruss,0,40X,917,537,YCT26,I-XII.TĂNG SẢN LÀNH TÍNH TUYẾN TIỀN LIỆT,Slide3-4,False,
IMG_20260324_132949_821.tiff,IMG_20260324_132949_821,Kruss,0,40X,918,537,YCT26,I-XII.TĂNG SẢN LÀNH TÍNH TUYẾN TIỀN LIỆT,Slide3-4,False,
IMG_20260324_132950_186.tiff,IMG_20260324_132950_186,Kruss,0,40X,919,537,YCT26,I-XII.TĂNG SẢN LÀNH TÍNH TUYẾN TIỀN LIỆT,Slide3-4,False,
IMG_20260324_133224_620.tiff,IMG_20260324_133224_620,Kruss,0,40X,920,537,YCT26,I-XII.TĂNG SẢN LÀNH TÍNH TUYẾN TIỀN LIỆT,Slide3-4,False,
IMG_20260324_133224_997.tiff,IMG_20260324_133224_997,Kruss,0,40X,921,537,YCT26,I-XII.TĂNG SẢN LÀNH TÍNH TUYẾN TIỀN LIỆT,Slide3-4,False,
IMG_20260324_133225_349.tiff,IMG_20260324_133225_349,Kruss,0,40X,922,537,YCT26,I-XII.TĂNG SẢN LÀNH TÍNH TUYẾN TIỀN LIỆT,Slide3-4,False,
IMG_20260324_133225_721.tiff,IMG_20260324_133225_721,Kruss,0,40X,923,537,YCT26,I-XII.TĂNG SẢN LÀNH TÍNH TUYẾN TIỀN LIỆT,Slide3-4,False,
IMG_20260324_133514_655.tiff,IMG_20260324_133514_655,Kruss,0,40X,924,537,YCT26,I-XII.TĂNG SẢN LÀNH TÍNH TUYẾN TIỀN LIỆT,Slide3-4,False,
IMG_20260324_133515_007.tiff,IMG_20260324_133515_007,Kruss,0,40X,925,537,YCT26,I-XII.TĂNG SẢN LÀNH TÍNH TUYẾN TIỀN LIỆT,Slide3-4,False,
IMG_20260324_133515_365.tiff,IMG_20260324_133515_365,Kruss,0,40X,926,537,YCT26,I-XII.TĂNG SẢN LÀNH TÍNH TUYẾN TIỀN LIỆT,Slide3-4,False,
IMG_20260324_133515_721.tiff,IMG_20260324_133515_721,Kruss,0,40X,927,537,YCT26,I-XII.TĂNG SẢN LÀNH TÍNH TUYẾN TIỀN LIỆT,Slide3-4,False,
IMG_20260324_133656_369.tiff,IMG_20260324_133656_369,Kruss,0,40X,928,537,YCT26,I-XII.TĂNG SẢN LÀNH TÍNH TUYẾN TIỀN LIỆT,Slide3-4,False,
IMG_20260324_133656_740.tiff,IMG_20260324_133656_740,Kruss,0,40X,929,537,YCT26,I-XII.TĂNG SẢN LÀNH TÍNH TUYẾN TIỀN LIỆT,Slide3-4,False,
IMG_20260324_133657_062.tiff,IMG_20260324_133657_062,Kruss,0,40X,930,537,YCT26,I-XII.TĂNG SẢN LÀNH TÍNH TUYẾN TIỀN LIỆT,Slide3-4,False,
IMG_20260324_133657_414.tiff,IMG_20260324_133657_414,Kruss,0,40X,931,537,YCT26,I-XII.TĂNG SẢN LÀNH TÍNH TUYẾN TIỀN LIỆT,Slide3-4,False,
IMG_20260324_133834_792.tiff,IMG_20260324_133834_792,Kruss,0,40X,932,537,YCT26,I-XII.TĂNG SẢN LÀNH TÍNH TUYẾN TIỀN LIỆT,Slide3-4,False,
IMG_20260324_133835_144.tiff,IMG_20260324_133835_144,Kruss,0,40X,933,537,YCT26,I-XII.TĂNG SẢN LÀNH TÍNH TUYẾN TIỀN LIỆT,Slide3-4,False,
IMG_20260324_133835_489.tiff,IMG_20260324_133835_489,Kruss,0,40X,934,537,YCT26,I-XII.TĂNG SẢN LÀNH TÍNH TUYẾN TIỀN LIỆT,Slide3-4,False,
IMG_20260324_133835_832.tiff,IMG_20260324_133835_832,Kruss,0,40X,935,537,YCT26,I-XII.TĂNG SẢN LÀNH TÍNH TUYẾN TIỀN LIỆT,Slide3-4,False,
IMG_20260324_134008_794.tiff,IMG_20260324_134008_794,Kruss,0,40X,936,537,YCT26,I-XII.TĂNG SẢN LÀNH TÍNH TUYẾN TIỀN LIỆT,Slide3-4,False,
IMG_20260324_134009_145.tiff,IMG_20260324_134009_145,Kruss,0,40X,937,537,YCT26,I-XII.TĂNG SẢN LÀNH TÍNH TUYẾN TIỀN LIỆT,Slide3-4,False,
IMG_20260327_162436_967.tiff,IMG_20260327_162436_967,Kruss,0,40X,2810,537,YCT26,I-XII.TĂNG SẢN LÀNH TÍNH TUYẾN TIỀN LIỆT ( PROSTATIC HYPERPLASIA ),Slide3-4,False,
IMG_20260327_162437_332.tiff,IMG_20260327_162437_332,Kruss,0,40X,2811,537,YCT26,I-XII.TĂNG SẢN LÀNH TÍNH TUYẾN TIỀN LIỆT ( PROSTATIC HYPERPLASIA ),Slide3-4,False,
IMG_20260327_162437_701.tiff,IMG_20260327_162437_701,Kruss,0,40X,2812,537,YCT26,I-XII.TĂNG SẢN LÀNH TÍNH TUYẾN TIỀN LIỆT ( PROSTATIC HYPERPLASIA ),Slide3-4,False,
IMG_20260327_162438_081.tiff,IMG_20260327_162438_081,Kruss,0,40X,2813,537,YCT26,I-XII.TĂNG SẢN LÀNH TÍNH TUYẾN TIỀN LIỆT ( PROSTATIC HYPERPLASIA ),Slide3-4,False,
IMG_20260327_162438_445.tiff,IMG_20260327_162438_445,Kruss,0,40X,2814,537,YCT26,I-XII.TĂNG SẢN LÀNH TÍNH TUYẾN TIỀN LIỆT ( PROSTATIC HYPERPLASIA ),Slide3-4,False,
IMG_20260327_162438_782.tiff,IMG_20260327_162438_782,Kruss,0,40X,2815,537,YCT26,I-XII.TĂNG SẢN LÀNH TÍNH TUYẾN TIỀN LIỆT ( PROSTATIC HYPERPLASIA ),Slide3-4,False,
IMG_20260327_162439_140.tiff,IMG_20260327_162439_140,Kruss,0,40X,2816,537,YCT26,I-XII.TĂNG SẢN LÀNH TÍNH TUYẾN TIỀN LIỆT ( PROSTATIC HYPERPLASIA ),Slide3-4,False,
IMG_20260327_162439_501.tiff,IMG_20260327_162439_501,Kruss,0,40X,2817,537,YCT26,I-XII.TĂNG SẢN LÀNH TÍNH TUYẾN TIỀN LIỆT ( PROSTATIC HYPERPLASIA ),Slide3-4,False,
IMG_20260327_162603_426.tiff,IMG_20260327_162603_426,Kruss,0,40X,2818,537,YCT26,I-XII.TĂNG SẢN LÀNH TÍNH TUYẾN TIỀN LIỆT ( PROSTATIC HYPERPLASIA ),Slide3-4,False,
IMG_20260327_162603_751.tiff,IMG_20260327_162603_751,Kruss,0,40X,2819,537,YCT26,I-XII.TĂNG SẢN LÀNH TÍNH TUYẾN TIỀN LIỆT ( PROSTATIC HYPERPLASIA ),Slide3-4,False,
IMG_20260327_162604_110.tiff,IMG_20260327_162604_110,Kruss,0,40X,2820,537,YCT26,I-XII.TĂNG SẢN LÀNH TÍNH TUYẾN TIỀN LIỆT ( PROSTATIC HYPERPLASIA ),Slide3-4,False,
IMG_20260327_162604_460.tiff,IMG_20260327_162604_460,Kruss,0,40X,2821,537,YCT26,I-XII.TĂNG SẢN LÀNH TÍNH TUYẾN TIỀN LIỆT ( PROSTATIC HYPERPLASIA ),Slide3-4,False,
IMG_20260327_162604_806.tiff,IMG_20260327_162604_806,Kruss,0,40X,2822,537,YCT26,I-XII.TĂNG SẢN LÀNH TÍNH TUYẾN TIỀN LIỆT ( PROSTATIC HYPERPLASIA ),Slide3-4,False,
IMG_20260327_162605_165.tiff,IMG_20260327_162605_165,Kruss,0,40X,2823,537,YCT26,I-XII.TĂNG SẢN LÀNH TÍNH TUYẾN TIỀN LIỆT ( PROSTATIC HYPERPLASIA ),Slide3-4,False,
IMG_20260327_162605_527.tiff,IMG_20260327_162605_527,Kruss,0,40X,2824,537,YCT26,I-XII.TĂNG SẢN LÀNH TÍNH TUYẾN TIỀN LIỆT ( PROSTATIC HYPERPLASIA ),Slide3-4,False,
IMG_20260327_162605_867.tiff,IMG_20260327_162605_867,Kruss,0,40X,2825,537,YCT26,I-XII.TĂNG SẢN LÀNH TÍNH TUYẾN TIỀN LIỆT ( PROSTATIC HYPERPLASIA ),Slide3-4,False,
IMG_20260327_162659_010.tiff,IMG_20260327_162659_010,Kruss,0,40X,2826,537,YCT26,I-XII.TĂNG SẢN LÀNH TÍNH TUYẾN TIỀN LIỆT ( PROSTATIC HYPERPLASIA ),Slide3-4,False,
IMG_20260327_162659_355.tiff,IMG_20260327_162659_355,Kruss,0,40X,2827,537,YCT26,I-XII.TĂNG SẢN LÀNH TÍNH TUYẾN TIỀN LIỆT ( PROSTATIC HYPERPLASIA ),Slide3-4,False,
IMG_20260327_162659_699.tiff,IMG_20260327_162659_699,Kruss,0,40X,2828,537,YCT26,I-XII.TĂNG SẢN LÀNH TÍNH TUYẾN TIỀN LIỆT ( PROSTATIC HYPERPLASIA ),Slide3-4,False,
IMG_20260327_162700_069.tiff,IMG_20260327_162700_069,Kruss,0,40X,2829,537,YCT26,I-XII.TĂNG SẢN LÀNH TÍNH TUYẾN TIỀN LIỆT ( PROSTATIC HYPERPLASIA ),Slide3-4,False,
IMG_20260327_162700_433.tiff,IMG_20260327_162700_433,Kruss,0,40X,2830,537,YCT26,I-XII.TĂNG SẢN LÀNH TÍNH TUYẾN TIỀN LIỆT ( PROSTATIC HYPERPLASIA ),Slide3-4,False,
IMG_20260327_162700_797.tiff,IMG_20260327_162700_797,Kruss,0,40X,2831,537,YCT26,I-XII.TĂNG SẢN LÀNH TÍNH TUYẾN TIỀN LIỆT ( PROSTATIC HYPERPLASIA ),Slide3-4,False,
IMG_20260327_162701_214.tiff,IMG_20260327_162701_214,Kruss,0,40X,2832,537,YCT26,I-XII.TĂNG SẢN LÀNH TÍNH TUYẾN TIỀN LIỆT ( PROSTATIC HYPERPLASIA ),Slide3-4,False,
IMG_20260327_162701_558.tiff,IMG_20260327_162701_558,Kruss,0,40X,2833,537,YCT26,I-XII.TĂNG SẢN LÀNH TÍNH TUYẾN TIỀN LIỆT ( PROSTATIC HYPERPLASIA ),Slide3-4,False,
IMG_20260327_162826_658.tiff,IMG_20260327_162826_658,Kruss,0,40X,2834,537,YCT26,I-XII.TĂNG SẢN LÀNH TÍNH TUYẾN TIỀN LIỆT ( PROSTATIC HYPERPLASIA ),Slide3-4,False,
IMG_20260327_162827_021.tiff,IMG_20260327_162827_021,Kruss,0,40X,2835,537,YCT26,I-XII.TĂNG SẢN LÀNH TÍNH TUYẾN TIỀN LIỆT ( PROSTATIC HYPERPLASIA ),Slide3-4,False,
IMG_20260327_162827_372.tiff,IMG_20260327_162827_372,Kruss,0,40X,2836,537,YCT26,I-XII.TĂNG SẢN LÀNH TÍNH TUYẾN TIỀN LIỆT ( PROSTATIC HYPERPLASIA ),Slide3-4,False,
IMG_20260327_162827_731.tiff,IMG_20260327_162827_731,Kruss,0,40X,2837,537,YCT26,I-XII.TĂNG SẢN LÀNH TÍNH TUYẾN TIỀN LIỆT ( PROSTATIC HYPERPLASIA ),Slide3-4,False,
IMG_20260327_162828_087.tiff,IMG_20260327_162828_087,Kruss,0,40X,2838,537,YCT26,I-XII.TĂNG SẢN LÀNH TÍNH TUYẾN TIỀN LIỆT ( PROSTATIC HYPERPLASIA ),Slide3-4,False,
IMG_20260327_162828_457.tiff,IMG_20260327_162828_457,Kruss,0,40X,2839,537,YCT26,I-XII.TĂNG SẢN LÀNH TÍNH TUYẾN TIỀN LIỆT ( PROSTATIC HYPERPLASIA ),Slide3-4,False,
IMG_20260327_162828_813.tiff,IMG_20260327_162828_813,Kruss,0,40X,2840,537,YCT26,I-XII.TĂNG SẢN LÀNH TÍNH TUYẾN TIỀN LIỆT ( PROSTATIC HYPERPLASIA ),Slide3-4,False,
IMG_20260327_162829_178.tiff,IMG_20260327_162829_178,Kruss,0,40X,2841,537,YCT26,I-XII.TĂNG SẢN LÀNH TÍNH TUYẾN TIỀN LIỆT ( PROSTATIC HYPERPLASIA ),Slide3-4,False,
IMG_20260327_162950_908.tiff,IMG_20260327_162950_908,Kruss,0,40X,2842,537,YCT26,I-XII.TĂNG SẢN LÀNH TÍNH TUYẾN TIỀN LIỆT ( PROSTATIC HYPERPLASIA ),Slide3-4,False,
IMG_20260327_162951_238.tiff,IMG_20260327_162951_238,Kruss,0,40X,2843,537,YCT26,I-XII.TĂNG SẢN LÀNH TÍNH TUYẾN TIỀN LIỆT ( PROSTATIC HYPERPLASIA ),Slide3-4,False,
IMG_20260327_162951_573.tiff,IMG_20260327_162951_573,Kruss,0,40X,2844,537,YCT26,I-XII.TĂNG SẢN LÀNH TÍNH TUYẾN TIỀN LIỆT ( PROSTATIC HYPERPLASIA ),Slide3-4,False,
IMG_20260327_162951_921.tiff,IMG_20260327_162951_921,Kruss,0,40X,2845,537,YCT26,I-XII.TĂNG SẢN LÀNH TÍNH TUYẾN TIỀN LIỆT ( PROSTATIC HYPERPLASIA ),Slide3-4,False,
IMG_20260327_162952_254.tiff,IMG_20260327_162952_254,Kruss,0,40X,2846,537,YCT26,I-XII.TĂNG SẢN LÀNH TÍNH TUYẾN TIỀN LIỆT ( PROSTATIC HYPERPLASIA ),Slide3-4,False,
IMG_20260327_162952_609.tiff,IMG_20260327_162952_609,Kruss,0,40X,2847,537,YCT26,I-XII.TĂNG SẢN LÀNH TÍNH TUYẾN TIỀN LIỆT ( PROSTATIC HYPERPLASIA ),Slide3-4,False,
IMG_20260327_162952_959.tiff,IMG_20260327_162952_959,Kruss,0,40X,2848,537,YCT26,I-XII.TĂNG SẢN LÀNH TÍNH TUYẾN TIỀN LIỆT ( PROSTATIC HYPERPLASIA ),Slide3-4,False,
IMG_20260327_162953_315.tiff,IMG_20260327_162953_315,Kruss,0,40X,2849,537,YCT26,I-XII.TĂNG SẢN LÀNH TÍNH TUYẾN TIỀN LIỆT ( PROSTATIC HYPERPLASIA ),Slide3-4,False,
IMG_20260324_125951_622.tiff,IMG_20260324_125951_622,Kruss,0,4X,862,537,YCT26,I-XII.TĂNG SẢN LÀNH TÍNH TUYẾN TIỀN LIỆT,Slide3-4,True,IMG_20260324_125951_622.tiff
IMG_20260324_125951_948.tiff,IMG_20260324_125951_948,Kruss,0,4X,863,537,YCT26,I-XII.TĂNG SẢN LÀNH TÍNH TUYẾN TIỀN LIỆT,Slide3-4,True,IMG_20260324_125951_948.tiff
IMG_20260324_125952_268.tiff,IMG_20260324_125952_268,Kruss,0,4X,864,537,YCT26,I-XII.TĂNG SẢN LÀNH TÍNH TUYẾN TIỀN LIỆT,Slide3-4,True,IMG_20260324_125952_268.tiff
IMG_20260324_125952_596.tiff,IMG_20260324_125952_596,Kruss,0,4X,865,537,YCT26,I-XII.TĂNG SẢN LÀNH TÍNH TUYẾN TIỀN LIỆT,Slide3-4,True,IMG_20260324_125952_596.tiff
IMG_20260324_130135_901.tiff,IMG_20260324_130135_901,Kruss,0,4X,866,537,YCT26,I-XII.TĂNG SẢN LÀNH TÍNH TUYẾN TIỀN LIỆT,Slide3-4,True,IMG_20260324_130135_901.tiff
IMG_20260324_130136_219.tiff,IMG_20260324_130136_219,Kruss,0,4X,867,537,YCT26,I-XII.TĂNG SẢN LÀNH TÍNH TUYẾN TIỀN LIỆT,Slide3-4,True,IMG_20260324_130136_219.tiff
IMG_20260324_130136_567.tiff,IMG_20260324_130136_567,Kruss,0,4X,868,537,YCT26,I-XII.TĂNG SẢN LÀNH TÍNH TUYẾN TIỀN LIỆT,Slide3-4,True,IMG_20260324_130136_567.tiff
IMG_20260324_130136_880.tiff,IMG_20260324_130136_880,Kruss,0,4X,869,537,YCT26,I-XII.TĂNG SẢN LÀNH TÍNH TUYẾN TIỀN LIỆT,Slide3-4,True,IMG_20260324_130136_880.tiff
IMG_20260324_130306_065.tiff,IMG_20260324_130306_065,Kruss,0,4X,870,537,YCT26,I-XII.TĂNG SẢN LÀNH TÍNH TUYẾN TIỀN LIỆT,Slide3-4,True,IMG_20260324_130306_065.tiff
IMG_20260324_130306_382.tiff,IMG_20260324_130306_382,Kruss,0,4X,871,537,YCT26,I-XII.TĂNG SẢN LÀNH TÍNH TUYẾN TIỀN LIỆT,Slide3-4,True,IMG_20260324_130306_382.tiff
IMG_20260324_130306_694.tiff,IMG_20260324_130306_694,Kruss,0,4X,872,537,YCT26,I-XII.TĂNG SẢN LÀNH TÍNH TUYẾN TIỀN LIỆT,Slide3-4,True,IMG_20260324_130306_694.tiff
IMG_20260324_130306_991.tiff,IMG_20260324_130306_991,Kruss,0,4X,873,537,YCT26,I-XII.TĂNG SẢN LÀNH TÍNH TUYẾN TIỀN LIỆT,Slide3-4,True,IMG_20260324_130306_991.tiff
IMG_20260327_162017_557.tiff,IMG_20260327_162017_557,Kruss,0,4X,2786,537,YCT26,I-XII.TĂNG SẢN LÀNH TÍNH TUYẾN TIỀN LIỆT ( PROSTATIC HYPERPLASIA ),Slide3-4,True,IMG_20260327_162017_557.tiff
IMG_20260327_162017_881.tiff,IMG_20260327_162017_881,Kruss,0,4X,2787,537,YCT26,I-XII.TĂNG SẢN LÀNH TÍNH TUYẾN TIỀN LIỆT ( PROSTATIC HYPERPLASIA ),Slide3-4,True,IMG_20260327_162017_881.tiff
IMG_20260327_162018_181.tiff,IMG_20260327_162018_181,Kruss,0,4X,2788,537,YCT26,I-XII.TĂNG SẢN LÀNH TÍNH TUYẾN TIỀN LIỆT ( PROSTATIC HYPERPLASIA ),Slide3-4,True,IMG_20260327_162018_181.tiff
IMG_20260327_162018_511.tiff,IMG_20260327_162018_511,Kruss,0,4X,2789,537,YCT26,I-XII.TĂNG SẢN LÀNH TÍNH TUYẾN TIỀN LIỆT ( PROSTATIC HYPERPLASIA ),Slide3-4,True,IMG_20260327_162018_511.tiff
IMG_20260327_162018_845.tiff,IMG_20260327_162018_845,Kruss,0,4X,2790,537,YCT26,I-XII.TĂNG SẢN LÀNH TÍNH TUYẾN TIỀN LIỆT ( PROSTATIC HYPERPLASIA ),Slide3-4,True,IMG_20260327_162018_845.tiff
IMG_20260327_162019_175.tiff,IMG_20260327_162019_175,Kruss,0,4X,2791,537,YCT26,I-XII.TĂNG SẢN LÀNH TÍNH TUYẾN TIỀN LIỆT ( PROSTATIC HYPERPLASIA ),Slide3-4,True,IMG_20260327_162019_175.tiff
IMG_20260327_162036_117.tiff,IMG_20260327_162036_117,Kruss,0,4X,2792,537,YCT26,I-XII.TĂNG SẢN LÀNH TÍNH TUYẾN TIỀN LIỆT ( PROSTATIC HYPERPLASIA ),Slide3-4,True,IMG_20260327_162036_117.tiff
IMG_20260324_134847_363.tiff,IMG_20260324_134847_363,Kruss,0,10X,939,537,YCT26,I-XII.TĂNG SẢN LÀNH TÍNH TUYẾN TIỀN LIỆT,Slide5-6,False,
IMG_20260327_163623_041.tiff,IMG_20260327_163623_041,Kruss,0,10X,2851,537,YCT26,I-XII.TĂNG SẢN LÀNH TÍNH TUYẾN TIỀN LIỆT ( PROSTATIC HYPERPLASIA ),Slide5-6,False,
IMG_20260324_135017_563.tiff,IMG_20260324_135017_563,Kruss,0,40X,940,537,YCT26,I-XII.TĂNG SẢN LÀNH TÍNH TUYẾN TIỀN LIỆT,Slide5-6,False,
IMG_20260324_135017_933.tiff,IMG_20260324_135017_933,Kruss,0,40X,941,537,YCT26,I-XII.TĂNG SẢN LÀNH TÍNH TUYẾN TIỀN LIỆT,Slide5-6,False,
IMG_20260324_135018_286.tiff,IMG_20260324_135018_286,Kruss,0,40X,942,537,YCT26,I-XII.TĂNG SẢN LÀNH TÍNH TUYẾN TIỀN LIỆT,Slide5-6,False,
IMG_20260327_163703_165.tiff,IMG_20260327_163703_165,Kruss,0,40X,2852,537,YCT26,I-XII.TĂNG SẢN LÀNH TÍNH TUYẾN TIỀN LIỆT ( PROSTATIC HYPERPLASIA ),Slide5-6,False,
IMG_20260327_163703_515.tiff,IMG_20260327_163703_515,Kruss,0,40X,2853,537,YCT26,I-XII.TĂNG SẢN LÀNH TÍNH TUYẾN TIỀN LIỆT ( PROSTATIC HYPERPLASIA ),Slide5-6,False,
IMG_20260327_163703_866.tiff,IMG_20260327_163703_866,Kruss,0,40X,2854,537,YCT26,I-XII.TĂNG SẢN LÀNH TÍNH TUYẾN TIỀN LIỆT ( PROSTATIC HYPERPLASIA ),Slide5-6,False,
IMG_20260324_134622_454.tiff,IMG_20260324_134622_454,Kruss,0,4X,938,537,YCT26,I-XII.TĂNG SẢN LÀNH TÍNH TUYẾN TIỀN LIỆT,Slide5-6,True,IMG_20260324_134622_454.tiff
IMG_20260327_163541_490.tiff,IMG_20260327_163541_490,Kruss,0,4X,2850,537,YCT26,I-XII.TĂNG SẢN LÀNH TÍNH TUYẾN TIỀN LIỆT ( PROSTATIC HYPERPLASIA ),Slide5-6,True,IMG_20260327_163541_490.tiff
IMG_20260324_140242_044.tiff,IMG_20260324_140242_044,Kruss,0,10X,950,537,YCT26,I-XII.TĂNG SẢN LÀNH TÍNH TUYẾN TIỀN LIỆT,Slide7-8,False,
IMG_20260324_140242_694.tiff,IMG_20260324_140242_694,Kruss,0,10X,952,537,YCT26,I-XII.TĂNG SẢN LÀNH TÍNH TUYẾN TIỀN LIỆT,Slide7-8,False,
IMG_20260324_140242_996.tiff,IMG_20260324_140242_996,Kruss,0,10X,953,537,YCT26,I-XII.TĂNG SẢN LÀNH TÍNH TUYẾN TIỀN LIỆT,Slide7-8,False,
IMG_20260324_140359_599.tiff,IMG_20260324_140359_599,Kruss,0,10X,954,537,YCT26,I-XII.TĂNG SẢN LÀNH TÍNH TUYẾN TIỀN LIỆT,Slide7-8,False,
IMG_20260324_140359_937.tiff,IMG_20260324_140359_937,Kruss,0,10X,955,537,YCT26,I-XII.TĂNG SẢN LÀNH TÍNH TUYẾN TIỀN LIỆT,Slide7-8,False,
IMG_20260324_140400_269.tiff,IMG_20260324_140400_269,Kruss,0,10X,956,537,YCT26,I-XII.TĂNG SẢN LÀNH TÍNH TUYẾN TIỀN LIỆT,Slide7-8,False,
IMG_20260324_140400_600.tiff,IMG_20260324_140400_600,Kruss,0,10X,957,537,YCT26,I-XII.TĂNG SẢN LÀNH TÍNH TUYẾN TIỀN LIỆT,Slide7-8,False,
IMG_20260324_140537_427.tiff,IMG_20260324_140537_427,Kruss,0,10X,958,537,YCT26,I-XII.TĂNG SẢN LÀNH TÍNH TUYẾN TIỀN LIỆT,Slide7-8,False,
IMG_20260324_140537_792.tiff,IMG_20260324_140537_792,Kruss,0,10X,959,537,YCT26,I-XII.TĂNG SẢN LÀNH TÍNH TUYẾN TIỀN LIỆT,Slide7-8,False,
IMG_20260324_140538_136.tiff,IMG_20260324_140538_136,Kruss,0,10X,960,537,YCT26,I-XII.TĂNG SẢN LÀNH TÍNH TUYẾN TIỀN LIỆT,Slide7-8,False,
IMG_20260324_140538_491.tiff,IMG_20260324_140538_491,Kruss,0,10X,961,537,YCT26,I-XII.TĂNG SẢN LÀNH TÍNH TUYẾN TIỀN LIỆT,Slide7-8,False,
IMG_20260324_140628_880.tiff,IMG_20260324_140628_880,Kruss,0,10X,962,537,YCT26,I-XII.TĂNG SẢN LÀNH TÍNH TUYẾN TIỀN LIỆT,Slide7-8,False,
IMG_20260324_140629_201.tiff,IMG_20260324_140629_201,Kruss,0,10X,963,537,YCT26,I-XII.TĂNG SẢN LÀNH TÍNH TUYẾN TIỀN LIỆT,Slide7-8,False,
IMG_20260324_140629_520.tiff,IMG_20260324_140629_520,Kruss,0,10X,964,537,YCT26,I-XII.TĂNG SẢN LÀNH TÍNH TUYẾN TIỀN LIỆT,Slide7-8,False,
IMG_20260327_163914_945.tiff,IMG_20260327_163914_945,Kruss,0,10X,2860,537,YCT26,I-XII.TĂNG SẢN LÀNH TÍNH TUYẾN TIỀN LIỆT ( PROSTATIC HYPERPLASIA ),Slide7-8,False,
IMG_20260327_164138_620.tiff,IMG_20260327_164138_620,Kruss,0,10X,2863,537,YCT26,I-XII.TĂNG SẢN LÀNH TÍNH TUYẾN TIỀN LIỆT ( PROSTATIC HYPERPLASIA ),Slide7-8,False,
IMG_20260327_164138_947.tiff,IMG_20260327_164138_947,Kruss,0,10X,2864,537,YCT26,I-XII.TĂNG SẢN LÀNH TÍNH TUYẾN TIỀN LIỆT ( PROSTATIC HYPERPLASIA ),Slide7-8,False,
IMG_20260327_164139_421.tiff,IMG_20260327_164139_421,Kruss,0,10X,2865,537,YCT26,I-XII.TĂNG SẢN LÀNH TÍNH TUYẾN TIỀN LIỆT ( PROSTATIC HYPERPLASIA ),Slide7-8,False,
IMG_20260327_164139_764.tiff,IMG_20260327_164139_764,Kruss,0,10X,2866,537,YCT26,I-XII.TĂNG SẢN LÀNH TÍNH TUYẾN TIỀN LIỆT ( PROSTATIC HYPERPLASIA ),Slide7-8,False,
IMG_20260327_164140_108.tiff,IMG_20260327_164140_108,Kruss,0,10X,2867,537,YCT26,I-XII.TĂNG SẢN LÀNH TÍNH TUYẾN TIỀN LIỆT ( PROSTATIC HYPERPLASIA ),Slide7-8,False,
IMG_20260327_164140_456.tiff,IMG_20260327_164140_456,Kruss,0,10X,2868,537,YCT26,I-XII.TĂNG SẢN LÀNH TÍNH TUYẾN TIỀN LIỆT ( PROSTATIC HYPERPLASIA ),Slide7-8,False,
IMG_20260327_164141_063.tiff,IMG_20260327_164141_063,Kruss,0,10X,2870,537,YCT26,I-XII.TĂNG SẢN LÀNH TÍNH TUYẾN TIỀN LIỆT ( PROSTATIC HYPERPLASIA ),Slide7-8,False,
IMG_20260327_164149_485.tiff,IMG_20260327_164149_485,Kruss,0,10X,2871,537,YCT26,I-XII.TĂNG SẢN LÀNH TÍNH TUYẾN TIỀN LIỆT ( PROSTATIC HYPERPLASIA ),Slide7-8,False,
IMG_20260327_164149_829.tiff,IMG_20260327_164149_829,Kruss,0,10X,2872,537,YCT26,I-XII.TĂNG SẢN LÀNH TÍNH TUYẾN TIỀN LIỆT ( PROSTATIC HYPERPLASIA ),Slide7-8,False,
IMG_20260324_140834_974.tiff,IMG_20260324_140834_974,Kruss,0,40X,965,537,YCT26,I-XII.TĂNG SẢN LÀNH TÍNH TUYẾN TIỀN LIỆT,Slide7-8,False,
IMG_20260324_140835_309.tiff,IMG_20260324_140835_309,Kruss,0,40X,966,537,YCT26,I-XII.TĂNG SẢN LÀNH TÍNH TUYẾN TIỀN LIỆT,Slide7-8,False,
IMG_20260324_140835_677.tiff,IMG_20260324_140835_677,Kruss,0,40X,967,537,YCT26,I-XII.TĂNG SẢN LÀNH TÍNH TUYẾN TIỀN LIỆT,Slide7-8,False,
IMG_20260324_140836_050.tiff,IMG_20260324_140836_050,Kruss,0,40X,968,537,YCT26,I-XII.TĂNG SẢN LÀNH TÍNH TUYẾN TIỀN LIỆT,Slide7-8,False,
IMG_20260324_141343_984.tiff,IMG_20260324_141343_984,Kruss,0,40X,969,537,YCT26,I-XII.TĂNG SẢN LÀNH TÍNH TUYẾN TIỀN LIỆT,Slide7-8,False,
IMG_20260324_141344_649.tiff,IMG_20260324_141344_649,Kruss,0,40X,971,537,YCT26,I-XII.TĂNG SẢN LÀNH TÍNH TUYẾN TIỀN LIỆT,Slide7-8,False,
IMG_20260324_141345_032.tiff,IMG_20260324_141345_032,Kruss,0,40X,972,537,YCT26,I-XII.TĂNG SẢN LÀNH TÍNH TUYẾN TIỀN LIỆT,Slide7-8,False,
IMG_20260324_141449_015.tiff,IMG_20260324_141449_015,Kruss,0,40X,973,537,YCT26,I-XII.TĂNG SẢN LÀNH TÍNH TUYẾN TIỀN LIỆT,Slide7-8,False,
IMG_20260324_141449_365.tiff,IMG_20260324_141449_365,Kruss,0,40X,974,537,YCT26,I-XII.TĂNG SẢN LÀNH TÍNH TUYẾN TIỀN LIỆT,Slide7-8,False,
IMG_20260324_141449_720.tiff,IMG_20260324_141449_720,Kruss,0,40X,975,537,YCT26,I-XII.TĂNG SẢN LÀNH TÍNH TUYẾN TIỀN LIỆT,Slide7-8,False,
IMG_20260324_141450_082.tiff,IMG_20260324_141450_082,Kruss,0,40X,976,537,YCT26,I-XII.TĂNG SẢN LÀNH TÍNH TUYẾN TIỀN LIỆT,Slide7-8,False,
IMG_20260324_141631_122.tiff,IMG_20260324_141631_122,Kruss,0,40X,977,537,YCT26,I-XII.TĂNG SẢN LÀNH TÍNH TUYẾN TIỀN LIỆT,Slide7-8,False,
IMG_20260324_141631_478.tiff,IMG_20260324_141631_478,Kruss,0,40X,978,537,YCT26,I-XII.TĂNG SẢN LÀNH TÍNH TUYẾN TIỀN LIỆT,Slide7-8,False,
IMG_20260324_141631_830.tiff,IMG_20260324_141631_830,Kruss,0,40X,979,537,YCT26,I-XII.TĂNG SẢN LÀNH TÍNH TUYẾN TIỀN LIỆT,Slide7-8,False,
IMG_20260324_141632_177.tiff,IMG_20260324_141632_177,Kruss,0,40X,980,537,YCT26,I-XII.TĂNG SẢN LÀNH TÍNH TUYẾN TIỀN LIỆT,Slide7-8,False,
IMG_20260324_141833_086.tiff,IMG_20260324_141833_086,Kruss,0,40X,981,537,YCT26,I-XII.TĂNG SẢN LÀNH TÍNH TUYẾN TIỀN LIỆT,Slide7-8,False,
IMG_20260324_141833_434.tiff,IMG_20260324_141833_434,Kruss,0,40X,982,537,YCT26,I-XII.TĂNG SẢN LÀNH TÍNH TUYẾN TIỀN LIỆT,Slide7-8,False,
IMG_20260324_141833_787.tiff,IMG_20260324_141833_787,Kruss,0,40X,983,537,YCT26,I-XII.TĂNG SẢN LÀNH TÍNH TUYẾN TIỀN LIỆT,Slide7-8,False,
IMG_20260324_141834_133.tiff,IMG_20260324_141834_133,Kruss,0,40X,984,537,YCT26,I-XII.TĂNG SẢN LÀNH TÍNH TUYẾN TIỀN LIỆT,Slide7-8,False,
IMG_20260324_142004_892.tiff,IMG_20260324_142004_892,Kruss,0,40X,985,537,YCT26,I-XII.TĂNG SẢN LÀNH TÍNH TUYẾN TIỀN LIỆT,Slide7-8,False,
IMG_20260324_142005_204.tiff,IMG_20260324_142005_204,Kruss,0,40X,986,537,YCT26,I-XII.TĂNG SẢN LÀNH TÍNH TUYẾN TIỀN LIỆT,Slide7-8,False,
IMG_20260324_142005_569.tiff,IMG_20260324_142005_569,Kruss,0,40X,987,537,YCT26,I-XII.TĂNG SẢN LÀNH TÍNH TUYẾN TIỀN LIỆT,Slide7-8,False,
IMG_20260324_142005_930.tiff,IMG_20260324_142005_930,Kruss,0,40X,988,537,YCT26,I-XII.TĂNG SẢN LÀNH TÍNH TUYẾN TIỀN LIỆT,Slide7-8,False,
IMG_20260324_142152_270.tiff,IMG_20260324_142152_270,Kruss,0,40X,989,537,YCT26,I-XII.TĂNG SẢN LÀNH TÍNH TUYẾN TIỀN LIỆT,Slide7-8,False,
IMG_20260324_142152_641.tiff,IMG_20260324_142152_641,Kruss,0,40X,990,537,YCT26,I-XII.TĂNG SẢN LÀNH TÍNH TUYẾN TIỀN LIỆT,Slide7-8,False,
IMG_20260324_142152_966.tiff,IMG_20260324_142152_966,Kruss,0,40X,991,537,YCT26,I-XII.TĂNG SẢN LÀNH TÍNH TUYẾN TIỀN LIỆT,Slide7-8,False,
IMG_20260324_142153_327.tiff,IMG_20260324_142153_327,Kruss,0,40X,992,537,YCT26,I-XII.TĂNG SẢN LÀNH TÍNH TUYẾN TIỀN LIỆT,Slide7-8,False,
IMG_20260324_142229_101.tiff,IMG_20260324_142229_101,Kruss,0,40X,993,537,YCT26,I-XII.TĂNG SẢN LÀNH TÍNH TUYẾN TIỀN LIỆT,Slide7-8,False,
IMG_20260324_142229_427.tiff,IMG_20260324_142229_427,Kruss,0,40X,994,537,YCT26,I-XII.TĂNG SẢN LÀNH TÍNH TUYẾN TIỀN LIỆT,Slide7-8,False,
IMG_20260327_163950_572.tiff,IMG_20260327_163950_572,Kruss,0,40X,2861,537,YCT26,I-XII.TĂNG SẢN LÀNH TÍNH TUYẾN TIỀN LIỆT ( PROSTATIC HYPERPLASIA ),Slide7-8,False,
IMG_20260327_163950_913.tiff,IMG_20260327_163950_913,Kruss,0,40X,2862,537,YCT26,I-XII.TĂNG SẢN LÀNH TÍNH TUYẾN TIỀN LIỆT ( PROSTATIC HYPERPLASIA ),Slide7-8,False,
IMG_20260327_164310_733.tiff,IMG_20260327_164310_733,Kruss,0,40X,2873,537,YCT26,I-XII.TĂNG SẢN LÀNH TÍNH TUYẾN TIỀN LIỆT ( PROSTATIC HYPERPLASIA ),Slide7-8,False,
IMG_20260327_164311_084.tiff,IMG_20260327_164311_084,Kruss,0,40X,2874,537,YCT26,I-XII.TĂNG SẢN LÀNH TÍNH TUYẾN TIỀN LIỆT ( PROSTATIC HYPERPLASIA ),Slide7-8,False,
IMG_20260327_164311_437.tiff,IMG_20260327_164311_437,Kruss,0,40X,2875,537,YCT26,I-XII.TĂNG SẢN LÀNH TÍNH TUYẾN TIỀN LIỆT ( PROSTATIC HYPERPLASIA ),Slide7-8,False,
IMG_20260327_164311_777.tiff,IMG_20260327_164311_777,Kruss,0,40X,2876,537,YCT26,I-XII.TĂNG SẢN LÀNH TÍNH TUYẾN TIỀN LIỆT ( PROSTATIC HYPERPLASIA ),Slide7-8,False,
IMG_20260327_164312_168.tiff,IMG_20260327_164312_168,Kruss,0,40X,2877,537,YCT26,I-XII.TĂNG SẢN LÀNH TÍNH TUYẾN TIỀN LIỆT ( PROSTATIC HYPERPLASIA ),Slide7-8,False,
IMG_20260327_164312_520.tiff,IMG_20260327_164312_520,Kruss,0,40X,2878,537,YCT26,I-XII.TĂNG SẢN LÀNH TÍNH TUYẾN TIỀN LIỆT ( PROSTATIC HYPERPLASIA ),Slide7-8,False,
IMG_20260327_164312_878.tiff,IMG_20260327_164312_878,Kruss,0,40X,2879,537,YCT26,I-XII.TĂNG SẢN LÀNH TÍNH TUYẾN TIỀN LIỆT ( PROSTATIC HYPERPLASIA ),Slide7-8,False,
IMG_20260327_164313_238.tiff,IMG_20260327_164313_238,Kruss,0,40X,2880,537,YCT26,I-XII.TĂNG SẢN LÀNH TÍNH TUYẾN TIỀN LIỆT ( PROSTATIC HYPERPLASIA ),Slide7-8,False,
IMG_20260327_164430_779.tiff,IMG_20260327_164430_779,Kruss,0,40X,2881,537,YCT26,I-XII.TĂNG SẢN LÀNH TÍNH TUYẾN TIỀN LIỆT ( PROSTATIC HYPERPLASIA ),Slide7-8,False,
IMG_20260327_164431_133.tiff,IMG_20260327_164431_133,Kruss,0,40X,2882,537,YCT26,I-XII.TĂNG SẢN LÀNH TÍNH TUYẾN TIỀN LIỆT ( PROSTATIC HYPERPLASIA ),Slide7-8,False,
IMG_20260327_164431_496.tiff,IMG_20260327_164431_496,Kruss,0,40X,2883,537,YCT26,I-XII.TĂNG SẢN LÀNH TÍNH TUYẾN TIỀN LIỆT ( PROSTATIC HYPERPLASIA ),Slide7-8,False,
IMG_20260327_164431_834.tiff,IMG_20260327_164431_834,Kruss,0,40X,2884,537,YCT26,I-XII.TĂNG SẢN LÀNH TÍNH TUYẾN TIỀN LIỆT ( PROSTATIC HYPERPLASIA ),Slide7-8,False,
IMG_20260327_164432_199.tiff,IMG_20260327_164432_199,Kruss,0,40X,2885,537,YCT26,I-XII.TĂNG SẢN LÀNH TÍNH TUYẾN TIỀN LIỆT ( PROSTATIC HYPERPLASIA ),Slide7-8,False,
IMG_20260327_164432_530.tiff,IMG_20260327_164432_530,Kruss,0,40X,2886,537,YCT26,I-XII.TĂNG SẢN LÀNH TÍNH TUYẾN TIỀN LIỆT ( PROSTATIC HYPERPLASIA ),Slide7-8,False,
IMG_20260327_164432_874.tiff,IMG_20260327_164432_874,Kruss,0,40X,2887,537,YCT26,I-XII.TĂNG SẢN LÀNH TÍNH TUYẾN TIỀN LIỆT ( PROSTATIC HYPERPLASIA ),Slide7-8,False,
IMG_20260327_164433_258.tiff,IMG_20260327_164433_258,Kruss,0,40X,2888,537,YCT26,I-XII.TĂNG SẢN LÀNH TÍNH TUYẾN TIỀN LIỆT ( PROSTATIC HYPERPLASIA ),Slide7-8,False,
IMG_20260327_164520_117.tiff,IMG_20260327_164520_117,Kruss,0,40X,2889,537,YCT26,I-XII.TĂNG SẢN LÀNH TÍNH TUYẾN TIỀN LIỆT ( PROSTATIC HYPERPLASIA ),Slide7-8,False,
IMG_20260327_164520_476.tiff,IMG_20260327_164520_476,Kruss,0,40X,2890,537,YCT26,I-XII.TĂNG SẢN LÀNH TÍNH TUYẾN TIỀN LIỆT ( PROSTATIC HYPERPLASIA ),Slide7-8,False,
IMG_20260327_164520_825.tiff,IMG_20260327_164520_825,Kruss,0,40X,2891,537,YCT26,I-XII.TĂNG SẢN LÀNH TÍNH TUYẾN TIỀN LIỆT ( PROSTATIC HYPERPLASIA ),Slide7-8,False,
IMG_20260327_164521_179.tiff,IMG_20260327_164521_179,Kruss,0,40X,2892,537,YCT26,I-XII.TĂNG SẢN LÀNH TÍNH TUYẾN TIỀN LIỆT ( PROSTATIC HYPERPLASIA ),Slide7-8,False,
IMG_20260327_164521_532.tiff,IMG_20260327_164521_532,Kruss,0,40X,2893,537,YCT26,I-XII.TĂNG SẢN LÀNH TÍNH TUYẾN TIỀN LIỆT ( PROSTATIC HYPERPLASIA ),Slide7-8,False,
IMG_20260327_164521_869.tiff,IMG_20260327_164521_869,Kruss,0,40X,2894,537,YCT26,I-XII.TĂNG SẢN LÀNH TÍNH TUYẾN TIỀN LIỆT ( PROSTATIC HYPERPLASIA ),Slide7-8,False,
IMG_20260327_164522_237.tiff,IMG_20260327_164522_237,Kruss,0,40X,2895,537,YCT26,I-XII.TĂNG SẢN LÀNH TÍNH TUYẾN TIỀN LIỆT ( PROSTATIC HYPERPLASIA ),Slide7-8,False,
IMG_20260327_164522_582.tiff,IMG_20260327_164522_582,Kruss,0,40X,2896,537,YCT26,I-XII.TĂNG SẢN LÀNH TÍNH TUYẾN TIỀN LIỆT ( PROSTATIC HYPERPLASIA ),Slide7-8,False,
IMG_20260327_164535_154.tiff,IMG_20260327_164535_154,Kruss,0,40X,2897,537,YCT26,I-XII.TĂNG SẢN LÀNH TÍNH TUYẾN TIỀN LIỆT ( PROSTATIC HYPERPLASIA ),Slide7-8,False,
IMG_20260327_164535_490.tiff,IMG_20260327_164535_490,Kruss,0,40X,2898,537,YCT26,I-XII.TĂNG SẢN LÀNH TÍNH TUYẾN TIỀN LIỆT ( PROSTATIC HYPERPLASIA ),Slide7-8,False,
IMG_20260324_135650_916.tiff,IMG_20260324_135650_916,Kruss,0,4X,944,537,YCT26,I-XII.TĂNG SẢN LÀNH TÍNH TUYẾN TIỀN LIỆT,Slide7-8,True,IMG_20260324_135650_916.tiff
IMG_20260324_135651_239.tiff,IMG_20260324_135651_239,Kruss,0,4X,945,537,YCT26,I-XII.TĂNG SẢN LÀNH TÍNH TUYẾN TIỀN LIỆT,Slide7-8,True,IMG_20260324_135651_239.tiff
IMG_20260324_135651_583.tiff,IMG_20260324_135651_583,Kruss,0,4X,946,537,YCT26,I-XII.TĂNG SẢN LÀNH TÍNH TUYẾN TIỀN LIỆT,Slide7-8,True,IMG_20260324_135651_583.tiff
IMG_20260324_140024_991.tiff,IMG_20260324_140024_991,Kruss,0,4X,947,537,YCT26,I-XII.TĂNG SẢN LÀNH TÍNH TUYẾN TIỀN LIỆT,Slide7-8,True,IMG_20260324_140024_991.tiff
IMG_20260324_140025_314.tiff,IMG_20260324_140025_314,Kruss,0,4X,948,537,YCT26,I-XII.TĂNG SẢN LÀNH TÍNH TUYẾN TIỀN LIỆT,Slide7-8,True,IMG_20260324_140025_314.tiff
IMG_20260324_140025_651.tiff,IMG_20260324_140025_651,Kruss,0,4X,949,537,YCT26,I-XII.TĂNG SẢN LÀNH TÍNH TUYẾN TIỀN LIỆT,Slide7-8,True,IMG_20260324_140025_651.tiff
IMG_20260327_163832_043.tiff,IMG_20260327_163832_043,Kruss,0,4X,2855,537,YCT26,I-XII.TĂNG SẢN LÀNH TÍNH TUYẾN TIỀN LIỆT ( PROSTATIC HYPERPLASIA ),Slide7-8,True,IMG_20260327_163832_043.tiff
IMG_20260327_163832_333.tiff,IMG_20260327_163832_333,Kruss,0,4X,2856,537,YCT26,I-XII.TĂNG SẢN LÀNH TÍNH TUYẾN TIỀN LIỆT ( PROSTATIC HYPERPLASIA ),Slide7-8,True,IMG_20260327_163832_333.tiff
IMG_20260327_163832_658.tiff,IMG_20260327_163832_658,Kruss,0,4X,2857,537,YCT26,I-XII.TĂNG SẢN LÀNH TÍNH TUYẾN TIỀN LIỆT ( PROSTATIC HYPERPLASIA ),Slide7-8,True,IMG_20260327_163832_658.tiff
IMG_20260327_163832_987.tiff,IMG_20260327_163832_987,Kruss,0,4X,2858,537,YCT26,I-XII.TĂNG SẢN LÀNH TÍNH TUYẾN TIỀN LIỆT ( PROSTATIC HYPERPLASIA ),Slide7-8,True,IMG_20260327_163832_987.tiff
IMG_20260327_163833_286.tiff,IMG_20260327_163833_286,Kruss,0,4X,2859,537,YCT26,I-XII.TĂNG SẢN LÀNH TÍNH TUYẾN TIỀN LIỆT ( PROSTATIC HYPERPLASIA ),Slide7-8,True,IMG_20260327_163833_286.tiff
IMG_20260324_142825_958.tiff,IMG_20260324_142825_958,Kruss,0,10X,1000,537,YCT26,I-XII.TĂNG SẢN LÀNH TÍNH TUYẾN TIỀN LIỆT,Slide9-10,False,
IMG_20260324_142826_269.tiff,IMG_20260324_142826_269,Kruss,0,10X,1001,537,YCT26,I-XII.TĂNG SẢN LÀNH TÍNH TUYẾN TIỀN LIỆT,Slide9-10,False,
IMG_20260324_142826_603.tiff,IMG_20260324_142826_603,Kruss,0,10X,1002,537,YCT26,I-XII.TĂNG SẢN LÀNH TÍNH TUYẾN TIỀN LIỆT,Slide9-10,False,
IMG_20260324_142850_171.tiff,IMG_20260324_142850_171,Kruss,0,10X,1003,537,YCT26,I-XII.TĂNG SẢN LÀNH TÍNH TUYẾN TIỀN LIỆT,Slide9-10,False,
IMG_20260327_164838_137.tiff,IMG_20260327_164838_137,Kruss,0,10X,2903,537,YCT26,I-XII.TĂNG SẢN LÀNH TÍNH TUYẾN TIỀN LIỆT ( PROSTATIC HYPERPLASIA ),Slide9-10,False,
IMG_20260327_164838_460.tiff,IMG_20260327_164838_460,Kruss,0,10X,2904,537,YCT26,I-XII.TĂNG SẢN LÀNH TÍNH TUYẾN TIỀN LIỆT ( PROSTATIC HYPERPLASIA ),Slide9-10,False,
IMG_20260327_164838_769.tiff,IMG_20260327_164838_769,Kruss,0,10X,2905,537,YCT26,I-XII.TĂNG SẢN LÀNH TÍNH TUYẾN TIỀN LIỆT ( PROSTATIC HYPERPLASIA ),Slide9-10,False,
IMG_20260324_143353_103.tiff,IMG_20260324_143353_103,Kruss,0,40X,1004,537,YCT26,I-XII.TĂNG SẢN LÀNH TÍNH TUYẾN TIỀN LIỆT,Slide9-10,False,
IMG_20260324_143353_473.tiff,IMG_20260324_143353_473,Kruss,0,40X,1005,537,YCT26,I-XII.TĂNG SẢN LÀNH TÍNH TUYẾN TIỀN LIỆT,Slide9-10,False,
IMG_20260324_143353_824.tiff,IMG_20260324_143353_824,Kruss,0,40X,1006,537,YCT26,I-XII.TĂNG SẢN LÀNH TÍNH TUYẾN TIỀN LIỆT,Slide9-10,False,
IMG_20260324_143354_194.tiff,IMG_20260324_143354_194,Kruss,0,40X,1007,537,YCT26,I-XII.TĂNG SẢN LÀNH TÍNH TUYẾN TIỀN LIỆT,Slide9-10,False,
IMG_20260324_143518_672.tiff,IMG_20260324_143518_672,Kruss,0,40X,1008,537,YCT26,I-XII.TĂNG SẢN LÀNH TÍNH TUYẾN TIỀN LIỆT,Slide9-10,False,
IMG_20260327_164953_512.tiff,IMG_20260327_164953_512,Kruss,0,40X,2907,537,YCT26,I-XII.TĂNG SẢN LÀNH TÍNH TUYẾN TIỀN LIỆT ( PROSTATIC HYPERPLASIA ),Slide9-10,False,
IMG_20260327_164953_868.tiff,IMG_20260327_164953_868,Kruss,0,40X,2908,537,YCT26,I-XII.TĂNG SẢN LÀNH TÍNH TUYẾN TIỀN LIỆT ( PROSTATIC HYPERPLASIA ),Slide9-10,False,
IMG_20260327_164954_219.tiff,IMG_20260327_164954_219,Kruss,0,40X,2909,537,YCT26,I-XII.TĂNG SẢN LÀNH TÍNH TUYẾN TIỀN LIỆT ( PROSTATIC HYPERPLASIA ),Slide9-10,False,
IMG_20260327_164954_542.tiff,IMG_20260327_164954_542,Kruss,0,40X,2910,537,YCT26,I-XII.TĂNG SẢN LÀNH TÍNH TUYẾN TIỀN LIỆT ( PROSTATIC HYPERPLASIA ),Slide9-10,False,
IMG_20260327_164954_886.tiff,IMG_20260327_164954_886,Kruss,0,40X,2911,537,YCT26,I-XII.TĂNG SẢN LÀNH TÍNH TUYẾN TIỀN LIỆT ( PROSTATIC HYPERPLASIA ),Slide9-10,False,
IMG_20260324_142516_924.tiff,IMG_20260324_142516_924,Kruss,0,4X,997,537,YCT26,I-XII.TĂNG SẢN LÀNH TÍNH TUYẾN TIỀN LIỆT,Slide9-10,True,IMG_20260324_142516_924.tiff
IMG_20260327_164708_051.tiff,IMG_20260327_164708_051,Kruss,0,4X,2899,537,YCT26,I-XII.TĂNG SẢN LÀNH TÍNH TUYẾN TIỀN LIỆT ( PROSTATIC HYPERPLASIA ),Slide9-10,True,IMG_20260327_164708_051.tiff
IMG_20260327_164708_360.tiff,IMG_20260327_164708_360,Kruss,0,4X,2900,537,YCT26,I-XII.TĂNG SẢN LÀNH TÍNH TUYẾN TIỀN LIỆT ( PROSTATIC HYPERPLASIA ),Slide9-10,True,IMG_20260327_164708_360.tiff
IMG_20260327_164708_674.tiff,IMG_20260327_164708_674,Kruss,0,4X,2901,537,YCT26,I-XII.TĂNG SẢN LÀNH TÍNH TUYẾN TIỀN LIỆT ( PROSTATIC HYPERPLASIA ),Slide9-10,True,IMG_20260327_164708_674.tiff
IMG_20260327_164708_980.tiff,IMG_20260327_164708_980,Kruss,0,4X,2902,537,YCT26,I-XII.TĂNG SẢN LÀNH TÍNH TUYẾN TIỀN LIỆT ( PROSTATIC HYPERPLASIA ),Slide9-10,True,IMG_20260327_164708_980.tiff
IMG_20260327_151436_552.tiff,IMG_20260327_151436_552,Kruss,0,10X,2539,668,YCT26,I-XII. TĂNG SẢN LÀNH TÍNH TUYẾN TIỀN LIỆT KÈM VIÊM ( PROSTATIC HYPERPLASIA ),Slide1-2,False,
IMG_20260327_151436_903.tiff,IMG_20260327_151436_903,Kruss,0,10X,2540,668,YCT26,I-XII. TĂNG SẢN LÀNH TÍNH TUYẾN TIỀN LIỆT KÈM VIÊM ( PROSTATIC HYPERPLASIA ),Slide1-2,False,
IMG_20260327_151437_244.tiff,IMG_20260327_151437_244,Kruss,0,10X,2541,668,YCT26,I-XII. TĂNG SẢN LÀNH TÍNH TUYẾN TIỀN LIỆT KÈM VIÊM ( PROSTATIC HYPERPLASIA ),Slide1-2,False,
IMG_20260327_151437_557.tiff,IMG_20260327_151437_557,Kruss,0,10X,2542,668,YCT26,I-XII. TĂNG SẢN LÀNH TÍNH TUYẾN TIỀN LIỆT KÈM VIÊM ( PROSTATIC HYPERPLASIA ),Slide1-2,False,
IMG_20260327_151437_872.tiff,IMG_20260327_151437_872,Kruss,0,10X,2543,668,YCT26,I-XII. TĂNG SẢN LÀNH TÍNH TUYẾN TIỀN LIỆT KÈM VIÊM ( PROSTATIC HYPERPLASIA ),Slide1-2,False,
IMG_20260327_151438_246.tiff,IMG_20260327_151438_246,Kruss,0,10X,2544,668,YCT26,I-XII. TĂNG SẢN LÀNH TÍNH TUYẾN TIỀN LIỆT KÈM VIÊM ( PROSTATIC HYPERPLASIA ),Slide1-2,False,
IMG_20260327_151438_679.tiff,IMG_20260327_151438_679,Kruss,0,10X,2545,668,YCT26,I-XII. TĂNG SẢN LÀNH TÍNH TUYẾN TIỀN LIỆT KÈM VIÊM ( PROSTATIC HYPERPLASIA ),Slide1-2,False,
IMG_20260327_151439_006.tiff,IMG_20260327_151439_006,Kruss,0,10X,2546,668,YCT26,I-XII. TĂNG SẢN LÀNH TÍNH TUYẾN TIỀN LIỆT KÈM VIÊM ( PROSTATIC HYPERPLASIA ),Slide1-2,False,
IMG_20260327_151450_004.tiff,IMG_20260327_151450_004,Kruss,0,10X,2547,668,YCT26,I-XII. TĂNG SẢN LÀNH TÍNH TUYẾN TIỀN LIỆT KÈM VIÊM ( PROSTATIC HYPERPLASIA ),Slide1-2,False,
IMG_20260327_151450_355.tiff,IMG_20260327_151450_355,Kruss,0,10X,2548,668,YCT26,I-XII. TĂNG SẢN LÀNH TÍNH TUYẾN TIỀN LIỆT KÈM VIÊM ( PROSTATIC HYPERPLASIA ),Slide1-2,False,
IMG_20260327_151622_200.tiff,IMG_20260327_151622_200,Kruss,0,40X,2549,668,YCT26,I-XII. TĂNG SẢN LÀNH TÍNH TUYẾN TIỀN LIỆT KÈM VIÊM ( PROSTATIC HYPERPLASIA ),Slide1-2,False,
IMG_20260327_151622_575.tiff,IMG_20260327_151622_575,Kruss,0,40X,2550,668,YCT26,I-XII. TĂNG SẢN LÀNH TÍNH TUYẾN TIỀN LIỆT KÈM VIÊM ( PROSTATIC HYPERPLASIA ),Slide1-2,False,
IMG_20260327_151622_945.tiff,IMG_20260327_151622_945,Kruss,0,40X,2551,668,YCT26,I-XII. TĂNG SẢN LÀNH TÍNH TUYẾN TIỀN LIỆT KÈM VIÊM ( PROSTATIC HYPERPLASIA ),Slide1-2,False,
IMG_20260327_151623_294.tiff,IMG_20260327_151623_294,Kruss,0,40X,2552,668,YCT26,I-XII. TĂNG SẢN LÀNH TÍNH TUYẾN TIỀN LIỆT KÈM VIÊM ( PROSTATIC HYPERPLASIA ),Slide1-2,False,
IMG_20260327_151623_652.tiff,IMG_20260327_151623_652,Kruss,0,40X,2553,668,YCT26,I-XII. TĂNG SẢN LÀNH TÍNH TUYẾN TIỀN LIỆT KÈM VIÊM ( PROSTATIC HYPERPLASIA ),Slide1-2,False,
IMG_20260327_151624_032.tiff,IMG_20260327_151624_032,Kruss,0,40X,2554,668,YCT26,I-XII. TĂNG SẢN LÀNH TÍNH TUYẾN TIỀN LIỆT KÈM VIÊM ( PROSTATIC HYPERPLASIA ),Slide1-2,False,
IMG_20260327_151624_402.tiff,IMG_20260327_151624_402,Kruss,0,40X,2555,668,YCT26,I-XII. TĂNG SẢN LÀNH TÍNH TUYẾN TIỀN LIỆT KÈM VIÊM ( PROSTATIC HYPERPLASIA ),Slide1-2,False,
IMG_20260327_151624_797.tiff,IMG_20260327_151624_797,Kruss,0,40X,2556,668,YCT26,I-XII. TĂNG SẢN LÀNH TÍNH TUYẾN TIỀN LIỆT KÈM VIÊM ( PROSTATIC HYPERPLASIA ),Slide1-2,False,
IMG_20260327_151721_160.tiff,IMG_20260327_151721_160,Kruss,0,40X,2557,668,YCT26,I-XII. TĂNG SẢN LÀNH TÍNH TUYẾN TIỀN LIỆT KÈM VIÊM ( PROSTATIC HYPERPLASIA ),Slide1-2,False,
IMG_20260327_151721_486.tiff,IMG_20260327_151721_486,Kruss,0,40X,2558,668,YCT26,I-XII. TĂNG SẢN LÀNH TÍNH TUYẾN TIỀN LIỆT KÈM VIÊM ( PROSTATIC HYPERPLASIA ),Slide1-2,False,
IMG_20260327_151721_812.tiff,IMG_20260327_151721_812,Kruss,0,40X,2559,668,YCT26,I-XII. TĂNG SẢN LÀNH TÍNH TUYẾN TIỀN LIỆT KÈM VIÊM ( PROSTATIC HYPERPLASIA ),Slide1-2,False,
IMG_20260327_151722_162.tiff,IMG_20260327_151722_162,Kruss,0,40X,2560,668,YCT26,I-XII. TĂNG SẢN LÀNH TÍNH TUYẾN TIỀN LIỆT KÈM VIÊM ( PROSTATIC HYPERPLASIA ),Slide1-2,False,
IMG_20260327_151722_551.tiff,IMG_20260327_151722_551,Kruss,0,40X,2561,668,YCT26,I-XII. TĂNG SẢN LÀNH TÍNH TUYẾN TIỀN LIỆT KÈM VIÊM ( PROSTATIC HYPERPLASIA ),Slide1-2,False,
IMG_20260327_151315_171.tiff,IMG_20260327_151315_171,Kruss,0,4X,2535,668,YCT26,I-XII. TĂNG SẢN LÀNH TÍNH TUYẾN TIỀN LIỆT KÈM VIÊM ( PROSTATIC HYPERPLASIA ),Slide1-2,True,IMG_20260327_151315_171.tiff
IMG_20260327_151315_497.tiff,IMG_20260327_151315_497,Kruss,0,4X,2536,668,YCT26,I-XII. TĂNG SẢN LÀNH TÍNH TUYẾN TIỀN LIỆT KÈM VIÊM ( PROSTATIC HYPERPLASIA ),Slide1-2,True,IMG_20260327_151315_497.tiff
IMG_20260327_151315_811.tiff,IMG_20260327_151315_811,Kruss,0,4X,2537,668,YCT26,I-XII. TĂNG SẢN LÀNH TÍNH TUYẾN TIỀN LIỆT KÈM VIÊM ( PROSTATIC HYPERPLASIA ),Slide1-2,True,IMG_20260327_151315_811.tiff
IMG_20260327_151316_132.tiff,IMG_20260327_151316_132,Kruss,0,4X,2538,668,YCT26,I-XII. TĂNG SẢN LÀNH TÍNH TUYẾN TIỀN LIỆT KÈM VIÊM ( PROSTATIC HYPERPLASIA ),Slide1-2,True,IMG_20260327_151316_132.tiff
IMG_20260327_160326_976.tiff,IMG_20260327_160326_976,Kruss,0,10X,2739,668,YCT26,I-XII. TĂNG SẢN LÀNH TÍNH TUYẾN TIỀN LIỆT KÈM VIÊM ( PROSTATIC HYPERPLASIA ),Slide11-12,False,
IMG_20260327_160327_287.tiff,IMG_20260327_160327_287,Kruss,0,10X,2740,668,YCT26,I-XII. TĂNG SẢN LÀNH TÍNH TUYẾN TIỀN LIỆT KÈM VIÊM ( PROSTATIC HYPERPLASIA ),Slide11-12,False,
IMG_20260327_160327_594.tiff,IMG_20260327_160327_594,Kruss,0,10X,2741,668,YCT26,I-XII. TĂNG SẢN LÀNH TÍNH TUYẾN TIỀN LIỆT KÈM VIÊM ( PROSTATIC HYPERPLASIA ),Slide11-12,False,
IMG_20260327_160501_779.tiff,IMG_20260327_160501_779,Kruss,0,40X,2742,668,YCT26,I-XII. TĂNG SẢN LÀNH TÍNH TUYẾN TIỀN LIỆT KÈM VIÊM ( PROSTATIC HYPERPLASIA ),Slide11-12,False,
IMG_20260327_160502_099.tiff,IMG_20260327_160502_099,Kruss,0,40X,2743,668,YCT26,I-XII. TĂNG SẢN LÀNH TÍNH TUYẾN TIỀN LIỆT KÈM VIÊM ( PROSTATIC HYPERPLASIA ),Slide11-12,False,
IMG_20260327_160502_440.tiff,IMG_20260327_160502_440,Kruss,0,40X,2744,668,YCT26,I-XII. TĂNG SẢN LÀNH TÍNH TUYẾN TIỀN LIỆT KÈM VIÊM ( PROSTATIC HYPERPLASIA ),Slide11-12,False,
IMG_20260327_160502_790.tiff,IMG_20260327_160502_790,Kruss,0,40X,2745,668,YCT26,I-XII. TĂNG SẢN LÀNH TÍNH TUYẾN TIỀN LIỆT KÈM VIÊM ( PROSTATIC HYPERPLASIA ),Slide11-12,False,
IMG_20260327_160503_138.tiff,IMG_20260327_160503_138,Kruss,0,40X,2746,668,YCT26,I-XII. TĂNG SẢN LÀNH TÍNH TUYẾN TIỀN LIỆT KÈM VIÊM ( PROSTATIC HYPERPLASIA ),Slide11-12,False,
IMG_20260327_160503_485.tiff,IMG_20260327_160503_485,Kruss,0,40X,2747,668,YCT26,I-XII. TĂNG SẢN LÀNH TÍNH TUYẾN TIỀN LIỆT KÈM VIÊM ( PROSTATIC HYPERPLASIA ),Slide11-12,False,
IMG_20260327_160238_101.tiff,IMG_20260327_160238_101,Kruss,0,4X,2737,668,YCT26,I-XII. TĂNG SẢN LÀNH TÍNH TUYẾN TIỀN LIỆT KÈM VIÊM ( PROSTATIC HYPERPLASIA ),Slide11-12,True,IMG_20260327_160238_101.tiff
IMG_20260327_151923_569.tiff,IMG_20260327_151923_569,Kruss,0,10X,2564,668,YCT26,I-XII. TĂNG SẢN LÀNH TÍNH TUYẾN TIỀN LIỆT KÈM VIÊM ( PROSTATIC HYPERPLASIA ),Slide3-4,False,
IMG_20260327_152133_469.tiff,IMG_20260327_152133_469,Kruss,0,10X,2569,668,YCT26,I-XII. TĂNG SẢN LÀNH TÍNH TUYẾN TIỀN LIỆT KÈM VIÊM ( PROSTATIC HYPERPLASIA ),Slide3-4,False,
IMG_20260327_152024_997.tiff,IMG_20260327_152024_997,Kruss,0,40X,2565,668,YCT26,I-XII. TĂNG SẢN LÀNH TÍNH TUYẾN TIỀN LIỆT KÈM VIÊM ( PROSTATIC HYPERPLASIA ),Slide3-4,False,
IMG_20260327_152025_371.tiff,IMG_20260327_152025_371,Kruss,0,40X,2566,668,YCT26,I-XII. TĂNG SẢN LÀNH TÍNH TUYẾN TIỀN LIỆT KÈM VIÊM ( PROSTATIC HYPERPLASIA ),Slide3-4,False,
IMG_20260327_152025_720.tiff,IMG_20260327_152025_720,Kruss,0,40X,2567,668,YCT26,I-XII. TĂNG SẢN LÀNH TÍNH TUYẾN TIỀN LIỆT KÈM VIÊM ( PROSTATIC HYPERPLASIA ),Slide3-4,False,
IMG_20260327_152026_090.tiff,IMG_20260327_152026_090,Kruss,0,40X,2568,668,YCT26,I-XII. TĂNG SẢN LÀNH TÍNH TUYẾN TIỀN LIỆT KÈM VIÊM ( PROSTATIC HYPERPLASIA ),Slide3-4,False,
IMG_20260327_152214_935.tiff,IMG_20260327_152214_935,Kruss,0,40X,2570,668,YCT26,I-XII. TĂNG SẢN LÀNH TÍNH TUYẾN TIỀN LIỆT KÈM VIÊM ( PROSTATIC HYPERPLASIA ),Slide3-4,False,
IMG_20260327_152215_304.tiff,IMG_20260327_152215_304,Kruss,0,40X,2571,668,YCT26,I-XII. TĂNG SẢN LÀNH TÍNH TUYẾN TIỀN LIỆT KÈM VIÊM ( PROSTATIC HYPERPLASIA ),Slide3-4,False,
IMG_20260327_152653_820.tiff,IMG_20260327_152653_820,Kruss,0,10X,2578,668,YCT26,I-XII. TĂNG SẢN LÀNH TÍNH TUYẾN TIỀN LIỆT KÈM VIÊM ( PROSTATIC HYPERPLASIA ),Slide5-6,False,
IMG_20260327_152654_150.tiff,IMG_20260327_152654_150,Kruss,0,10X,2579,668,YCT26,I-XII. TĂNG SẢN LÀNH TÍNH TUYẾN TIỀN LIỆT KÈM VIÊM ( PROSTATIC HYPERPLASIA ),Slide5-6,False,
IMG_20260327_152654_483.tiff,IMG_20260327_152654_483,Kruss,0,10X,2580,668,YCT26,I-XII. TĂNG SẢN LÀNH TÍNH TUYẾN TIỀN LIỆT KÈM VIÊM ( PROSTATIC HYPERPLASIA ),Slide5-6,False,
IMG_20260327_152654_816.tiff,IMG_20260327_152654_816,Kruss,0,10X,2581,668,YCT26,I-XII. TĂNG SẢN LÀNH TÍNH TUYẾN TIỀN LIỆT KÈM VIÊM ( PROSTATIC HYPERPLASIA ),Slide5-6,False,
IMG_20260327_152655_141.tiff,IMG_20260327_152655_141,Kruss,0,10X,2582,668,YCT26,I-XII. TĂNG SẢN LÀNH TÍNH TUYẾN TIỀN LIỆT KÈM VIÊM ( PROSTATIC HYPERPLASIA ),Slide5-6,False,
IMG_20260327_152655_477.tiff,IMG_20260327_152655_477,Kruss,0,10X,2583,668,YCT26,I-XII. TĂNG SẢN LÀNH TÍNH TUYẾN TIỀN LIỆT KÈM VIÊM ( PROSTATIC HYPERPLASIA ),Slide5-6,False,
IMG_20260327_152655_824.tiff,IMG_20260327_152655_824,Kruss,0,10X,2584,668,YCT26,I-XII. TĂNG SẢN LÀNH TÍNH TUYẾN TIỀN LIỆT KÈM VIÊM ( PROSTATIC HYPERPLASIA ),Slide5-6,False,
IMG_20260327_152656_125.tiff,IMG_20260327_152656_125,Kruss,0,10X,2585,668,YCT26,I-XII. TĂNG SẢN LÀNH TÍNH TUYẾN TIỀN LIỆT KÈM VIÊM ( PROSTATIC HYPERPLASIA ),Slide5-6,False,
IMG_20260327_152934_404.tiff,IMG_20260327_152934_404,Kruss,0,40X,2586,668,YCT26,I-XII. TĂNG SẢN LÀNH TÍNH TUYẾN TIỀN LIỆT KÈM VIÊM ( PROSTATIC HYPERPLASIA ),Slide5-6,False,
IMG_20260327_152934_754.tiff,IMG_20260327_152934_754,Kruss,0,40X,2587,668,YCT26,I-XII. TĂNG SẢN LÀNH TÍNH TUYẾN TIỀN LIỆT KÈM VIÊM ( PROSTATIC HYPERPLASIA ),Slide5-6,False,
IMG_20260327_152935_120.tiff,IMG_20260327_152935_120,Kruss,0,40X,2588,668,YCT26,I-XII. TĂNG SẢN LÀNH TÍNH TUYẾN TIỀN LIỆT KÈM VIÊM ( PROSTATIC HYPERPLASIA ),Slide5-6,False,
IMG_20260327_152935_493.tiff,IMG_20260327_152935_493,Kruss,0,40X,2589,668,YCT26,I-XII. TĂNG SẢN LÀNH TÍNH TUYẾN TIỀN LIỆT KÈM VIÊM ( PROSTATIC HYPERPLASIA ),Slide5-6,False,
IMG_20260327_152935_860.tiff,IMG_20260327_152935_860,Kruss,0,40X,2590,668,YCT26,I-XII. TĂNG SẢN LÀNH TÍNH TUYẾN TIỀN LIỆT KÈM VIÊM ( PROSTATIC HYPERPLASIA ),Slide5-6,False,
IMG_20260327_152936_213.tiff,IMG_20260327_152936_213,Kruss,0,40X,2591,668,YCT26,I-XII. TĂNG SẢN LÀNH TÍNH TUYẾN TIỀN LIỆT KÈM VIÊM ( PROSTATIC HYPERPLASIA ),Slide5-6,False,
IMG_20260327_152936_580.tiff,IMG_20260327_152936_580,Kruss,0,40X,2592,668,YCT26,I-XII. TĂNG SẢN LÀNH TÍNH TUYẾN TIỀN LIỆT KÈM VIÊM ( PROSTATIC HYPERPLASIA ),Slide5-6,False,
IMG_20260327_152936_950.tiff,IMG_20260327_152936_950,Kruss,0,40X,2593,668,YCT26,I-XII. TĂNG SẢN LÀNH TÍNH TUYẾN TIỀN LIỆT KÈM VIÊM ( PROSTATIC HYPERPLASIA ),Slide5-6,False,
IMG_20260327_153134_595.tiff,IMG_20260327_153134_595,Kruss,0,40X,2594,668,YCT26,I-XII. TĂNG SẢN LÀNH TÍNH TUYẾN TIỀN LIỆT KÈM VIÊM ( PROSTATIC HYPERPLASIA ),Slide5-6,False,
IMG_20260327_153134_951.tiff,IMG_20260327_153134_951,Kruss,0,40X,2595,668,YCT26,I-XII. TĂNG SẢN LÀNH TÍNH TUYẾN TIỀN LIỆT KÈM VIÊM ( PROSTATIC HYPERPLASIA ),Slide5-6,False,
IMG_20260327_153135_322.tiff,IMG_20260327_153135_322,Kruss,0,40X,2596,668,YCT26,I-XII. TĂNG SẢN LÀNH TÍNH TUYẾN TIỀN LIỆT KÈM VIÊM ( PROSTATIC HYPERPLASIA ),Slide5-6,False,
IMG_20260327_153135_702.tiff,IMG_20260327_153135_702,Kruss,0,40X,2597,668,YCT26,I-XII. TĂNG SẢN LÀNH TÍNH TUYẾN TIỀN LIỆT KÈM VIÊM ( PROSTATIC HYPERPLASIA ),Slide5-6,False,
IMG_20260327_153136_069.tiff,IMG_20260327_153136_069,Kruss,0,40X,2598,668,YCT26,I-XII. TĂNG SẢN LÀNH TÍNH TUYẾN TIỀN LIỆT KÈM VIÊM ( PROSTATIC HYPERPLASIA ),Slide5-6,False,
IMG_20260327_153136_410.tiff,IMG_20260327_153136_410,Kruss,0,40X,2599,668,YCT26,I-XII. TĂNG SẢN LÀNH TÍNH TUYẾN TIỀN LIỆT KÈM VIÊM ( PROSTATIC HYPERPLASIA ),Slide5-6,False,
IMG_20260327_153136_790.tiff,IMG_20260327_153136_790,Kruss,0,40X,2600,668,YCT26,I-XII. TĂNG SẢN LÀNH TÍNH TUYẾN TIỀN LIỆT KÈM VIÊM ( PROSTATIC HYPERPLASIA ),Slide5-6,False,
IMG_20260327_153137_181.tiff,IMG_20260327_153137_181,Kruss,0,40X,2601,668,YCT26,I-XII. TĂNG SẢN LÀNH TÍNH TUYẾN TIỀN LIỆT KÈM VIÊM ( PROSTATIC HYPERPLASIA ),Slide5-6,False,
IMG_20260327_153208_570.tiff,IMG_20260327_153208_570,Kruss,0,40X,2602,668,YCT26,I-XII. TĂNG SẢN LÀNH TÍNH TUYẾN TIỀN LIỆT KÈM VIÊM ( PROSTATIC HYPERPLASIA ),Slide5-6,False,
IMG_20260327_153208_932.tiff,IMG_20260327_153208_932,Kruss,0,40X,2603,668,YCT26,I-XII. TĂNG SẢN LÀNH TÍNH TUYẾN TIỀN LIỆT KÈM VIÊM ( PROSTATIC HYPERPLASIA ),Slide5-6,False,
IMG_20260327_153209_299.tiff,IMG_20260327_153209_299,Kruss,0,40X,2604,668,YCT26,I-XII. TĂNG SẢN LÀNH TÍNH TUYẾN TIỀN LIỆT KÈM VIÊM ( PROSTATIC HYPERPLASIA ),Slide5-6,False,
IMG_20260327_152351_756.tiff,IMG_20260327_152351_756,Kruss,0,4X,2572,668,YCT26,I-XII. TĂNG SẢN LÀNH TÍNH TUYẾN TIỀN LIỆT KÈM VIÊM ( PROSTATIC HYPERPLASIA ),Slide5-6,True,IMG_20260327_152351_756.tiff
IMG_20260327_152352_057.tiff,IMG_20260327_152352_057,Kruss,0,4X,2573,668,YCT26,I-XII. TĂNG SẢN LÀNH TÍNH TUYẾN TIỀN LIỆT KÈM VIÊM ( PROSTATIC HYPERPLASIA ),Slide5-6,True,IMG_20260327_152352_057.tiff
IMG_20260327_152352_366.tiff,IMG_20260327_152352_366,Kruss,0,4X,2574,668,YCT26,I-XII. TĂNG SẢN LÀNH TÍNH TUYẾN TIỀN LIỆT KÈM VIÊM ( PROSTATIC HYPERPLASIA ),Slide5-6,True,IMG_20260327_152352_366.tiff
IMG_20260327_152516_289.tiff,IMG_20260327_152516_289,Kruss,0,4X,2575,668,YCT26,I-XII. TĂNG SẢN LÀNH TÍNH TUYẾN TIỀN LIỆT KÈM VIÊM ( PROSTATIC HYPERPLASIA ),Slide5-6,True,IMG_20260327_152516_289.tiff
IMG_20260327_152516_591.tiff,IMG_20260327_152516_591,Kruss,0,4X,2576,668,YCT26,I-XII. TĂNG SẢN LÀNH TÍNH TUYẾN TIỀN LIỆT KÈM VIÊM ( PROSTATIC HYPERPLASIA ),Slide5-6,True,IMG_20260327_152516_591.tiff
IMG_20260327_152516_917.tiff,IMG_20260327_152516_917,Kruss,0,4X,2577,668,YCT26,I-XII. TĂNG SẢN LÀNH TÍNH TUYẾN TIỀN LIỆT KÈM VIÊM ( PROSTATIC HYPERPLASIA ),Slide5-6,True,IMG_20260327_152516_917.tiff
IMG_20260327_153644_536.tiff,IMG_20260327_153644_536,Kruss,0,10X,2613,668,YCT26,I-XII. TĂNG SẢN LÀNH TÍNH TUYẾN TIỀN LIỆT KÈM VIÊM ( PROSTATIC HYPERPLASIA ),Slide7-8,False,
IMG_20260327_153644_883.tiff,IMG_20260327_153644_883,Kruss,0,10X,2614,668,YCT26,I-XII. TĂNG SẢN LÀNH TÍNH TUYẾN TIỀN LIỆT KÈM VIÊM ( PROSTATIC HYPERPLASIA ),Slide7-8,False,
IMG_20260327_153645_250.tiff,IMG_20260327_153645_250,Kruss,0,10X,2615,668,YCT26,I-XII. TĂNG SẢN LÀNH TÍNH TUYẾN TIỀN LIỆT KÈM VIÊM ( PROSTATIC HYPERPLASIA ),Slide7-8,False,
IMG_20260327_153645_594.tiff,IMG_20260327_153645_594,Kruss,0,10X,2616,668,YCT26,I-XII. TĂNG SẢN LÀNH TÍNH TUYẾN TIỀN LIỆT KÈM VIÊM ( PROSTATIC HYPERPLASIA ),Slide7-8,False,
IMG_20260327_153645_975.tiff,IMG_20260327_153645_975,Kruss,0,10X,2617,668,YCT26,I-XII. TĂNG SẢN LÀNH TÍNH TUYẾN TIỀN LIỆT KÈM VIÊM ( PROSTATIC HYPERPLASIA ),Slide7-8,False,
IMG_20260327_153646_313.tiff,IMG_20260327_153646_313,Kruss,0,10X,2618,668,YCT26,I-XII. TĂNG SẢN LÀNH TÍNH TUYẾN TIỀN LIỆT KÈM VIÊM ( PROSTATIC HYPERPLASIA ),Slide7-8,False,
IMG_20260327_153646_703.tiff,IMG_20260327_153646_703,Kruss,0,10X,2619,668,YCT26,I-XII. TĂNG SẢN LÀNH TÍNH TUYẾN TIỀN LIỆT KÈM VIÊM ( PROSTATIC HYPERPLASIA ),Slide7-8,False,
IMG_20260327_153647_042.tiff,IMG_20260327_153647_042,Kruss,0,10X,2620,668,YCT26,I-XII. TĂNG SẢN LÀNH TÍNH TUYẾN TIỀN LIỆT KÈM VIÊM ( PROSTATIC HYPERPLASIA ),Slide7-8,False,
IMG_20260327_153804_763.tiff,IMG_20260327_153804_763,Kruss,0,10X,2621,668,YCT26,I-XII. TĂNG SẢN LÀNH TÍNH TUYẾN TIỀN LIỆT KÈM VIÊM ( PROSTATIC HYPERPLASIA ),Slide7-8,False,
IMG_20260327_153805_087.tiff,IMG_20260327_153805_087,Kruss,0,10X,2622,668,YCT26,I-XII. TĂNG SẢN LÀNH TÍNH TUYẾN TIỀN LIỆT KÈM VIÊM ( PROSTATIC HYPERPLASIA ),Slide7-8,False,
IMG_20260327_153805_397.tiff,IMG_20260327_153805_397,Kruss,0,10X,2623,668,YCT26,I-XII. TĂNG SẢN LÀNH TÍNH TUYẾN TIỀN LIỆT KÈM VIÊM ( PROSTATIC HYPERPLASIA ),Slide7-8,False,
IMG_20260327_153805_720.tiff,IMG_20260327_153805_720,Kruss,0,10X,2624,668,YCT26,I-XII. TĂNG SẢN LÀNH TÍNH TUYẾN TIỀN LIỆT KÈM VIÊM ( PROSTATIC HYPERPLASIA ),Slide7-8,False,
IMG_20260327_153806_064.tiff,IMG_20260327_153806_064,Kruss,0,10X,2625,668,YCT26,I-XII. TĂNG SẢN LÀNH TÍNH TUYẾN TIỀN LIỆT KÈM VIÊM ( PROSTATIC HYPERPLASIA ),Slide7-8,False,
IMG_20260327_153806_390.tiff,IMG_20260327_153806_390,Kruss,0,10X,2626,668,YCT26,I-XII. TĂNG SẢN LÀNH TÍNH TUYẾN TIỀN LIỆT KÈM VIÊM ( PROSTATIC HYPERPLASIA ),Slide7-8,False,
IMG_20260327_153806_730.tiff,IMG_20260327_153806_730,Kruss,0,10X,2627,668,YCT26,I-XII. TĂNG SẢN LÀNH TÍNH TUYẾN TIỀN LIỆT KÈM VIÊM ( PROSTATIC HYPERPLASIA ),Slide7-8,False,
IMG_20260327_153807_059.tiff,IMG_20260327_153807_059,Kruss,0,10X,2628,668,YCT26,I-XII. TĂNG SẢN LÀNH TÍNH TUYẾN TIỀN LIỆT KÈM VIÊM ( PROSTATIC HYPERPLASIA ),Slide7-8,False,
IMG_20260327_153846_765.tiff,IMG_20260327_153846_765,Kruss,0,10X,2629,668,YCT26,I-XII. TĂNG SẢN LÀNH TÍNH TUYẾN TIỀN LIỆT KÈM VIÊM ( PROSTATIC HYPERPLASIA ),Slide7-8,False,
IMG_20260327_153847_095.tiff,IMG_20260327_153847_095,Kruss,0,10X,2630,668,YCT26,I-XII. TĂNG SẢN LÀNH TÍNH TUYẾN TIỀN LIỆT KÈM VIÊM ( PROSTATIC HYPERPLASIA ),Slide7-8,False,
IMG_20260327_153847_396.tiff,IMG_20260327_153847_396,Kruss,0,10X,2631,668,YCT26,I-XII. TĂNG SẢN LÀNH TÍNH TUYẾN TIỀN LIỆT KÈM VIÊM ( PROSTATIC HYPERPLASIA ),Slide7-8,False,
IMG_20260327_153847_720.tiff,IMG_20260327_153847_720,Kruss,0,10X,2632,668,YCT26,I-XII. TĂNG SẢN LÀNH TÍNH TUYẾN TIỀN LIỆT KÈM VIÊM ( PROSTATIC HYPERPLASIA ),Slide7-8,False,
IMG_20260327_153848_053.tiff,IMG_20260327_153848_053,Kruss,0,10X,2633,668,YCT26,I-XII. TĂNG SẢN LÀNH TÍNH TUYẾN TIỀN LIỆT KÈM VIÊM ( PROSTATIC HYPERPLASIA ),Slide7-8,False,
IMG_20260327_154037_063.tiff,IMG_20260327_154037_063,Kruss,0,40X,2634,668,YCT26,I-XII. TĂNG SẢN LÀNH TÍNH TUYẾN TIỀN LIỆT KÈM VIÊM ( PROSTATIC HYPERPLASIA ),Slide7-8,False,
IMG_20260327_154037_411.tiff,IMG_20260327_154037_411,Kruss,0,40X,2635,668,YCT26,I-XII. TĂNG SẢN LÀNH TÍNH TUYẾN TIỀN LIỆT KÈM VIÊM ( PROSTATIC HYPERPLASIA ),Slide7-8,False,
IMG_20260327_154037_764.tiff,IMG_20260327_154037_764,Kruss,0,40X,2636,668,YCT26,I-XII. TĂNG SẢN LÀNH TÍNH TUYẾN TIỀN LIỆT KÈM VIÊM ( PROSTATIC HYPERPLASIA ),Slide7-8,False,
IMG_20260327_154038_138.tiff,IMG_20260327_154038_138,Kruss,0,40X,2637,668,YCT26,I-XII. TĂNG SẢN LÀNH TÍNH TUYẾN TIỀN LIỆT KÈM VIÊM ( PROSTATIC HYPERPLASIA ),Slide7-8,False,
IMG_20260327_154038_508.tiff,IMG_20260327_154038_508,Kruss,0,40X,2638,668,YCT26,I-XII. TĂNG SẢN LÀNH TÍNH TUYẾN TIỀN LIỆT KÈM VIÊM ( PROSTATIC HYPERPLASIA ),Slide7-8,False,
IMG_20260327_154038_873.tiff,IMG_20260327_154038_873,Kruss,0,40X,2639,668,YCT26,I-XII. TĂNG SẢN LÀNH TÍNH TUYẾN TIỀN LIỆT KÈM VIÊM ( PROSTATIC HYPERPLASIA ),Slide7-8,False,
IMG_20260327_154039_239.tiff,IMG_20260327_154039_239,Kruss,0,40X,2640,668,YCT26,I-XII. TĂNG SẢN LÀNH TÍNH TUYẾN TIỀN LIỆT KÈM VIÊM ( PROSTATIC HYPERPLASIA ),Slide7-8,False,
IMG_20260327_154039_643.tiff,IMG_20260327_154039_643,Kruss,0,40X,2641,668,YCT26,I-XII. TĂNG SẢN LÀNH TÍNH TUYẾN TIỀN LIỆT KÈM VIÊM ( PROSTATIC HYPERPLASIA ),Slide7-8,False,
IMG_20260327_154146_929.tiff,IMG_20260327_154146_929,Kruss,0,40X,2642,668,YCT26,I-XII. TĂNG SẢN LÀNH TÍNH TUYẾN TIỀN LIỆT KÈM VIÊM ( PROSTATIC HYPERPLASIA ),Slide7-8,False,
IMG_20260327_154147_286.tiff,IMG_20260327_154147_286,Kruss,0,40X,2643,668,YCT26,I-XII. TĂNG SẢN LÀNH TÍNH TUYẾN TIỀN LIỆT KÈM VIÊM ( PROSTATIC HYPERPLASIA ),Slide7-8,False,
IMG_20260327_154147_671.tiff,IMG_20260327_154147_671,Kruss,0,40X,2644,668,YCT26,I-XII. TĂNG SẢN LÀNH TÍNH TUYẾN TIỀN LIỆT KÈM VIÊM ( PROSTATIC HYPERPLASIA ),Slide7-8,False,
IMG_20260327_154148_046.tiff,IMG_20260327_154148_046,Kruss,0,40X,2645,668,YCT26,I-XII. TĂNG SẢN LÀNH TÍNH TUYẾN TIỀN LIỆT KÈM VIÊM ( PROSTATIC HYPERPLASIA ),Slide7-8,False,
IMG_20260327_154148_409.tiff,IMG_20260327_154148_409,Kruss,0,40X,2646,668,YCT26,I-XII. TĂNG SẢN LÀNH TÍNH TUYẾN TIỀN LIỆT KÈM VIÊM ( PROSTATIC HYPERPLASIA ),Slide7-8,False,
IMG_20260327_154148_787.tiff,IMG_20260327_154148_787,Kruss,0,40X,2647,668,YCT26,I-XII. TĂNG SẢN LÀNH TÍNH TUYẾN TIỀN LIỆT KÈM VIÊM ( PROSTATIC HYPERPLASIA ),Slide7-8,False,
IMG_20260327_154149_165.tiff,IMG_20260327_154149_165,Kruss,0,40X,2648,668,YCT26,I-XII. TĂNG SẢN LÀNH TÍNH TUYẾN TIỀN LIỆT KÈM VIÊM ( PROSTATIC HYPERPLASIA ),Slide7-8,False,
IMG_20260327_154149_555.tiff,IMG_20260327_154149_555,Kruss,0,40X,2649,668,YCT26,I-XII. TĂNG SẢN LÀNH TÍNH TUYẾN TIỀN LIỆT KÈM VIÊM ( PROSTATIC HYPERPLASIA ),Slide7-8,False,
IMG_20260327_154310_549.tiff,IMG_20260327_154310_549,Kruss,0,40X,2650,668,YCT26,I-XII. TĂNG SẢN LÀNH TÍNH TUYẾN TIỀN LIỆT KÈM VIÊM ( PROSTATIC HYPERPLASIA ),Slide7-8,False,
IMG_20260327_154310_910.tiff,IMG_20260327_154310_910,Kruss,0,40X,2651,668,YCT26,I-XII. TĂNG SẢN LÀNH TÍNH TUYẾN TIỀN LIỆT KÈM VIÊM ( PROSTATIC HYPERPLASIA ),Slide7-8,False,
IMG_20260327_154311_248.tiff,IMG_20260327_154311_248,Kruss,0,40X,2652,668,YCT26,I-XII. TĂNG SẢN LÀNH TÍNH TUYẾN TIỀN LIỆT KÈM VIÊM ( PROSTATIC HYPERPLASIA ),Slide7-8,False,
IMG_20260327_154311_649.tiff,IMG_20260327_154311_649,Kruss,0,40X,2653,668,YCT26,I-XII. TĂNG SẢN LÀNH TÍNH TUYẾN TIỀN LIỆT KÈM VIÊM ( PROSTATIC HYPERPLASIA ),Slide7-8,False,
IMG_20260327_154312_004.tiff,IMG_20260327_154312_004,Kruss,0,40X,2654,668,YCT26,I-XII. TĂNG SẢN LÀNH TÍNH TUYẾN TIỀN LIỆT KÈM VIÊM ( PROSTATIC HYPERPLASIA ),Slide7-8,False,
IMG_20260327_154312_362.tiff,IMG_20260327_154312_362,Kruss,0,40X,2655,668,YCT26,I-XII. TĂNG SẢN LÀNH TÍNH TUYẾN TIỀN LIỆT KÈM VIÊM ( PROSTATIC HYPERPLASIA ),Slide7-8,False,
IMG_20260327_154312_739.tiff,IMG_20260327_154312_739,Kruss,0,40X,2656,668,YCT26,I-XII. TĂNG SẢN LÀNH TÍNH TUYẾN TIỀN LIỆT KÈM VIÊM ( PROSTATIC HYPERPLASIA ),Slide7-8,False,
IMG_20260327_154313_096.tiff,IMG_20260327_154313_096,Kruss,0,40X,2657,668,YCT26,I-XII. TĂNG SẢN LÀNH TÍNH TUYẾN TIỀN LIỆT KÈM VIÊM ( PROSTATIC HYPERPLASIA ),Slide7-8,False,
IMG_20260327_154435_618.tiff,IMG_20260327_154435_618,Kruss,0,40X,2658,668,YCT26,I-XII. TĂNG SẢN LÀNH TÍNH TUYẾN TIỀN LIỆT KÈM VIÊM ( PROSTATIC HYPERPLASIA ),Slide7-8,False,
IMG_20260327_154435_982.tiff,IMG_20260327_154435_982,Kruss,0,40X,2659,668,YCT26,I-XII. TĂNG SẢN LÀNH TÍNH TUYẾN TIỀN LIỆT KÈM VIÊM ( PROSTATIC HYPERPLASIA ),Slide7-8,False,
IMG_20260327_154436_328.tiff,IMG_20260327_154436_328,Kruss,0,40X,2660,668,YCT26,I-XII. TĂNG SẢN LÀNH TÍNH TUYẾN TIỀN LIỆT KÈM VIÊM ( PROSTATIC HYPERPLASIA ),Slide7-8,False,
IMG_20260327_154436_697.tiff,IMG_20260327_154436_697,Kruss,0,40X,2661,668,YCT26,I-XII. TĂNG SẢN LÀNH TÍNH TUYẾN TIỀN LIỆT KÈM VIÊM ( PROSTATIC HYPERPLASIA ),Slide7-8,False,
IMG_20260327_154437_052.tiff,IMG_20260327_154437_052,Kruss,0,40X,2662,668,YCT26,I-XII. TĂNG SẢN LÀNH TÍNH TUYẾN TIỀN LIỆT KÈM VIÊM ( PROSTATIC HYPERPLASIA ),Slide7-8,False,
IMG_20260327_154437_402.tiff,IMG_20260327_154437_402,Kruss,0,40X,2663,668,YCT26,I-XII. TĂNG SẢN LÀNH TÍNH TUYẾN TIỀN LIỆT KÈM VIÊM ( PROSTATIC HYPERPLASIA ),Slide7-8,False,
IMG_20260327_154437_757.tiff,IMG_20260327_154437_757,Kruss,0,40X,2664,668,YCT26,I-XII. TĂNG SẢN LÀNH TÍNH TUYẾN TIỀN LIỆT KÈM VIÊM ( PROSTATIC HYPERPLASIA ),Slide7-8,False,
IMG_20260327_154438_103.tiff,IMG_20260327_154438_103,Kruss,0,40X,2665,668,YCT26,I-XII. TĂNG SẢN LÀNH TÍNH TUYẾN TIỀN LIỆT KÈM VIÊM ( PROSTATIC HYPERPLASIA ),Slide7-8,False,
IMG_20260327_154545_890.tiff,IMG_20260327_154545_890,Kruss,0,40X,2666,668,YCT26,I-XII. TĂNG SẢN LÀNH TÍNH TUYẾN TIỀN LIỆT KÈM VIÊM ( PROSTATIC HYPERPLASIA ),Slide7-8,False,
IMG_20260327_154546_250.tiff,IMG_20260327_154546_250,Kruss,0,40X,2667,668,YCT26,I-XII. TĂNG SẢN LÀNH TÍNH TUYẾN TIỀN LIỆT KÈM VIÊM ( PROSTATIC HYPERPLASIA ),Slide7-8,False,
IMG_20260327_154546_667.tiff,IMG_20260327_154546_667,Kruss,0,40X,2668,668,YCT26,I-XII. TĂNG SẢN LÀNH TÍNH TUYẾN TIỀN LIỆT KÈM VIÊM ( PROSTATIC HYPERPLASIA ),Slide7-8,False,
IMG_20260327_154547_014.tiff,IMG_20260327_154547_014,Kruss,0,40X,2669,668,YCT26,I-XII. TĂNG SẢN LÀNH TÍNH TUYẾN TIỀN LIỆT KÈM VIÊM ( PROSTATIC HYPERPLASIA ),Slide7-8,False,
IMG_20260327_154547_370.tiff,IMG_20260327_154547_370,Kruss,0,40X,2670,668,YCT26,I-XII. TĂNG SẢN LÀNH TÍNH TUYẾN TIỀN LIỆT KÈM VIÊM ( PROSTATIC HYPERPLASIA ),Slide7-8,False,
IMG_20260327_154547_748.tiff,IMG_20260327_154547_748,Kruss,0,40X,2671,668,YCT26,I-XII. TĂNG SẢN LÀNH TÍNH TUYẾN TIỀN LIỆT KÈM VIÊM ( PROSTATIC HYPERPLASIA ),Slide7-8,False,
IMG_20260327_154548_098.tiff,IMG_20260327_154548_098,Kruss,0,40X,2672,668,YCT26,I-XII. TĂNG SẢN LÀNH TÍNH TUYẾN TIỀN LIỆT KÈM VIÊM ( PROSTATIC HYPERPLASIA ),Slide7-8,False,
IMG_20260327_154548_449.tiff,IMG_20260327_154548_449,Kruss,0,40X,2673,668,YCT26,I-XII. TĂNG SẢN LÀNH TÍNH TUYẾN TIỀN LIỆT KÈM VIÊM ( PROSTATIC HYPERPLASIA ),Slide7-8,False,
IMG_20260327_154732_350.tiff,IMG_20260327_154732_350,Kruss,0,40X,2674,668,YCT26,I-XII. TĂNG SẢN LÀNH TÍNH TUYẾN TIỀN LIỆT KÈM VIÊM ( PROSTATIC HYPERPLASIA ),Slide7-8,False,
IMG_20260327_154732_744.tiff,IMG_20260327_154732_744,Kruss,0,40X,2675,668,YCT26,I-XII. TĂNG SẢN LÀNH TÍNH TUYẾN TIỀN LIỆT KÈM VIÊM ( PROSTATIC HYPERPLASIA ),Slide7-8,False,
IMG_20260327_154733_109.tiff,IMG_20260327_154733_109,Kruss,0,40X,2676,668,YCT26,I-XII. TĂNG SẢN LÀNH TÍNH TUYẾN TIỀN LIỆT KÈM VIÊM ( PROSTATIC HYPERPLASIA ),Slide7-8,False,
IMG_20260327_154733_450.tiff,IMG_20260327_154733_450,Kruss,0,40X,2677,668,YCT26,I-XII. TĂNG SẢN LÀNH TÍNH TUYẾN TIỀN LIỆT KÈM VIÊM ( PROSTATIC HYPERPLASIA ),Slide7-8,False,
IMG_20260327_154733_822.tiff,IMG_20260327_154733_822,Kruss,0,40X,2678,668,YCT26,I-XII. TĂNG SẢN LÀNH TÍNH TUYẾN TIỀN LIỆT KÈM VIÊM ( PROSTATIC HYPERPLASIA ),Slide7-8,False,
IMG_20260327_154734_186.tiff,IMG_20260327_154734_186,Kruss,0,40X,2679,668,YCT26,I-XII. TĂNG SẢN LÀNH TÍNH TUYẾN TIỀN LIỆT KÈM VIÊM ( PROSTATIC HYPERPLASIA ),Slide7-8,False,
IMG_20260327_154734_568.tiff,IMG_20260327_154734_568,Kruss,0,40X,2680,668,YCT26,I-XII. TĂNG SẢN LÀNH TÍNH TUYẾN TIỀN LIỆT KÈM VIÊM ( PROSTATIC HYPERPLASIA ),Slide7-8,False,
IMG_20260327_154734_953.tiff,IMG_20260327_154734_953,Kruss,0,40X,2681,668,YCT26,I-XII. TĂNG SẢN LÀNH TÍNH TUYẾN TIỀN LIỆT KÈM VIÊM ( PROSTATIC HYPERPLASIA ),Slide7-8,False,
IMG_20260327_154842_806.tiff,IMG_20260327_154842_806,Kruss,0,40X,2682,668,YCT26,I-XII. TĂNG SẢN LÀNH TÍNH TUYẾN TIỀN LIỆT KÈM VIÊM ( PROSTATIC HYPERPLASIA ),Slide7-8,False,
IMG_20260327_154843_149.tiff,IMG_20260327_154843_149,Kruss,0,40X,2683,668,YCT26,I-XII. TĂNG SẢN LÀNH TÍNH TUYẾN TIỀN LIỆT KÈM VIÊM ( PROSTATIC HYPERPLASIA ),Slide7-8,False,
IMG_20260327_154843_484.tiff,IMG_20260327_154843_484,Kruss,0,40X,2684,668,YCT26,I-XII. TĂNG SẢN LÀNH TÍNH TUYẾN TIỀN LIỆT KÈM VIÊM ( PROSTATIC HYPERPLASIA ),Slide7-8,False,
IMG_20260327_154843_849.tiff,IMG_20260327_154843_849,Kruss,0,40X,2685,668,YCT26,I-XII. TĂNG SẢN LÀNH TÍNH TUYẾN TIỀN LIỆT KÈM VIÊM ( PROSTATIC HYPERPLASIA ),Slide7-8,False,
IMG_20260327_154844_216.tiff,IMG_20260327_154844_216,Kruss,0,40X,2686,668,YCT26,I-XII. TĂNG SẢN LÀNH TÍNH TUYẾN TIỀN LIỆT KÈM VIÊM ( PROSTATIC HYPERPLASIA ),Slide7-8,False,
IMG_20260327_154844_585.tiff,IMG_20260327_154844_585,Kruss,0,40X,2687,668,YCT26,I-XII. TĂNG SẢN LÀNH TÍNH TUYẾN TIỀN LIỆT KÈM VIÊM ( PROSTATIC HYPERPLASIA ),Slide7-8,False,
IMG_20260327_154844_946.tiff,IMG_20260327_154844_946,Kruss,0,40X,2688,668,YCT26,I-XII. TĂNG SẢN LÀNH TÍNH TUYẾN TIỀN LIỆT KÈM VIÊM ( PROSTATIC HYPERPLASIA ),Slide7-8,False,
IMG_20260327_154845_324.tiff,IMG_20260327_154845_324,Kruss,0,40X,2689,668,YCT26,I-XII. TĂNG SẢN LÀNH TÍNH TUYẾN TIỀN LIỆT KÈM VIÊM ( PROSTATIC HYPERPLASIA ),Slide7-8,False,
IMG_20260327_154933_091.tiff,IMG_20260327_154933_091,Kruss,0,40X,2690,668,YCT26,I-XII. TĂNG SẢN LÀNH TÍNH TUYẾN TIỀN LIỆT KÈM VIÊM ( PROSTATIC HYPERPLASIA ),Slide7-8,False,
IMG_20260327_154933_443.tiff,IMG_20260327_154933_443,Kruss,0,40X,2691,668,YCT26,I-XII. TĂNG SẢN LÀNH TÍNH TUYẾN TIỀN LIỆT KÈM VIÊM ( PROSTATIC HYPERPLASIA ),Slide7-8,False,
IMG_20260327_154933_781.tiff,IMG_20260327_154933_781,Kruss,0,40X,2692,668,YCT26,I-XII. TĂNG SẢN LÀNH TÍNH TUYẾN TIỀN LIỆT KÈM VIÊM ( PROSTATIC HYPERPLASIA ),Slide7-8,False,
IMG_20260327_154934_147.tiff,IMG_20260327_154934_147,Kruss,0,40X,2693,668,YCT26,I-XII. TĂNG SẢN LÀNH TÍNH TUYẾN TIỀN LIỆT KÈM VIÊM ( PROSTATIC HYPERPLASIA ),Slide7-8,False,
IMG_20260327_154934_500.tiff,IMG_20260327_154934_500,Kruss,0,40X,2694,668,YCT26,I-XII. TĂNG SẢN LÀNH TÍNH TUYẾN TIỀN LIỆT KÈM VIÊM ( PROSTATIC HYPERPLASIA ),Slide7-8,False,
IMG_20260327_154934_854.tiff,IMG_20260327_154934_854,Kruss,0,40X,2695,668,YCT26,I-XII. TĂNG SẢN LÀNH TÍNH TUYẾN TIỀN LIỆT KÈM VIÊM ( PROSTATIC HYPERPLASIA ),Slide7-8,False,
IMG_20260327_154935_221.tiff,IMG_20260327_154935_221,Kruss,0,40X,2696,668,YCT26,I-XII. TĂNG SẢN LÀNH TÍNH TUYẾN TIỀN LIỆT KÈM VIÊM ( PROSTATIC HYPERPLASIA ),Slide7-8,False,
IMG_20260327_154935_594.tiff,IMG_20260327_154935_594,Kruss,0,40X,2697,668,YCT26,I-XII. TĂNG SẢN LÀNH TÍNH TUYẾN TIỀN LIỆT KÈM VIÊM ( PROSTATIC HYPERPLASIA ),Slide7-8,False,
IMG_20260327_155122_614.tiff,IMG_20260327_155122_614,Kruss,0,40X,2698,668,YCT26,I-XII. TĂNG SẢN LÀNH TÍNH TUYẾN TIỀN LIỆT KÈM VIÊM ( PROSTATIC HYPERPLASIA ),Slide7-8,False,
IMG_20260327_155122_946.tiff,IMG_20260327_155122_946,Kruss,0,40X,2699,668,YCT26,I-XII. TĂNG SẢN LÀNH TÍNH TUYẾN TIỀN LIỆT KÈM VIÊM ( PROSTATIC HYPERPLASIA ),Slide7-8,False,
IMG_20260327_155123_306.tiff,IMG_20260327_155123_306,Kruss,0,40X,2700,668,YCT26,I-XII. TĂNG SẢN LÀNH TÍNH TUYẾN TIỀN LIỆT KÈM VIÊM ( PROSTATIC HYPERPLASIA ),Slide7-8,False,
IMG_20260327_155123_689.tiff,IMG_20260327_155123_689,Kruss,0,40X,2701,668,YCT26,I-XII. TĂNG SẢN LÀNH TÍNH TUYẾN TIỀN LIỆT KÈM VIÊM ( PROSTATIC HYPERPLASIA ),Slide7-8,False,
IMG_20260327_155124_055.tiff,IMG_20260327_155124_055,Kruss,0,40X,2702,668,YCT26,I-XII. TĂNG SẢN LÀNH TÍNH TUYẾN TIỀN LIỆT KÈM VIÊM ( PROSTATIC HYPERPLASIA ),Slide7-8,False,
IMG_20260327_155124_418.tiff,IMG_20260327_155124_418,Kruss,0,40X,2703,668,YCT26,I-XII. TĂNG SẢN LÀNH TÍNH TUYẾN TIỀN LIỆT KÈM VIÊM ( PROSTATIC HYPERPLASIA ),Slide7-8,False,
IMG_20260327_155124_787.tiff,IMG_20260327_155124_787,Kruss,0,40X,2704,668,YCT26,I-XII. TĂNG SẢN LÀNH TÍNH TUYẾN TIỀN LIỆT KÈM VIÊM ( PROSTATIC HYPERPLASIA ),Slide7-8,False,
IMG_20260327_155125_143.tiff,IMG_20260327_155125_143,Kruss,0,40X,2705,668,YCT26,I-XII. TĂNG SẢN LÀNH TÍNH TUYẾN TIỀN LIỆT KÈM VIÊM ( PROSTATIC HYPERPLASIA ),Slide7-8,False,
IMG_20260327_155142_144.tiff,IMG_20260327_155142_144,Kruss,0,40X,2706,668,YCT26,I-XII. TĂNG SẢN LÀNH TÍNH TUYẾN TIỀN LIỆT KÈM VIÊM ( PROSTATIC HYPERPLASIA ),Slide7-8,False,
IMG_20260327_153522_115.tiff,IMG_20260327_153522_115,Kruss,0,4X,2605,668,YCT26,I-XII. TĂNG SẢN LÀNH TÍNH TUYẾN TIỀN LIỆT KÈM VIÊM ( PROSTATIC HYPERPLASIA ),Slide7-8,True,IMG_20260327_153522_115.tiff
IMG_20260327_153522_429.tiff,IMG_20260327_153522_429,Kruss,0,4X,2606,668,YCT26,I-XII. TĂNG SẢN LÀNH TÍNH TUYẾN TIỀN LIỆT KÈM VIÊM ( PROSTATIC HYPERPLASIA ),Slide7-8,True,IMG_20260327_153522_429.tiff
IMG_20260327_153522_733.tiff,IMG_20260327_153522_733,Kruss,0,4X,2607,668,YCT26,I-XII. TĂNG SẢN LÀNH TÍNH TUYẾN TIỀN LIỆT KÈM VIÊM ( PROSTATIC HYPERPLASIA ),Slide7-8,True,IMG_20260327_153522_733.tiff
IMG_20260327_153523_067.tiff,IMG_20260327_153523_067,Kruss,0,4X,2608,668,YCT26,I-XII. TĂNG SẢN LÀNH TÍNH TUYẾN TIỀN LIỆT KÈM VIÊM ( PROSTATIC HYPERPLASIA ),Slide7-8,True,IMG_20260327_153523_067.tiff
IMG_20260327_153523_398.tiff,IMG_20260327_153523_398,Kruss,0,4X,2609,668,YCT26,I-XII. TĂNG SẢN LÀNH TÍNH TUYẾN TIỀN LIỆT KÈM VIÊM ( PROSTATIC HYPERPLASIA ),Slide7-8,True,IMG_20260327_153523_398.tiff
IMG_20260327_153523_719.tiff,IMG_20260327_153523_719,Kruss,0,4X,2610,668,YCT26,I-XII. TĂNG SẢN LÀNH TÍNH TUYẾN TIỀN LIỆT KÈM VIÊM ( PROSTATIC HYPERPLASIA ),Slide7-8,True,IMG_20260327_153523_719.tiff
IMG_20260327_153524_069.tiff,IMG_20260327_153524_069,Kruss,0,4X,2611,668,YCT26,I-XII. TĂNG SẢN LÀNH TÍNH TUYẾN TIỀN LIỆT KÈM VIÊM ( PROSTATIC HYPERPLASIA ),Slide7-8,True,IMG_20260327_153524_069.tiff
IMG_20260327_153524_380.tiff,IMG_20260327_153524_380,Kruss,0,4X,2612,668,YCT26,I-XII. TĂNG SẢN LÀNH TÍNH TUYẾN TIỀN LIỆT KÈM VIÊM ( PROSTATIC HYPERPLASIA ),Slide7-8,True,IMG_20260327_153524_380.tiff
IMG_20260327_155518_798.tiff,IMG_20260327_155518_798,Kruss,0,10X,2709,668,YCT26,I-XII. TĂNG SẢN LÀNH TÍNH TUYẾN TIỀN LIỆT KÈM VIÊM ( PROSTATIC HYPERPLASIA ),Slide9-10,False,
IMG_20260327_155519_140.tiff,IMG_20260327_155519_140,Kruss,0,10X,2710,668,YCT26,I-XII. TĂNG SẢN LÀNH TÍNH TUYẾN TIỀN LIỆT KÈM VIÊM ( PROSTATIC HYPERPLASIA ),Slide9-10,False,
IMG_20260327_155519_464.tiff,IMG_20260327_155519_464,Kruss,0,10X,2711,668,YCT26,I-XII. TĂNG SẢN LÀNH TÍNH TUYẾN TIỀN LIỆT KÈM VIÊM ( PROSTATIC HYPERPLASIA ),Slide9-10,False,
IMG_20260327_155520_100.tiff,IMG_20260327_155520_100,Kruss,0,10X,2713,668,YCT26,I-XII. TĂNG SẢN LÀNH TÍNH TUYẾN TIỀN LIỆT KÈM VIÊM ( PROSTATIC HYPERPLASIA ),Slide9-10,False,
IMG_20260327_155520_427.tiff,IMG_20260327_155520_427,Kruss,0,10X,2714,668,YCT26,I-XII. TĂNG SẢN LÀNH TÍNH TUYẾN TIỀN LIỆT KÈM VIÊM ( PROSTATIC HYPERPLASIA ),Slide9-10,False,
IMG_20260327_160035_964.tiff,IMG_20260327_160035_964,Kruss,0,10X,2734,668,YCT26,I-XII. TĂNG SẢN LÀNH TÍNH TUYẾN TIỀN LIỆT KÈM VIÊM ( PROSTATIC HYPERPLASIA ),Slide9-10,False,
IMG_20260327_160036_293.tiff,IMG_20260327_160036_293,Kruss,0,10X,2735,668,YCT26,I-XII. TĂNG SẢN LÀNH TÍNH TUYẾN TIỀN LIỆT KÈM VIÊM ( PROSTATIC HYPERPLASIA ),Slide9-10,False,
IMG_20260327_155649_465.tiff,IMG_20260327_155649_465,Kruss,0,40X,2715,668,YCT26,I-XII. TĂNG SẢN LÀNH TÍNH TUYẾN TIỀN LIỆT KÈM VIÊM ( PROSTATIC HYPERPLASIA ),Slide9-10,False,
IMG_20260327_155649_787.tiff,IMG_20260327_155649_787,Kruss,0,40X,2716,668,YCT26,I-XII. TĂNG SẢN LÀNH TÍNH TUYẾN TIỀN LIỆT KÈM VIÊM ( PROSTATIC HYPERPLASIA ),Slide9-10,False,
IMG_20260327_155650_139.tiff,IMG_20260327_155650_139,Kruss,0,40X,2717,668,YCT26,I-XII. TĂNG SẢN LÀNH TÍNH TUYẾN TIỀN LIỆT KÈM VIÊM ( PROSTATIC HYPERPLASIA ),Slide9-10,False,
IMG_20260327_155650_486.tiff,IMG_20260327_155650_486,Kruss,0,40X,2718,668,YCT26,I-XII. TĂNG SẢN LÀNH TÍNH TUYẾN TIỀN LIỆT KÈM VIÊM ( PROSTATIC HYPERPLASIA ),Slide9-10,False,
IMG_20260327_155650_828.tiff,IMG_20260327_155650_828,Kruss,0,40X,2719,668,YCT26,I-XII. TĂNG SẢN LÀNH TÍNH TUYẾN TIỀN LIỆT KÈM VIÊM ( PROSTATIC HYPERPLASIA ),Slide9-10,False,
IMG_20260327_155651_175.tiff,IMG_20260327_155651_175,Kruss,0,40X,2720,668,YCT26,I-XII. TĂNG SẢN LÀNH TÍNH TUYẾN TIỀN LIỆT KÈM VIÊM ( PROSTATIC HYPERPLASIA ),Slide9-10,False,
IMG_20260327_155651_566.tiff,IMG_20260327_155651_566,Kruss,0,40X,2721,668,YCT26,I-XII. TĂNG SẢN LÀNH TÍNH TUYẾN TIỀN LIỆT KÈM VIÊM ( PROSTATIC HYPERPLASIA ),Slide9-10,False,
IMG_20260327_155651_923.tiff,IMG_20260327_155651_923,Kruss,0,40X,2722,668,YCT26,I-XII. TĂNG SẢN LÀNH TÍNH TUYẾN TIỀN LIỆT KÈM VIÊM ( PROSTATIC HYPERPLASIA ),Slide9-10,False,
IMG_20260327_155947_932.tiff,IMG_20260327_155947_932,Kruss,0,40X,2723,668,YCT26,I-XII. TĂNG SẢN LÀNH TÍNH TUYẾN TIỀN LIỆT KÈM VIÊM ( PROSTATIC HYPERPLASIA ),Slide9-10,False,
IMG_20260327_155948_256.tiff,IMG_20260327_155948_256,Kruss,0,40X,2724,668,YCT26,I-XII. TĂNG SẢN LÀNH TÍNH TUYẾN TIỀN LIỆT KÈM VIÊM ( PROSTATIC HYPERPLASIA ),Slide9-10,False,
IMG_20260327_155948_633.tiff,IMG_20260327_155948_633,Kruss,0,40X,2725,668,YCT26,I-XII. TĂNG SẢN LÀNH TÍNH TUYẾN TIỀN LIỆT KÈM VIÊM ( PROSTATIC HYPERPLASIA ),Slide9-10,False,
IMG_20260327_155948_990.tiff,IMG_20260327_155948_990,Kruss,0,40X,2726,668,YCT26,I-XII. TĂNG SẢN LÀNH TÍNH TUYẾN TIỀN LIỆT KÈM VIÊM ( PROSTATIC HYPERPLASIA ),Slide9-10,False,
IMG_20260327_155949_349.tiff,IMG_20260327_155949_349,Kruss,0,40X,2727,668,YCT26,I-XII. TĂNG SẢN LÀNH TÍNH TUYẾN TIỀN LIỆT KÈM VIÊM ( PROSTATIC HYPERPLASIA ),Slide9-10,False,
IMG_20260327_155949_685.tiff,IMG_20260327_155949_685,Kruss,0,40X,2728,668,YCT26,I-XII. TĂNG SẢN LÀNH TÍNH TUYẾN TIỀN LIỆT KÈM VIÊM ( PROSTATIC HYPERPLASIA ),Slide9-10,False,
IMG_20260327_155950_024.tiff,IMG_20260327_155950_024,Kruss,0,40X,2729,668,YCT26,I-XII. TĂNG SẢN LÀNH TÍNH TUYẾN TIỀN LIỆT KÈM VIÊM ( PROSTATIC HYPERPLASIA ),Slide9-10,False,
IMG_20260327_155950_405.tiff,IMG_20260327_155950_405,Kruss,0,40X,2730,668,YCT26,I-XII. TĂNG SẢN LÀNH TÍNH TUYẾN TIỀN LIỆT KÈM VIÊM ( PROSTATIC HYPERPLASIA ),Slide9-10,False,
IMG_20260327_160011_184.tiff,IMG_20260327_160011_184,Kruss,0,40X,2731,668,YCT26,I-XII. TĂNG SẢN LÀNH TÍNH TUYẾN TIỀN LIỆT KÈM VIÊM ( PROSTATIC HYPERPLASIA ),Slide9-10,False,
IMG_20260327_160011_543.tiff,IMG_20260327_160011_543,Kruss,0,40X,2732,668,YCT26,I-XII. TĂNG SẢN LÀNH TÍNH TUYẾN TIỀN LIỆT KÈM VIÊM ( PROSTATIC HYPERPLASIA ),Slide9-10,False,
IMG_20260327_160011_881.tiff,IMG_20260327_160011_881,Kruss,0,40X,2733,668,YCT26,I-XII. TĂNG SẢN LÀNH TÍNH TUYẾN TIỀN LIỆT KÈM VIÊM ( PROSTATIC HYPERPLASIA ),Slide9-10,False,
IMG_20260327_155336_058.tiff,IMG_20260327_155336_058,Kruss,0,4X,2707,668,YCT26,I-XII. TĂNG SẢN LÀNH TÍNH TUYẾN TIỀN LIỆT KÈM VIÊM ( PROSTATIC HYPERPLASIA ),Slide9-10,True,IMG_20260327_155336_058.tiff
IMG_20260327_155336_372.tiff,IMG_20260327_155336_372,Kruss,0,4X,2708,668,YCT26,I-XII. TĂNG SẢN LÀNH TÍNH TUYẾN TIỀN LIỆT KÈM VIÊM ( PROSTATIC HYPERPLASIA ),Slide9-10,True,IMG_20260327_155336_372.tiff
IMG_20260327_160100_995.tiff,IMG_20260327_160100_995,Kruss,0,4X,2736,668,YCT26,I-XII. TĂNG SẢN LÀNH TÍNH TUYẾN TIỀN LIỆT KÈM VIÊM ( PROSTATIC HYPERPLASIA ),Slide9-10,True,IMG_20260327_160100_995.tiff
IMG_20260326_164047_609.tiff,IMG_20260326_164047_609,Kruss,0,10X,2024,669,YCT26,I-XII.TĂNG SẢN LÀNH TÍNH TUYẾN TIỀN LIỆT ( PROSTATIC HYPERPLASIA ),Slide1-2,False,
IMG_20260326_164047_924.tiff,IMG_20260326_164047_924,Kruss,0,10X,2025,669,YCT26,I-XII.TĂNG SẢN LÀNH TÍNH TUYẾN TIỀN LIỆT ( PROSTATIC HYPERPLASIA ),Slide1-2,False,
IMG_20260326_164048_225.tiff,IMG_20260326_164048_225,Kruss,0,10X,2026,669,YCT26,I-XII.TĂNG SẢN LÀNH TÍNH TUYẾN TIỀN LIỆT ( PROSTATIC HYPERPLASIA ),Slide1-2,False,
IMG_20260326_164048_877.tiff,IMG_20260326_164048_877,Kruss,0,10X,2028,669,YCT26,I-XII.TĂNG SẢN LÀNH TÍNH TUYẾN TIỀN LIỆT ( PROSTATIC HYPERPLASIA ),Slide1-2,False,
IMG_20260326_164537_290.tiff,IMG_20260326_164537_290,Kruss,0,40X,2030,669,YCT26,I-XII.TĂNG SẢN LÀNH TÍNH TUYẾN TIỀN LIỆT ( PROSTATIC HYPERPLASIA ),Slide1-2,False,
IMG_20260326_164537_630.tiff,IMG_20260326_164537_630,Kruss,0,40X,2031,669,YCT26,I-XII.TĂNG SẢN LÀNH TÍNH TUYẾN TIỀN LIỆT ( PROSTATIC HYPERPLASIA ),Slide1-2,False,
IMG_20260326_164537_958.tiff,IMG_20260326_164537_958,Kruss,0,40X,2032,669,YCT26,I-XII.TĂNG SẢN LÀNH TÍNH TUYẾN TIỀN LIỆT ( PROSTATIC HYPERPLASIA ),Slide1-2,False,
IMG_20260326_164538_305.tiff,IMG_20260326_164538_305,Kruss,0,40X,2033,669,YCT26,I-XII.TĂNG SẢN LÀNH TÍNH TUYẾN TIỀN LIỆT ( PROSTATIC HYPERPLASIA ),Slide1-2,False,
IMG_20260326_164538_634.tiff,IMG_20260326_164538_634,Kruss,0,40X,2034,669,YCT26,I-XII.TĂNG SẢN LÀNH TÍNH TUYẾN TIỀN LIỆT ( PROSTATIC HYPERPLASIA ),Slide1-2,False,
IMG_20260326_164538_957.tiff,IMG_20260326_164538_957,Kruss,0,40X,2035,669,YCT26,I-XII.TĂNG SẢN LÀNH TÍNH TUYẾN TIỀN LIỆT ( PROSTATIC HYPERPLASIA ),Slide1-2,False,
IMG_20260326_164539_315.tiff,IMG_20260326_164539_315,Kruss,0,40X,2036,669,YCT26,I-XII.TĂNG SẢN LÀNH TÍNH TUYẾN TIỀN LIỆT ( PROSTATIC HYPERPLASIA ),Slide1-2,False,
IMG_20260326_164539_656.tiff,IMG_20260326_164539_656,Kruss,0,40X,2037,669,YCT26,I-XII.TĂNG SẢN LÀNH TÍNH TUYẾN TIỀN LIỆT ( PROSTATIC HYPERPLASIA ),Slide1-2,False,
IMG_20260327_112221_902.tiff,IMG_20260327_112221_902,Kruss,0,10X,2194,669,YCT26,I-XII.TĂNG SẢN LÀNH TÍNH TUYẾN TIỀN LIỆT ( PROSTATIC HYPERPLASIA ),Slide11-12,False,
IMG_20260327_112222_228.tiff,IMG_20260327_112222_228,Kruss,0,10X,2195,669,YCT26,I-XII.TĂNG SẢN LÀNH TÍNH TUYẾN TIỀN LIỆT ( PROSTATIC HYPERPLASIA ),Slide11-12,False,
IMG_20260327_112222_551.tiff,IMG_20260327_112222_551,Kruss,0,10X,2196,669,YCT26,I-XII.TĂNG SẢN LÀNH TÍNH TUYẾN TIỀN LIỆT ( PROSTATIC HYPERPLASIA ),Slide11-12,False,
IMG_20260327_112222_868.tiff,IMG_20260327_112222_868,Kruss,0,10X,2197,669,YCT26,I-XII.TĂNG SẢN LÀNH TÍNH TUYẾN TIỀN LIỆT ( PROSTATIC HYPERPLASIA ),Slide11-12,False,
IMG_20260327_112223_183.tiff,IMG_20260327_112223_183,Kruss,0,10X,2198,669,YCT26,I-XII.TĂNG SẢN LÀNH TÍNH TUYẾN TIỀN LIỆT ( PROSTATIC HYPERPLASIA ),Slide11-12,False,
IMG_20260327_112223_508.tiff,IMG_20260327_112223_508,Kruss,0,10X,2199,669,YCT26,I-XII.TĂNG SẢN LÀNH TÍNH TUYẾN TIỀN LIỆT ( PROSTATIC HYPERPLASIA ),Slide11-12,False,
IMG_20260327_112223_840.tiff,IMG_20260327_112223_840,Kruss,0,10X,2200,669,YCT26,I-XII.TĂNG SẢN LÀNH TÍNH TUYẾN TIỀN LIỆT ( PROSTATIC HYPERPLASIA ),Slide11-12,False,
IMG_20260327_112224_143.tiff,IMG_20260327_112224_143,Kruss,0,10X,2201,669,YCT26,I-XII.TĂNG SẢN LÀNH TÍNH TUYẾN TIỀN LIỆT ( PROSTATIC HYPERPLASIA ),Slide11-12,False,
IMG_20260327_112358_047.tiff,IMG_20260327_112358_047,Kruss,0,10X,2202,669,YCT26,I-XII.TĂNG SẢN LÀNH TÍNH TUYẾN TIỀN LIỆT ( PROSTATIC HYPERPLASIA ),Slide11-12,False,
IMG_20260327_112358_383.tiff,IMG_20260327_112358_383,Kruss,0,10X,2203,669,YCT26,I-XII.TĂNG SẢN LÀNH TÍNH TUYẾN TIỀN LIỆT ( PROSTATIC HYPERPLASIA ),Slide11-12,False,
IMG_20260327_112358_705.tiff,IMG_20260327_112358_705,Kruss,0,10X,2204,669,YCT26,I-XII.TĂNG SẢN LÀNH TÍNH TUYẾN TIỀN LIỆT ( PROSTATIC HYPERPLASIA ),Slide11-12,False,
IMG_20260327_112359_004.tiff,IMG_20260327_112359_004,Kruss,0,10X,2205,669,YCT26,I-XII.TĂNG SẢN LÀNH TÍNH TUYẾN TIỀN LIỆT ( PROSTATIC HYPERPLASIA ),Slide11-12,False,
IMG_20260327_112834_515.tiff,IMG_20260327_112834_515,Kruss,0,40X,2207,669,YCT26,I-XII.TĂNG SẢN LÀNH TÍNH TUYẾN TIỀN LIỆT ( PROSTATIC HYPERPLASIA ),Slide11-12,False,
IMG_20260327_112834_874.tiff,IMG_20260327_112834_874,Kruss,0,40X,2208,669,YCT26,I-XII.TĂNG SẢN LÀNH TÍNH TUYẾN TIỀN LIỆT ( PROSTATIC HYPERPLASIA ),Slide11-12,False,
IMG_20260327_112835_201.tiff,IMG_20260327_112835_201,Kruss,0,40X,2209,669,YCT26,I-XII.TĂNG SẢN LÀNH TÍNH TUYẾN TIỀN LIỆT ( PROSTATIC HYPERPLASIA ),Slide11-12,False,
IMG_20260327_112835_553.tiff,IMG_20260327_112835_553,Kruss,0,40X,2210,669,YCT26,I-XII.TĂNG SẢN LÀNH TÍNH TUYẾN TIỀN LIỆT ( PROSTATIC HYPERPLASIA ),Slide11-12,False,
IMG_20260327_112835_925.tiff,IMG_20260327_112835_925,Kruss,0,40X,2211,669,YCT26,I-XII.TĂNG SẢN LÀNH TÍNH TUYẾN TIỀN LIỆT ( PROSTATIC HYPERPLASIA ),Slide11-12,False,
IMG_20260327_112836_281.tiff,IMG_20260327_112836_281,Kruss,0,40X,2212,669,YCT26,I-XII.TĂNG SẢN LÀNH TÍNH TUYẾN TIỀN LIỆT ( PROSTATIC HYPERPLASIA ),Slide11-12,False,
IMG_20260327_112836_616.tiff,IMG_20260327_112836_616,Kruss,0,40X,2213,669,YCT26,I-XII.TĂNG SẢN LÀNH TÍNH TUYẾN TIỀN LIỆT ( PROSTATIC HYPERPLASIA ),Slide11-12,False,
IMG_20260327_112836_961.tiff,IMG_20260327_112836_961,Kruss,0,40X,2214,669,YCT26,I-XII.TĂNG SẢN LÀNH TÍNH TUYẾN TIỀN LIỆT ( PROSTATIC HYPERPLASIA ),Slide11-12,False,
IMG_20260327_112000_948.tiff,IMG_20260327_112000_948,Kruss,0,4X,2188,669,YCT26,I-XII.TĂNG SẢN LÀNH TÍNH TUYẾN TIỀN LIỆT ( PROSTATIC HYPERPLASIA ),Slide11-12,True,IMG_20260327_112000_948.tiff
IMG_20260327_112001_571.tiff,IMG_20260327_112001_571,Kruss,0,4X,2190,669,YCT26,I-XII.TĂNG SẢN LÀNH TÍNH TUYẾN TIỀN LIỆT ( PROSTATIC HYPERPLASIA ),Slide11-12,True,IMG_20260327_112001_571.tiff
IMG_20260327_112001_893.tiff,IMG_20260327_112001_893,Kruss,0,4X,2191,669,YCT26,I-XII.TĂNG SẢN LÀNH TÍNH TUYẾN TIỀN LIỆT ( PROSTATIC HYPERPLASIA ),Slide11-12,True,IMG_20260327_112001_893.tiff
IMG_20260326_165326_900.tiff,IMG_20260326_165326_900,Kruss,0,10X,2062,669,YCT26,I-XII.TĂNG SẢN LÀNH TÍNH TUYẾN TIỀN LIỆT ( PROSTATIC HYPERPLASIA ),Slide3-4,False,
IMG_20260326_165327_271.tiff,IMG_20260326_165327_271,Kruss,0,10X,2063,669,YCT26,I-XII.TĂNG SẢN LÀNH TÍNH TUYẾN TIỀN LIỆT ( PROSTATIC HYPERPLASIA ),Slide3-4,False,
IMG_20260326_165327_618.tiff,IMG_20260326_165327_618,Kruss,0,10X,2064,669,YCT26,I-XII.TĂNG SẢN LÀNH TÍNH TUYẾN TIỀN LIỆT ( PROSTATIC HYPERPLASIA ),Slide3-4,False,
IMG_20260326_165327_934.tiff,IMG_20260326_165327_934,Kruss,0,10X,2065,669,YCT26,I-XII.TĂNG SẢN LÀNH TÍNH TUYẾN TIỀN LIỆT ( PROSTATIC HYPERPLASIA ),Slide3-4,False,
IMG_20260326_165342_309.tiff,IMG_20260326_165342_309,Kruss,0,10X,2068,669,YCT26,I-XII.TĂNG SẢN LÀNH TÍNH TUYẾN TIỀN LIỆT ( PROSTATIC HYPERPLASIA ),Slide3-4,False,
IMG_20260326_165519_949.tiff,IMG_20260326_165519_949,Kruss,0,40X,2070,669,YCT26,I-XII.TĂNG SẢN LÀNH TÍNH TUYẾN TIỀN LIỆT ( PROSTATIC HYPERPLASIA ),Slide3-4,False,
IMG_20260326_165520_289.tiff,IMG_20260326_165520_289,Kruss,0,40X,2071,669,YCT26,I-XII.TĂNG SẢN LÀNH TÍNH TUYẾN TIỀN LIỆT ( PROSTATIC HYPERPLASIA ),Slide3-4,False,
IMG_20260326_165520_606.tiff,IMG_20260326_165520_606,Kruss,0,40X,2072,669,YCT26,I-XII.TĂNG SẢN LÀNH TÍNH TUYẾN TIỀN LIỆT ( PROSTATIC HYPERPLASIA ),Slide3-4,False,
IMG_20260326_165520_957.tiff,IMG_20260326_165520_957,Kruss,0,40X,2073,669,YCT26,I-XII.TĂNG SẢN LÀNH TÍNH TUYẾN TIỀN LIỆT ( PROSTATIC HYPERPLASIA ),Slide3-4,False,
IMG_20260326_165521_291.tiff,IMG_20260326_165521_291,Kruss,0,40X,2074,669,YCT26,I-XII.TĂNG SẢN LÀNH TÍNH TUYẾN TIỀN LIỆT ( PROSTATIC HYPERPLASIA ),Slide3-4,False,
IMG_20260326_165521_616.tiff,IMG_20260326_165521_616,Kruss,0,40X,2075,669,YCT26,I-XII.TĂNG SẢN LÀNH TÍNH TUYẾN TIỀN LIỆT ( PROSTATIC HYPERPLASIA ),Slide3-4,False,
IMG_20260326_165521_952.tiff,IMG_20260326_165521_952,Kruss,0,40X,2076,669,YCT26,I-XII.TĂNG SẢN LÀNH TÍNH TUYẾN TIỀN LIỆT ( PROSTATIC HYPERPLASIA ),Slide3-4,False,
IMG_20260326_165648_768.tiff,IMG_20260326_165648_768,Kruss,0,40X,2077,669,YCT26,I-XII.TĂNG SẢN LÀNH TÍNH TUYẾN TIỀN LIỆT ( PROSTATIC HYPERPLASIA ),Slide3-4,False,
IMG_20260326_165649_212.tiff,IMG_20260326_165649_212,Kruss,0,40X,2078,669,YCT26,I-XII.TĂNG SẢN LÀNH TÍNH TUYẾN TIỀN LIỆT ( PROSTATIC HYPERPLASIA ),Slide3-4,False,
IMG_20260326_165649_559.tiff,IMG_20260326_165649_559,Kruss,0,40X,2079,669,YCT26,I-XII.TĂNG SẢN LÀNH TÍNH TUYẾN TIỀN LIỆT ( PROSTATIC HYPERPLASIA ),Slide3-4,False,
IMG_20260326_165649_928.tiff,IMG_20260326_165649_928,Kruss,0,40X,2080,669,YCT26,I-XII.TĂNG SẢN LÀNH TÍNH TUYẾN TIỀN LIỆT ( PROSTATIC HYPERPLASIA ),Slide3-4,False,
IMG_20260326_165650_280.tiff,IMG_20260326_165650_280,Kruss,0,40X,2081,669,YCT26,I-XII.TĂNG SẢN LÀNH TÍNH TUYẾN TIỀN LIỆT ( PROSTATIC HYPERPLASIA ),Slide3-4,False,
IMG_20260326_165650_953.tiff,IMG_20260326_165650_953,Kruss,0,40X,2083,669,YCT26,I-XII.TĂNG SẢN LÀNH TÍNH TUYẾN TIỀN LIỆT ( PROSTATIC HYPERPLASIA ),Slide3-4,False,
IMG_20260326_165140_245.tiff,IMG_20260326_165140_245,Kruss,0,4X,2055,669,YCT26,I-XII.TĂNG SẢN LÀNH TÍNH TUYẾN TIỀN LIỆT ( PROSTATIC HYPERPLASIA ),Slide3-4,True,IMG_20260326_165140_245.tiff
IMG_20260326_165140_552.tiff,IMG_20260326_165140_552,Kruss,0,4X,2056,669,YCT26,I-XII.TĂNG SẢN LÀNH TÍNH TUYẾN TIỀN LIỆT ( PROSTATIC HYPERPLASIA ),Slide3-4,True,IMG_20260326_165140_552.tiff
IMG_20260326_165141_511.tiff,IMG_20260326_165141_511,Kruss,0,4X,2059,669,YCT26,I-XII.TĂNG SẢN LÀNH TÍNH TUYẾN TIỀN LIỆT ( PROSTATIC HYPERPLASIA ),Slide3-4,True,IMG_20260326_165141_511.tiff
IMG_20260326_170152_034.tiff,IMG_20260326_170152_034,Kruss,0,10X,2086,669,YCT26,I-XII.TĂNG SẢN LÀNH TÍNH TUYẾN TIỀN LIỆT ( PROSTATIC HYPERPLASIA ),Slide5-6,False,
IMG_20260326_170152_354.tiff,IMG_20260326_170152_354,Kruss,0,10X,2087,669,YCT26,I-XII.TĂNG SẢN LÀNH TÍNH TUYẾN TIỀN LIỆT ( PROSTATIC HYPERPLASIA ),Slide5-6,False,
IMG_20260326_170152_706.tiff,IMG_20260326_170152_706,Kruss,0,10X,2088,669,YCT26,I-XII.TĂNG SẢN LÀNH TÍNH TUYẾN TIỀN LIỆT ( PROSTATIC HYPERPLASIA ),Slide5-6,False,
IMG_20260326_170153_038.tiff,IMG_20260326_170153_038,Kruss,0,10X,2089,669,YCT26,I-XII.TĂNG SẢN LÀNH TÍNH TUYẾN TIỀN LIỆT ( PROSTATIC HYPERPLASIA ),Slide5-6,False,
IMG_20260326_170356_924.tiff,IMG_20260326_170356_924,Kruss,0,40X,2090,669,YCT26,I-XII.TĂNG SẢN LÀNH TÍNH TUYẾN TIỀN LIỆT ( PROSTATIC HYPERPLASIA ),Slide5-6,False,
IMG_20260326_170357_337.tiff,IMG_20260326_170357_337,Kruss,0,40X,2091,669,YCT26,I-XII.TĂNG SẢN LÀNH TÍNH TUYẾN TIỀN LIỆT ( PROSTATIC HYPERPLASIA ),Slide5-6,False,
IMG_20260326_170357_696.tiff,IMG_20260326_170357_696,Kruss,0,40X,2092,669,YCT26,I-XII.TĂNG SẢN LÀNH TÍNH TUYẾN TIỀN LIỆT ( PROSTATIC HYPERPLASIA ),Slide5-6,False,
IMG_20260326_170358_049.tiff,IMG_20260326_170358_049,Kruss,0,40X,2093,669,YCT26,I-XII.TĂNG SẢN LÀNH TÍNH TUYẾN TIỀN LIỆT ( PROSTATIC HYPERPLASIA ),Slide5-6,False,
IMG_20260326_170358_476.tiff,IMG_20260326_170358_476,Kruss,0,40X,2094,669,YCT26,I-XII.TĂNG SẢN LÀNH TÍNH TUYẾN TIỀN LIỆT ( PROSTATIC HYPERPLASIA ),Slide5-6,False,
IMG_20260326_170358_836.tiff,IMG_20260326_170358_836,Kruss,0,40X,2095,669,YCT26,I-XII.TĂNG SẢN LÀNH TÍNH TUYẾN TIỀN LIỆT ( PROSTATIC HYPERPLASIA ),Slide5-6,False,
IMG_20260326_170359_193.tiff,IMG_20260326_170359_193,Kruss,0,40X,2096,669,YCT26,I-XII.TĂNG SẢN LÀNH TÍNH TUYẾN TIỀN LIỆT ( PROSTATIC HYPERPLASIA ),Slide5-6,False,
IMG_20260326_170359_646.tiff,IMG_20260326_170359_646,Kruss,0,40X,2097,669,YCT26,I-XII.TĂNG SẢN LÀNH TÍNH TUYẾN TIỀN LIỆT ( PROSTATIC HYPERPLASIA ),Slide5-6,False,
IMG_20260326_165848_652.tiff,IMG_20260326_165848_652,Kruss,0,4X,2084,669,YCT26,I-XII.TĂNG SẢN LÀNH TÍNH TUYẾN TIỀN LIỆT ( PROSTATIC HYPERPLASIA ),Slide5-6,True,IMG_20260326_165848_652.tiff
IMG_20260326_165848_968.tiff,IMG_20260326_165848_968,Kruss,0,4X,2085,669,YCT26,I-XII.TĂNG SẢN LÀNH TÍNH TUYẾN TIỀN LIỆT ( PROSTATIC HYPERPLASIA ),Slide5-6,True,IMG_20260326_165848_968.tiff
IMG_20260326_170620_286.tiff,IMG_20260326_170620_286,Kruss,0,10X,2101,669,YCT26,I-XII.TĂNG SẢN LÀNH TÍNH TUYẾN TIỀN LIỆT ( PROSTATIC HYPERPLASIA ),Slide7-8,False,
IMG_20260326_170620_618.tiff,IMG_20260326_170620_618,Kruss,0,10X,2102,669,YCT26,I-XII.TĂNG SẢN LÀNH TÍNH TUYẾN TIỀN LIỆT ( PROSTATIC HYPERPLASIA ),Slide7-8,False,
IMG_20260326_170620_946.tiff,IMG_20260326_170620_946,Kruss,0,10X,2103,669,YCT26,I-XII.TĂNG SẢN LÀNH TÍNH TUYẾN TIỀN LIỆT ( PROSTATIC HYPERPLASIA ),Slide7-8,False,
IMG_20260326_170621_263.tiff,IMG_20260326_170621_263,Kruss,0,10X,2104,669,YCT26,I-XII.TĂNG SẢN LÀNH TÍNH TUYẾN TIỀN LIỆT ( PROSTATIC HYPERPLASIA ),Slide7-8,False,
IMG_20260326_170621_587.tiff,IMG_20260326_170621_587,Kruss,0,10X,2105,669,YCT26,I-XII.TĂNG SẢN LÀNH TÍNH TUYẾN TIỀN LIỆT ( PROSTATIC HYPERPLASIA ),Slide7-8,False,
IMG_20260326_170621_931.tiff,IMG_20260326_170621_931,Kruss,0,10X,2106,669,YCT26,I-XII.TĂNG SẢN LÀNH TÍNH TUYẾN TIỀN LIỆT ( PROSTATIC HYPERPLASIA ),Slide7-8,False,
IMG_20260326_170622_267.tiff,IMG_20260326_170622_267,Kruss,0,10X,2107,669,YCT26,I-XII.TĂNG SẢN LÀNH TÍNH TUYẾN TIỀN LIỆT ( PROSTATIC HYPERPLASIA ),Slide7-8,False,
IMG_20260326_170622_621.tiff,IMG_20260326_170622_621,Kruss,0,10X,2108,669,YCT26,I-XII.TĂNG SẢN LÀNH TÍNH TUYẾN TIỀN LIỆT ( PROSTATIC HYPERPLASIA ),Slide7-8,False,
IMG_20260326_170628_351.tiff,IMG_20260326_170628_351,Kruss,0,10X,2109,669,YCT26,I-XII.TĂNG SẢN LÀNH TÍNH TUYẾN TIỀN LIỆT ( PROSTATIC HYPERPLASIA ),Slide7-8,False,
IMG_20260326_170738_221.tiff,IMG_20260326_170738_221,Kruss,0,40X,2110,669,YCT26,I-XII.TĂNG SẢN LÀNH TÍNH TUYẾN TIỀN LIỆT ( PROSTATIC HYPERPLASIA ),Slide7-8,False,
IMG_20260326_170738_599.tiff,IMG_20260326_170738_599,Kruss,0,40X,2111,669,YCT26,I-XII.TĂNG SẢN LÀNH TÍNH TUYẾN TIỀN LIỆT ( PROSTATIC HYPERPLASIA ),Slide7-8,False,
IMG_20260326_170738_961.tiff,IMG_20260326_170738_961,Kruss,0,40X,2112,669,YCT26,I-XII.TĂNG SẢN LÀNH TÍNH TUYẾN TIỀN LIỆT ( PROSTATIC HYPERPLASIA ),Slide7-8,False,
IMG_20260326_170739_312.tiff,IMG_20260326_170739_312,Kruss,0,40X,2113,669,YCT26,I-XII.TĂNG SẢN LÀNH TÍNH TUYẾN TIỀN LIỆT ( PROSTATIC HYPERPLASIA ),Slide7-8,False,
IMG_20260326_170739_687.tiff,IMG_20260326_170739_687,Kruss,0,40X,2114,669,YCT26,I-XII.TĂNG SẢN LÀNH TÍNH TUYẾN TIỀN LIỆT ( PROSTATIC HYPERPLASIA ),Slide7-8,False,
IMG_20260326_170740_048.tiff,IMG_20260326_170740_048,Kruss,0,40X,2115,669,YCT26,I-XII.TĂNG SẢN LÀNH TÍNH TUYẾN TIỀN LIỆT ( PROSTATIC HYPERPLASIA ),Slide7-8,False,
IMG_20260326_170740_423.tiff,IMG_20260326_170740_423,Kruss,0,40X,2116,669,YCT26,I-XII.TĂNG SẢN LÀNH TÍNH TUYẾN TIỀN LIỆT ( PROSTATIC HYPERPLASIA ),Slide7-8,False,
IMG_20260326_170740_804.tiff,IMG_20260326_170740_804,Kruss,0,40X,2117,669,YCT26,I-XII.TĂNG SẢN LÀNH TÍNH TUYẾN TIỀN LIỆT ( PROSTATIC HYPERPLASIA ),Slide7-8,False,
IMG_20260326_170906_221.tiff,IMG_20260326_170906_221,Kruss,0,40X,2118,669,YCT26,I-XII.TĂNG SẢN LÀNH TÍNH TUYẾN TIỀN LIỆT ( PROSTATIC HYPERPLASIA ),Slide7-8,False,
IMG_20260326_170906_613.tiff,IMG_20260326_170906_613,Kruss,0,40X,2119,669,YCT26,I-XII.TĂNG SẢN LÀNH TÍNH TUYẾN TIỀN LIỆT ( PROSTATIC HYPERPLASIA ),Slide7-8,False,
IMG_20260326_170906_979.tiff,IMG_20260326_170906_979,Kruss,0,40X,2120,669,YCT26,I-XII.TĂNG SẢN LÀNH TÍNH TUYẾN TIỀN LIỆT ( PROSTATIC HYPERPLASIA ),Slide7-8,False,
IMG_20260326_170907_315.tiff,IMG_20260326_170907_315,Kruss,0,40X,2121,669,YCT26,I-XII.TĂNG SẢN LÀNH TÍNH TUYẾN TIỀN LIỆT ( PROSTATIC HYPERPLASIA ),Slide7-8,False,
IMG_20260326_170907_686.tiff,IMG_20260326_170907_686,Kruss,0,40X,2122,669,YCT26,I-XII.TĂNG SẢN LÀNH TÍNH TUYẾN TIỀN LIỆT ( PROSTATIC HYPERPLASIA ),Slide7-8,False,
IMG_20260326_170908_034.tiff,IMG_20260326_170908_034,Kruss,0,40X,2123,669,YCT26,I-XII.TĂNG SẢN LÀNH TÍNH TUYẾN TIỀN LIỆT ( PROSTATIC HYPERPLASIA ),Slide7-8,False,
IMG_20260326_170908_400.tiff,IMG_20260326_170908_400,Kruss,0,40X,2124,669,YCT26,I-XII.TĂNG SẢN LÀNH TÍNH TUYẾN TIỀN LIỆT ( PROSTATIC HYPERPLASIA ),Slide7-8,False,
IMG_20260326_170908_791.tiff,IMG_20260326_170908_791,Kruss,0,40X,2125,669,YCT26,I-XII.TĂNG SẢN LÀNH TÍNH TUYẾN TIỀN LIỆT ( PROSTATIC HYPERPLASIA ),Slide7-8,False,
IMG_20260326_170953_216.tiff,IMG_20260326_170953_216,Kruss,0,40X,2126,669,YCT26,I-XII.TĂNG SẢN LÀNH TÍNH TUYẾN TIỀN LIỆT ( PROSTATIC HYPERPLASIA ),Slide7-8,False,
IMG_20260326_170953_584.tiff,IMG_20260326_170953_584,Kruss,0,40X,2127,669,YCT26,I-XII.TĂNG SẢN LÀNH TÍNH TUYẾN TIỀN LIỆT ( PROSTATIC HYPERPLASIA ),Slide7-8,False,
IMG_20260326_170953_923.tiff,IMG_20260326_170953_923,Kruss,0,40X,2128,669,YCT26,I-XII.TĂNG SẢN LÀNH TÍNH TUYẾN TIỀN LIỆT ( PROSTATIC HYPERPLASIA ),Slide7-8,False,
IMG_20260326_170954_261.tiff,IMG_20260326_170954_261,Kruss,0,40X,2129,669,YCT26,I-XII.TĂNG SẢN LÀNH TÍNH TUYẾN TIỀN LIỆT ( PROSTATIC HYPERPLASIA ),Slide7-8,False,
IMG_20260326_170954_596.tiff,IMG_20260326_170954_596,Kruss,0,40X,2130,669,YCT26,I-XII.TĂNG SẢN LÀNH TÍNH TUYẾN TIỀN LIỆT ( PROSTATIC HYPERPLASIA ),Slide7-8,False,
IMG_20260326_170954_958.tiff,IMG_20260326_170954_958,Kruss,0,40X,2131,669,YCT26,I-XII.TĂNG SẢN LÀNH TÍNH TUYẾN TIỀN LIỆT ( PROSTATIC HYPERPLASIA ),Slide7-8,False,
IMG_20260326_170955_308.tiff,IMG_20260326_170955_308,Kruss,0,40X,2132,669,YCT26,I-XII.TĂNG SẢN LÀNH TÍNH TUYẾN TIỀN LIỆT ( PROSTATIC HYPERPLASIA ),Slide7-8,False,
IMG_20260326_170955_670.tiff,IMG_20260326_170955_670,Kruss,0,40X,2133,669,YCT26,I-XII.TĂNG SẢN LÀNH TÍNH TUYẾN TIỀN LIỆT ( PROSTATIC HYPERPLASIA ),Slide7-8,False,
IMG_20260326_171016_484.tiff,IMG_20260326_171016_484,Kruss,0,40X,2134,669,YCT26,I-XII.TĂNG SẢN LÀNH TÍNH TUYẾN TIỀN LIỆT ( PROSTATIC HYPERPLASIA ),Slide7-8,False,
IMG_20260326_171016_843.tiff,IMG_20260326_171016_843,Kruss,0,40X,2135,669,YCT26,I-XII.TĂNG SẢN LÀNH TÍNH TUYẾN TIỀN LIỆT ( PROSTATIC HYPERPLASIA ),Slide7-8,False,
IMG_20260326_170511_649.tiff,IMG_20260326_170511_649,Kruss,0,4X,2098,669,YCT26,I-XII.TĂNG SẢN LÀNH TÍNH TUYẾN TIỀN LIỆT ( PROSTATIC HYPERPLASIA ),Slide7-8,True,IMG_20260326_170511_649.tiff
IMG_20260326_170511_942.tiff,IMG_20260326_170511_942,Kruss,0,4X,2099,669,YCT26,I-XII.TĂNG SẢN LÀNH TÍNH TUYẾN TIỀN LIỆT ( PROSTATIC HYPERPLASIA ),Slide7-8,True,IMG_20260326_170511_942.tiff
IMG_20260326_170512_241.tiff,IMG_20260326_170512_241,Kruss,0,4X,2100,669,YCT26,I-XII.TĂNG SẢN LÀNH TÍNH TUYẾN TIỀN LIỆT ( PROSTATIC HYPERPLASIA ),Slide7-8,True,IMG_20260326_170512_241.tiff
IMG_20260327_104111_786.tiff,IMG_20260327_104111_786,Kruss,0,10X,2146,669,YCT26,I-XII.TĂNG SẢN LÀNH TÍNH TUYẾN TIỀN LIỆT ( PROSTATIC HYPERPLASIA ),Slide9-10,False,
IMG_20260327_104112_149.tiff,IMG_20260327_104112_149,Kruss,0,10X,2147,669,YCT26,I-XII.TĂNG SẢN LÀNH TÍNH TUYẾN TIỀN LIỆT ( PROSTATIC HYPERPLASIA ),Slide9-10,False,
IMG_20260327_104112_498.tiff,IMG_20260327_104112_498,Kruss,0,10X,2148,669,YCT26,I-XII.TĂNG SẢN LÀNH TÍNH TUYẾN TIỀN LIỆT ( PROSTATIC HYPERPLASIA ),Slide9-10,False,
IMG_20260327_104112_889.tiff,IMG_20260327_104112_889,Kruss,0,10X,2149,669,YCT26,I-XII.TĂNG SẢN LÀNH TÍNH TUYẾN TIỀN LIỆT ( PROSTATIC HYPERPLASIA ),Slide9-10,False,
IMG_20260327_104113_231.tiff,IMG_20260327_104113_231,Kruss,0,10X,2150,669,YCT26,I-XII.TĂNG SẢN LÀNH TÍNH TUYẾN TIỀN LIỆT ( PROSTATIC HYPERPLASIA ),Slide9-10,False,
IMG_20260327_104113_654.tiff,IMG_20260327_104113_654,Kruss,0,10X,2151,669,YCT26,I-XII.TĂNG SẢN LÀNH TÍNH TUYẾN TIỀN LIỆT ( PROSTATIC HYPERPLASIA ),Slide9-10,False,
IMG_20260327_104114_007.tiff,IMG_20260327_104114_007,Kruss,0,10X,2152,669,YCT26,I-XII.TĂNG SẢN LÀNH TÍNH TUYẾN TIỀN LIỆT ( PROSTATIC HYPERPLASIA ),Slide9-10,False,
IMG_20260327_104114_342.tiff,IMG_20260327_104114_342,Kruss,0,10X,2153,669,YCT26,I-XII.TĂNG SẢN LÀNH TÍNH TUYẾN TIỀN LIỆT ( PROSTATIC HYPERPLASIA ),Slide9-10,False,
IMG_20260327_104301_133.tiff,IMG_20260327_104301_133,Kruss,0,10X,2154,669,YCT26,I-XII.TĂNG SẢN LÀNH TÍNH TUYẾN TIỀN LIỆT ( PROSTATIC HYPERPLASIA ),Slide9-10,False,
IMG_20260327_104301_463.tiff,IMG_20260327_104301_463,Kruss,0,10X,2155,669,YCT26,I-XII.TĂNG SẢN LÀNH TÍNH TUYẾN TIỀN LIỆT ( PROSTATIC HYPERPLASIA ),Slide9-10,False,
IMG_20260327_104301_796.tiff,IMG_20260327_104301_796,Kruss,0,10X,2156,669,YCT26,I-XII.TĂNG SẢN LÀNH TÍNH TUYẾN TIỀN LIỆT ( PROSTATIC HYPERPLASIA ),Slide9-10,False,
IMG_20260327_104302_119.tiff,IMG_20260327_104302_119,Kruss,0,10X,2157,669,YCT26,I-XII.TĂNG SẢN LÀNH TÍNH TUYẾN TIỀN LIỆT ( PROSTATIC HYPERPLASIA ),Slide9-10,False,
IMG_20260327_104302_466.tiff,IMG_20260327_104302_466,Kruss,0,10X,2158,669,YCT26,I-XII.TĂNG SẢN LÀNH TÍNH TUYẾN TIỀN LIỆT ( PROSTATIC HYPERPLASIA ),Slide9-10,False,
IMG_20260327_104302_802.tiff,IMG_20260327_104302_802,Kruss,0,10X,2159,669,YCT26,I-XII.TĂNG SẢN LÀNH TÍNH TUYẾN TIỀN LIỆT ( PROSTATIC HYPERPLASIA ),Slide9-10,False,
IMG_20260327_104303_157.tiff,IMG_20260327_104303_157,Kruss,0,10X,2160,669,YCT26,I-XII.TĂNG SẢN LÀNH TÍNH TUYẾN TIỀN LIỆT ( PROSTATIC HYPERPLASIA ),Slide9-10,False,
IMG_20260327_104303_504.tiff,IMG_20260327_104303_504,Kruss,0,10X,2161,669,YCT26,I-XII.TĂNG SẢN LÀNH TÍNH TUYẾN TIỀN LIỆT ( PROSTATIC HYPERPLASIA ),Slide9-10,False,
IMG_20260327_104655_944.tiff,IMG_20260327_104655_944,Kruss,0,40X,2162,669,YCT26,I-XII.TĂNG SẢN LÀNH TÍNH TUYẾN TIỀN LIỆT ( PROSTATIC HYPERPLASIA ),Slide9-10,False,
IMG_20260327_104656_308.tiff,IMG_20260327_104656_308,Kruss,0,40X,2163,669,YCT26,I-XII.TĂNG SẢN LÀNH TÍNH TUYẾN TIỀN LIỆT ( PROSTATIC HYPERPLASIA ),Slide9-10,False,
IMG_20260327_104656_655.tiff,IMG_20260327_104656_655,Kruss,0,40X,2164,669,YCT26,I-XII.TĂNG SẢN LÀNH TÍNH TUYẾN TIỀN LIỆT ( PROSTATIC HYPERPLASIA ),Slide9-10,False,
IMG_20260327_104657_028.tiff,IMG_20260327_104657_028,Kruss,0,40X,2165,669,YCT26,I-XII.TĂNG SẢN LÀNH TÍNH TUYẾN TIỀN LIỆT ( PROSTATIC HYPERPLASIA ),Slide9-10,False,
IMG_20260327_104657_405.tiff,IMG_20260327_104657_405,Kruss,0,40X,2166,669,YCT26,I-XII.TĂNG SẢN LÀNH TÍNH TUYẾN TIỀN LIỆT ( PROSTATIC HYPERPLASIA ),Slide9-10,False,
IMG_20260327_104657_749.tiff,IMG_20260327_104657_749,Kruss,0,40X,2167,669,YCT26,I-XII.TĂNG SẢN LÀNH TÍNH TUYẾN TIỀN LIỆT ( PROSTATIC HYPERPLASIA ),Slide9-10,False,
IMG_20260327_104658_108.tiff,IMG_20260327_104658_108,Kruss,0,40X,2168,669,YCT26,I-XII.TĂNG SẢN LÀNH TÍNH TUYẾN TIỀN LIỆT ( PROSTATIC HYPERPLASIA ),Slide9-10,False,
IMG_20260327_104658_485.tiff,IMG_20260327_104658_485,Kruss,0,40X,2169,669,YCT26,I-XII.TĂNG SẢN LÀNH TÍNH TUYẾN TIỀN LIỆT ( PROSTATIC HYPERPLASIA ),Slide9-10,False,
IMG_20260327_104815_158.tiff,IMG_20260327_104815_158,Kruss,0,40X,2170,669,YCT26,I-XII.TĂNG SẢN LÀNH TÍNH TUYẾN TIỀN LIỆT ( PROSTATIC HYPERPLASIA ),Slide9-10,False,
IMG_20260327_104815_522.tiff,IMG_20260327_104815_522,Kruss,0,40X,2171,669,YCT26,I-XII.TĂNG SẢN LÀNH TÍNH TUYẾN TIỀN LIỆT ( PROSTATIC HYPERPLASIA ),Slide9-10,False,
IMG_20260327_104815_867.tiff,IMG_20260327_104815_867,Kruss,0,40X,2172,669,YCT26,I-XII.TĂNG SẢN LÀNH TÍNH TUYẾN TIỀN LIỆT ( PROSTATIC HYPERPLASIA ),Slide9-10,False,
IMG_20260327_104816_211.tiff,IMG_20260327_104816_211,Kruss,0,40X,2173,669,YCT26,I-XII.TĂNG SẢN LÀNH TÍNH TUYẾN TIỀN LIỆT ( PROSTATIC HYPERPLASIA ),Slide9-10,False,
IMG_20260327_104816_560.tiff,IMG_20260327_104816_560,Kruss,0,40X,2174,669,YCT26,I-XII.TĂNG SẢN LÀNH TÍNH TUYẾN TIỀN LIỆT ( PROSTATIC HYPERPLASIA ),Slide9-10,False,
IMG_20260327_104816_917.tiff,IMG_20260327_104816_917,Kruss,0,40X,2175,669,YCT26,I-XII.TĂNG SẢN LÀNH TÍNH TUYẾN TIỀN LIỆT ( PROSTATIC HYPERPLASIA ),Slide9-10,False,
IMG_20260327_104817_284.tiff,IMG_20260327_104817_284,Kruss,0,40X,2176,669,YCT26,I-XII.TĂNG SẢN LÀNH TÍNH TUYẾN TIỀN LIỆT ( PROSTATIC HYPERPLASIA ),Slide9-10,False,
IMG_20260327_104817_655.tiff,IMG_20260327_104817_655,Kruss,0,40X,2177,669,YCT26,I-XII.TĂNG SẢN LÀNH TÍNH TUYẾN TIỀN LIỆT ( PROSTATIC HYPERPLASIA ),Slide9-10,False,
IMG_20260327_105011_924.tiff,IMG_20260327_105011_924,Kruss,0,40X,2178,669,YCT26,I-XII.TĂNG SẢN LÀNH TÍNH TUYẾN TIỀN LIỆT ( PROSTATIC HYPERPLASIA ),Slide9-10,False,
IMG_20260327_105012_272.tiff,IMG_20260327_105012_272,Kruss,0,40X,2179,669,YCT26,I-XII.TĂNG SẢN LÀNH TÍNH TUYẾN TIỀN LIỆT ( PROSTATIC HYPERPLASIA ),Slide9-10,False,
IMG_20260327_105012_620.tiff,IMG_20260327_105012_620,Kruss,0,40X,2180,669,YCT26,I-XII.TĂNG SẢN LÀNH TÍNH TUYẾN TIỀN LIỆT ( PROSTATIC HYPERPLASIA ),Slide9-10,False,
IMG_20260327_105012_977.tiff,IMG_20260327_105012_977,Kruss,0,40X,2181,669,YCT26,I-XII.TĂNG SẢN LÀNH TÍNH TUYẾN TIỀN LIỆT ( PROSTATIC HYPERPLASIA ),Slide9-10,False,
IMG_20260327_105013_333.tiff,IMG_20260327_105013_333,Kruss,0,40X,2182,669,YCT26,I-XII.TĂNG SẢN LÀNH TÍNH TUYẾN TIỀN LIỆT ( PROSTATIC HYPERPLASIA ),Slide9-10,False,
IMG_20260327_105013_697.tiff,IMG_20260327_105013_697,Kruss,0,40X,2183,669,YCT26,I-XII.TĂNG SẢN LÀNH TÍNH TUYẾN TIỀN LIỆT ( PROSTATIC HYPERPLASIA ),Slide9-10,False,
IMG_20260327_105014_063.tiff,IMG_20260327_105014_063,Kruss,0,40X,2184,669,YCT26,I-XII.TĂNG SẢN LÀNH TÍNH TUYẾN TIỀN LIỆT ( PROSTATIC HYPERPLASIA ),Slide9-10,False,
IMG_20260327_105014_413.tiff,IMG_20260327_105014_413,Kruss,0,40X,2185,669,YCT26,I-XII.TĂNG SẢN LÀNH TÍNH TUYẾN TIỀN LIỆT ( PROSTATIC HYPERPLASIA ),Slide9-10,False,
IMG_20260327_111234_324.tiff,IMG_20260327_111234_324,Kruss,0,40X,2186,669,YCT26,I-XII.TĂNG SẢN LÀNH TÍNH TUYẾN TIỀN LIỆT ( PROSTATIC HYPERPLASIA ),Slide9-10,False,
IMG_20260327_111234_704.tiff,IMG_20260327_111234_704,Kruss,0,40X,2187,669,YCT26,I-XII.TĂNG SẢN LÀNH TÍNH TUYẾN TIỀN LIỆT ( PROSTATIC HYPERPLASIA ),Slide9-10,False,
IMG_20260327_103932_367.tiff,IMG_20260327_103932_367,Kruss,0,4X,2138,669,YCT26,I-XII.TĂNG SẢN LÀNH TÍNH TUYẾN TIỀN LIỆT ( PROSTATIC HYPERPLASIA ),Slide9-10,True,IMG_20260327_103932_367.tiff
IMG_20260327_103932_688.tiff,IMG_20260327_103932_688,Kruss,0,4X,2139,669,YCT26,I-XII.TĂNG SẢN LÀNH TÍNH TUYẾN TIỀN LIỆT ( PROSTATIC HYPERPLASIA ),Slide9-10,True,IMG_20260327_103932_688.tiff
IMG_20260327_103932_992.tiff,IMG_20260327_103932_992,Kruss,0,4X,2140,669,YCT26,I-XII.TĂNG SẢN LÀNH TÍNH TUYẾN TIỀN LIỆT ( PROSTATIC HYPERPLASIA ),Slide9-10,True,IMG_20260327_103932_992.tiff
IMG_20260327_103933_315.tiff,IMG_20260327_103933_315,Kruss,0,4X,2141,669,YCT26,I-XII.TĂNG SẢN LÀNH TÍNH TUYẾN TIỀN LIỆT ( PROSTATIC HYPERPLASIA ),Slide9-10,True,IMG_20260327_103933_315.tiff
IMG_20260327_103933_642.tiff,IMG_20260327_103933_642,Kruss,0,4X,2142,669,YCT26,I-XII.TĂNG SẢN LÀNH TÍNH TUYẾN TIỀN LIỆT ( PROSTATIC HYPERPLASIA ),Slide9-10,True,IMG_20260327_103933_642.tiff
IMG_20260327_103933_957.tiff,IMG_20260327_103933_957,Kruss,0,4X,2143,669,YCT26,I-XII.TĂNG SẢN LÀNH TÍNH TUYẾN TIỀN LIỆT ( PROSTATIC HYPERPLASIA ),Slide9-10,True,IMG_20260327_103933_957.tiff
IMG_20260327_103942_650.tiff,IMG_20260327_103942_650,Kruss,0,4X,2144,669,YCT26,I-XII.TĂNG SẢN LÀNH TÍNH TUYẾN TIỀN LIỆT ( PROSTATIC HYPERPLASIA ),Slide9-10,True,IMG_20260327_103942_650.tiff
IMG_20260327_103942_959.tiff,IMG_20260327_103942_959,Kruss,0,4X,2145,669,YCT26,I-XII.TĂNG SẢN LÀNH TÍNH TUYẾN TIỀN LIỆT ( PROSTATIC HYPERPLASIA ),Slide9-10,True,IMG_20260327_103942_959.tiff
IMG_20260326_153041_129.tiff,IMG_20260326_153041_129,Kruss,0,10X,1978,670,YCT26,I-XII. TĂNG SẢN LÀNH TÍNH TUYẾN TIỀN LIỆT ( PROSTATIC HYPERPLASIA ),Slide11-12,False,
IMG_20260326_153041_452.tiff,IMG_20260326_153041_452,Kruss,0,10X,1979,670,YCT26,I-XII. TĂNG SẢN LÀNH TÍNH TUYẾN TIỀN LIỆT ( PROSTATIC HYPERPLASIA ),Slide11-12,False,
IMG_20260326_153041_802.tiff,IMG_20260326_153041_802,Kruss,0,10X,1980,670,YCT26,I-XII. TĂNG SẢN LÀNH TÍNH TUYẾN TIỀN LIỆT ( PROSTATIC HYPERPLASIA ),Slide11-12,False,
IMG_20260326_153042_139.tiff,IMG_20260326_153042_139,Kruss,0,10X,1981,670,YCT26,I-XII. TĂNG SẢN LÀNH TÍNH TUYẾN TIỀN LIỆT ( PROSTATIC HYPERPLASIA ),Slide11-12,False,
IMG_20260326_153042_471.tiff,IMG_20260326_153042_471,Kruss,0,10X,1982,670,YCT26,I-XII. TĂNG SẢN LÀNH TÍNH TUYẾN TIỀN LIỆT ( PROSTATIC HYPERPLASIA ),Slide11-12,False,
IMG_20260326_153042_778.tiff,IMG_20260326_153042_778,Kruss,0,10X,1983,670,YCT26,I-XII. TĂNG SẢN LÀNH TÍNH TUYẾN TIỀN LIỆT ( PROSTATIC HYPERPLASIA ),Slide11-12,False,
IMG_20260326_153043_115.tiff,IMG_20260326_153043_115,Kruss,0,10X,1984,670,YCT26,I-XII. TĂNG SẢN LÀNH TÍNH TUYẾN TIỀN LIỆT ( PROSTATIC HYPERPLASIA ),Slide11-12,False,
IMG_20260326_153043_444.tiff,IMG_20260326_153043_444,Kruss,0,10X,1985,670,YCT26,I-XII. TĂNG SẢN LÀNH TÍNH TUYẾN TIỀN LIỆT ( PROSTATIC HYPERPLASIA ),Slide11-12,False,
IMG_20260326_153116_887.tiff,IMG_20260326_153116_887,Kruss,0,10X,1986,670,YCT26,I-XII. TĂNG SẢN LÀNH TÍNH TUYẾN TIỀN LIỆT ( PROSTATIC HYPERPLASIA ),Slide11-12,False,
IMG_20260326_153117_190.tiff,IMG_20260326_153117_190,Kruss,0,10X,1987,670,YCT26,I-XII. TĂNG SẢN LÀNH TÍNH TUYẾN TIỀN LIỆT ( PROSTATIC HYPERPLASIA ),Slide11-12,False,
IMG_20260326_153117_537.tiff,IMG_20260326_153117_537,Kruss,0,10X,1988,670,YCT26,I-XII. TĂNG SẢN LÀNH TÍNH TUYẾN TIỀN LIỆT ( PROSTATIC HYPERPLASIA ),Slide11-12,False,
IMG_20260326_153501_567.tiff,IMG_20260326_153501_567,Kruss,0,40X,1989,670,YCT26,I-XII. TĂNG SẢN LÀNH TÍNH TUYẾN TIỀN LIỆT ( PROSTATIC HYPERPLASIA ),Slide11-12,False,
IMG_20260326_153501_945.tiff,IMG_20260326_153501_945,Kruss,0,40X,1990,670,YCT26,I-XII. TĂNG SẢN LÀNH TÍNH TUYẾN TIỀN LIỆT ( PROSTATIC HYPERPLASIA ),Slide11-12,False,
IMG_20260326_153502_311.tiff,IMG_20260326_153502_311,Kruss,0,40X,1991,670,YCT26,I-XII. TĂNG SẢN LÀNH TÍNH TUYẾN TIỀN LIỆT ( PROSTATIC HYPERPLASIA ),Slide11-12,False,
IMG_20260326_153502_678.tiff,IMG_20260326_153502_678,Kruss,0,40X,1992,670,YCT26,I-XII. TĂNG SẢN LÀNH TÍNH TUYẾN TIỀN LIỆT ( PROSTATIC HYPERPLASIA ),Slide11-12,False,
IMG_20260326_153503_025.tiff,IMG_20260326_153503_025,Kruss,0,40X,1993,670,YCT26,I-XII. TĂNG SẢN LÀNH TÍNH TUYẾN TIỀN LIỆT ( PROSTATIC HYPERPLASIA ),Slide11-12,False,
IMG_20260326_153503_381.tiff,IMG_20260326_153503_381,Kruss,0,40X,1994,670,YCT26,I-XII. TĂNG SẢN LÀNH TÍNH TUYẾN TIỀN LIỆT ( PROSTATIC HYPERPLASIA ),Slide11-12,False,
IMG_20260326_153503_762.tiff,IMG_20260326_153503_762,Kruss,0,40X,1995,670,YCT26,I-XII. TĂNG SẢN LÀNH TÍNH TUYẾN TIỀN LIỆT ( PROSTATIC HYPERPLASIA ),Slide11-12,False,
IMG_20260326_153504_120.tiff,IMG_20260326_153504_120,Kruss,0,40X,1996,670,YCT26,I-XII. TĂNG SẢN LÀNH TÍNH TUYẾN TIỀN LIỆT ( PROSTATIC HYPERPLASIA ),Slide11-12,False,
IMG_20260326_153740_520.tiff,IMG_20260326_153740_520,Kruss,0,40X,1997,670,YCT26,I-XII. TĂNG SẢN LÀNH TÍNH TUYẾN TIỀN LIỆT ( PROSTATIC HYPERPLASIA ),Slide11-12,False,
IMG_20260326_153740_916.tiff,IMG_20260326_153740_916,Kruss,0,40X,1998,670,YCT26,I-XII. TĂNG SẢN LÀNH TÍNH TUYẾN TIỀN LIỆT ( PROSTATIC HYPERPLASIA ),Slide11-12,False,
IMG_20260326_153741_269.tiff,IMG_20260326_153741_269,Kruss,0,40X,1999,670,YCT26,I-XII. TĂNG SẢN LÀNH TÍNH TUYẾN TIỀN LIỆT ( PROSTATIC HYPERPLASIA ),Slide11-12,False,
IMG_20260326_153741_624.tiff,IMG_20260326_153741_624,Kruss,0,40X,2000,670,YCT26,I-XII. TĂNG SẢN LÀNH TÍNH TUYẾN TIỀN LIỆT ( PROSTATIC HYPERPLASIA ),Slide11-12,False,
IMG_20260326_153741_971.tiff,IMG_20260326_153741_971,Kruss,0,40X,2001,670,YCT26,I-XII. TĂNG SẢN LÀNH TÍNH TUYẾN TIỀN LIỆT ( PROSTATIC HYPERPLASIA ),Slide11-12,False,
IMG_20260326_153742_324.tiff,IMG_20260326_153742_324,Kruss,0,40X,2002,670,YCT26,I-XII. TĂNG SẢN LÀNH TÍNH TUYẾN TIỀN LIỆT ( PROSTATIC HYPERPLASIA ),Slide11-12,False,
IMG_20260326_153742_680.tiff,IMG_20260326_153742_680,Kruss,0,40X,2003,670,YCT26,I-XII. TĂNG SẢN LÀNH TÍNH TUYẾN TIỀN LIỆT ( PROSTATIC HYPERPLASIA ),Slide11-12,False,
IMG_20260326_153743_041.tiff,IMG_20260326_153743_041,Kruss,0,40X,2004,670,YCT26,I-XII. TĂNG SẢN LÀNH TÍNH TUYẾN TIỀN LIỆT ( PROSTATIC HYPERPLASIA ),Slide11-12,False,
IMG_20260326_154042_281.tiff,IMG_20260326_154042_281,Kruss,0,40X,2005,670,YCT26,I-XII. TĂNG SẢN LÀNH TÍNH TUYẾN TIỀN LIỆT ( PROSTATIC HYPERPLASIA ),Slide11-12,False,
IMG_20260326_154042_621.tiff,IMG_20260326_154042_621,Kruss,0,40X,2006,670,YCT26,I-XII. TĂNG SẢN LÀNH TÍNH TUYẾN TIỀN LIỆT ( PROSTATIC HYPERPLASIA ),Slide11-12,False,
IMG_20260326_154042_963.tiff,IMG_20260326_154042_963,Kruss,0,40X,2007,670,YCT26,I-XII. TĂNG SẢN LÀNH TÍNH TUYẾN TIỀN LIỆT ( PROSTATIC HYPERPLASIA ),Slide11-12,False,
IMG_20260326_154043_301.tiff,IMG_20260326_154043_301,Kruss,0,40X,2008,670,YCT26,I-XII. TĂNG SẢN LÀNH TÍNH TUYẾN TIỀN LIỆT ( PROSTATIC HYPERPLASIA ),Slide11-12,False,
IMG_20260326_154043_641.tiff,IMG_20260326_154043_641,Kruss,0,40X,2009,670,YCT26,I-XII. TĂNG SẢN LÀNH TÍNH TUYẾN TIỀN LIỆT ( PROSTATIC HYPERPLASIA ),Slide11-12,False,
IMG_20260326_154043_978.tiff,IMG_20260326_154043_978,Kruss,0,40X,2010,670,YCT26,I-XII. TĂNG SẢN LÀNH TÍNH TUYẾN TIỀN LIỆT ( PROSTATIC HYPERPLASIA ),Slide11-12,False,
IMG_20260326_154044_335.tiff,IMG_20260326_154044_335,Kruss,0,40X,2011,670,YCT26,I-XII. TĂNG SẢN LÀNH TÍNH TUYẾN TIỀN LIỆT ( PROSTATIC HYPERPLASIA ),Slide11-12,False,
IMG_20260326_154713_369.tiff,IMG_20260326_154713_369,Kruss,0,4X,2013,670,YCT26,I-XII. TĂNG SẢN LÀNH TÍNH TUYẾN TIỀN LIỆT ( PROSTATIC HYPERPLASIA ),Slide11-12,True,IMG_20260326_154713_369.tiff
IMG_20260326_154713_679.tiff,IMG_20260326_154713_679,Kruss,0,4X,2014,670,YCT26,I-XII. TĂNG SẢN LÀNH TÍNH TUYẾN TIỀN LIỆT ( PROSTATIC HYPERPLASIA ),Slide11-12,True,IMG_20260326_154713_679.tiff
IMG_20260326_154713_975.tiff,IMG_20260326_154713_975,Kruss,0,4X,2015,670,YCT26,I-XII. TĂNG SẢN LÀNH TÍNH TUYẾN TIỀN LIỆT ( PROSTATIC HYPERPLASIA ),Slide11-12,True,IMG_20260326_154713_975.tiff
IMG_20260326_154714_287.tiff,IMG_20260326_154714_287,Kruss,0,4X,2016,670,YCT26,I-XII. TĂNG SẢN LÀNH TÍNH TUYẾN TIỀN LIỆT ( PROSTATIC HYPERPLASIA ),Slide11-12,True,IMG_20260326_154714_287.tiff
IMG_20260326_154714_591.tiff,IMG_20260326_154714_591,Kruss,0,4X,2017,670,YCT26,I-XII. TĂNG SẢN LÀNH TÍNH TUYẾN TIỀN LIỆT ( PROSTATIC HYPERPLASIA ),Slide11-12,True,IMG_20260326_154714_591.tiff
IMG_20260326_154714_902.tiff,IMG_20260326_154714_902,Kruss,0,4X,2018,670,YCT26,I-XII. TĂNG SẢN LÀNH TÍNH TUYẾN TIỀN LIỆT ( PROSTATIC HYPERPLASIA ),Slide11-12,True,IMG_20260326_154714_902.tiff
IMG_20260326_154715_225.tiff,IMG_20260326_154715_225,Kruss,0,4X,2019,670,YCT26,I-XII. TĂNG SẢN LÀNH TÍNH TUYẾN TIỀN LIỆT ( PROSTATIC HYPERPLASIA ),Slide11-12,True,IMG_20260326_154715_225.tiff
IMG_20260326_105845_260.tiff,IMG_20260326_105845_260,Kruss,0,10X,1701,670,YCT26,I-XII. TĂNG SẢN LÀNH TÍNH TUYẾN TIỀN LIỆT ( PROSTATIC HYPERPLASIA ),Slide3-4,False,
IMG_20260326_105845_587.tiff,IMG_20260326_105845_587,Kruss,0,10X,1702,670,YCT26,I-XII. TĂNG SẢN LÀNH TÍNH TUYẾN TIỀN LIỆT ( PROSTATIC HYPERPLASIA ),Slide3-4,False,
IMG_20260326_105845_930.tiff,IMG_20260326_105845_930,Kruss,0,10X,1703,670,YCT26,I-XII. TĂNG SẢN LÀNH TÍNH TUYẾN TIỀN LIỆT ( PROSTATIC HYPERPLASIA ),Slide3-4,False,
IMG_20260326_105846_239.tiff,IMG_20260326_105846_239,Kruss,0,10X,1704,670,YCT26,I-XII. TĂNG SẢN LÀNH TÍNH TUYẾN TIỀN LIỆT ( PROSTATIC HYPERPLASIA ),Slide3-4,False,
IMG_20260326_105846_564.tiff,IMG_20260326_105846_564,Kruss,0,10X,1705,670,YCT26,I-XII. TĂNG SẢN LÀNH TÍNH TUYẾN TIỀN LIỆT ( PROSTATIC HYPERPLASIA ),Slide3-4,False,
IMG_20260326_105846_927.tiff,IMG_20260326_105846_927,Kruss,0,10X,1706,670,YCT26,I-XII. TĂNG SẢN LÀNH TÍNH TUYẾN TIỀN LIỆT ( PROSTATIC HYPERPLASIA ),Slide3-4,False,
IMG_20260326_105847_254.tiff,IMG_20260326_105847_254,Kruss,0,10X,1707,670,YCT26,I-XII. TĂNG SẢN LÀNH TÍNH TUYẾN TIỀN LIỆT ( PROSTATIC HYPERPLASIA ),Slide3-4,False,
IMG_20260326_105847_582.tiff,IMG_20260326_105847_582,Kruss,0,10X,1708,670,YCT26,I-XII. TĂNG SẢN LÀNH TÍNH TUYẾN TIỀN LIỆT ( PROSTATIC HYPERPLASIA ),Slide3-4,False,
IMG_20260326_110005_297.tiff,IMG_20260326_110005_297,Kruss,0,10X,1709,670,YCT26,I-XII. TĂNG SẢN LÀNH TÍNH TUYẾN TIỀN LIỆT ( PROSTATIC HYPERPLASIA ),Slide3-4,False,
IMG_20260326_110005_624.tiff,IMG_20260326_110005_624,Kruss,0,10X,1710,670,YCT26,I-XII. TĂNG SẢN LÀNH TÍNH TUYẾN TIỀN LIỆT ( PROSTATIC HYPERPLASIA ),Slide3-4,False,
IMG_20260326_110005_980.tiff,IMG_20260326_110005_980,Kruss,0,10X,1711,670,YCT26,I-XII. TĂNG SẢN LÀNH TÍNH TUYẾN TIỀN LIỆT ( PROSTATIC HYPERPLASIA ),Slide3-4,False,
IMG_20260326_110006_310.tiff,IMG_20260326_110006_310,Kruss,0,10X,1712,670,YCT26,I-XII. TĂNG SẢN LÀNH TÍNH TUYẾN TIỀN LIỆT ( PROSTATIC HYPERPLASIA ),Slide3-4,False,
IMG_20260326_110006_971.tiff,IMG_20260326_110006_971,Kruss,0,10X,1714,670,YCT26,I-XII. TĂNG SẢN LÀNH TÍNH TUYẾN TIỀN LIỆT ( PROSTATIC HYPERPLASIA ),Slide3-4,False,
IMG_20260326_110007_287.tiff,IMG_20260326_110007_287,Kruss,0,10X,1715,670,YCT26,I-XII. TĂNG SẢN LÀNH TÍNH TUYẾN TIỀN LIỆT ( PROSTATIC HYPERPLASIA ),Slide3-4,False,
IMG_20260326_110225_027.tiff,IMG_20260326_110225_027,Kruss,0,40X,1716,670,YCT26,I-XII. TĂNG SẢN LÀNH TÍNH TUYẾN TIỀN LIỆT ( PROSTATIC HYPERPLASIA ),Slide3-4,False,
IMG_20260326_110225_381.tiff,IMG_20260326_110225_381,Kruss,0,40X,1717,670,YCT26,I-XII. TĂNG SẢN LÀNH TÍNH TUYẾN TIỀN LIỆT ( PROSTATIC HYPERPLASIA ),Slide3-4,False,
IMG_20260326_110225_742.tiff,IMG_20260326_110225_742,Kruss,0,40X,1718,670,YCT26,I-XII. TĂNG SẢN LÀNH TÍNH TUYẾN TIỀN LIỆT ( PROSTATIC HYPERPLASIA ),Slide3-4,False,
IMG_20260326_110226_076.tiff,IMG_20260326_110226_076,Kruss,0,40X,1719,670,YCT26,I-XII. TĂNG SẢN LÀNH TÍNH TUYẾN TIỀN LIỆT ( PROSTATIC HYPERPLASIA ),Slide3-4,False,
IMG_20260326_110226_780.tiff,IMG_20260326_110226_780,Kruss,0,40X,1721,670,YCT26,I-XII. TĂNG SẢN LÀNH TÍNH TUYẾN TIỀN LIỆT ( PROSTATIC HYPERPLASIA ),Slide3-4,False,
IMG_20260326_110227_129.tiff,IMG_20260326_110227_129,Kruss,0,40X,1722,670,YCT26,I-XII. TĂNG SẢN LÀNH TÍNH TUYẾN TIỀN LIỆT ( PROSTATIC HYPERPLASIA ),Slide3-4,False,
IMG_20260326_110227_479.tiff,IMG_20260326_110227_479,Kruss,0,40X,1723,670,YCT26,I-XII. TĂNG SẢN LÀNH TÍNH TUYẾN TIỀN LIỆT ( PROSTATIC HYPERPLASIA ),Slide3-4,False,
IMG_20260326_110346_656.tiff,IMG_20260326_110346_656,Kruss,0,40X,1724,670,YCT26,I-XII. TĂNG SẢN LÀNH TÍNH TUYẾN TIỀN LIỆT ( PROSTATIC HYPERPLASIA ),Slide3-4,False,
IMG_20260326_110347_001.tiff,IMG_20260326_110347_001,Kruss,0,40X,1725,670,YCT26,I-XII. TĂNG SẢN LÀNH TÍNH TUYẾN TIỀN LIỆT ( PROSTATIC HYPERPLASIA ),Slide3-4,False,
IMG_20260326_110347_365.tiff,IMG_20260326_110347_365,Kruss,0,40X,1726,670,YCT26,I-XII. TĂNG SẢN LÀNH TÍNH TUYẾN TIỀN LIỆT ( PROSTATIC HYPERPLASIA ),Slide3-4,False,
IMG_20260326_110347_705.tiff,IMG_20260326_110347_705,Kruss,0,40X,1727,670,YCT26,I-XII. TĂNG SẢN LÀNH TÍNH TUYẾN TIỀN LIỆT ( PROSTATIC HYPERPLASIA ),Slide3-4,False,
IMG_20260326_110348_066.tiff,IMG_20260326_110348_066,Kruss,0,40X,1728,670,YCT26,I-XII. TĂNG SẢN LÀNH TÍNH TUYẾN TIỀN LIỆT ( PROSTATIC HYPERPLASIA ),Slide3-4,False,
IMG_20260326_110348_406.tiff,IMG_20260326_110348_406,Kruss,0,40X,1729,670,YCT26,I-XII. TĂNG SẢN LÀNH TÍNH TUYẾN TIỀN LIỆT ( PROSTATIC HYPERPLASIA ),Slide3-4,False,
IMG_20260326_110348_737.tiff,IMG_20260326_110348_737,Kruss,0,40X,1730,670,YCT26,I-XII. TĂNG SẢN LÀNH TÍNH TUYẾN TIỀN LIỆT ( PROSTATIC HYPERPLASIA ),Slide3-4,False,
IMG_20260326_110349_093.tiff,IMG_20260326_110349_093,Kruss,0,40X,1731,670,YCT26,I-XII. TĂNG SẢN LÀNH TÍNH TUYẾN TIỀN LIỆT ( PROSTATIC HYPERPLASIA ),Slide3-4,False,
IMG_20260326_110518_397.tiff,IMG_20260326_110518_397,Kruss,0,40X,1732,670,YCT26,I-XII. TĂNG SẢN LÀNH TÍNH TUYẾN TIỀN LIỆT ( PROSTATIC HYPERPLASIA ),Slide3-4,False,
IMG_20260326_110518_766.tiff,IMG_20260326_110518_766,Kruss,0,40X,1733,670,YCT26,I-XII. TĂNG SẢN LÀNH TÍNH TUYẾN TIỀN LIỆT ( PROSTATIC HYPERPLASIA ),Slide3-4,False,
IMG_20260326_110519_115.tiff,IMG_20260326_110519_115,Kruss,0,40X,1734,670,YCT26,I-XII. TĂNG SẢN LÀNH TÍNH TUYẾN TIỀN LIỆT ( PROSTATIC HYPERPLASIA ),Slide3-4,False,
IMG_20260326_110519_474.tiff,IMG_20260326_110519_474,Kruss,0,40X,1735,670,YCT26,I-XII. TĂNG SẢN LÀNH TÍNH TUYẾN TIỀN LIỆT ( PROSTATIC HYPERPLASIA ),Slide3-4,False,
IMG_20260326_110519_822.tiff,IMG_20260326_110519_822,Kruss,0,40X,1736,670,YCT26,I-XII. TĂNG SẢN LÀNH TÍNH TUYẾN TIỀN LIỆT ( PROSTATIC HYPERPLASIA ),Slide3-4,False,
IMG_20260326_110520_194.tiff,IMG_20260326_110520_194,Kruss,0,40X,1737,670,YCT26,I-XII. TĂNG SẢN LÀNH TÍNH TUYẾN TIỀN LIỆT ( PROSTATIC HYPERPLASIA ),Slide3-4,False,
IMG_20260326_110520_556.tiff,IMG_20260326_110520_556,Kruss,0,40X,1738,670,YCT26,I-XII. TĂNG SẢN LÀNH TÍNH TUYẾN TIỀN LIỆT ( PROSTATIC HYPERPLASIA ),Slide3-4,False,
IMG_20260326_110520_914.tiff,IMG_20260326_110520_914,Kruss,0,40X,1739,670,YCT26,I-XII. TĂNG SẢN LÀNH TÍNH TUYẾN TIỀN LIỆT ( PROSTATIC HYPERPLASIA ),Slide3-4,False,
IMG_20260326_110649_127.tiff,IMG_20260326_110649_127,Kruss,0,40X,1740,670,YCT26,I-XII. TĂNG SẢN LÀNH TÍNH TUYẾN TIỀN LIỆT ( PROSTATIC HYPERPLASIA ),Slide3-4,False,
IMG_20260326_110649_843.tiff,IMG_20260326_110649_843,Kruss,0,40X,1742,670,YCT26,I-XII. TĂNG SẢN LÀNH TÍNH TUYẾN TIỀN LIỆT ( PROSTATIC HYPERPLASIA ),Slide3-4,False,
IMG_20260326_110650_200.tiff,IMG_20260326_110650_200,Kruss,0,40X,1743,670,YCT26,I-XII. TĂNG SẢN LÀNH TÍNH TUYẾN TIỀN LIỆT ( PROSTATIC HYPERPLASIA ),Slide3-4,False,
IMG_20260326_110650_554.tiff,IMG_20260326_110650_554,Kruss,0,40X,1744,670,YCT26,I-XII. TĂNG SẢN LÀNH TÍNH TUYẾN TIỀN LIỆT ( PROSTATIC HYPERPLASIA ),Slide3-4,False,
IMG_20260326_110650_909.tiff,IMG_20260326_110650_909,Kruss,0,40X,1745,670,YCT26,I-XII. TĂNG SẢN LÀNH TÍNH TUYẾN TIỀN LIỆT ( PROSTATIC HYPERPLASIA ),Slide3-4,False,
IMG_20260326_110651_293.tiff,IMG_20260326_110651_293,Kruss,0,40X,1746,670,YCT26,I-XII. TĂNG SẢN LÀNH TÍNH TUYẾN TIỀN LIỆT ( PROSTATIC HYPERPLASIA ),Slide3-4,False,
IMG_20260326_110651_639.tiff,IMG_20260326_110651_639,Kruss,0,40X,1747,670,YCT26,I-XII. TĂNG SẢN LÀNH TÍNH TUYẾN TIỀN LIỆT ( PROSTATIC HYPERPLASIA ),Slide3-4,False,
IMG_20260326_110754_413.tiff,IMG_20260326_110754_413,Kruss,0,40X,1748,670,YCT26,I-XII. TĂNG SẢN LÀNH TÍNH TUYẾN TIỀN LIỆT ( PROSTATIC HYPERPLASIA ),Slide3-4,False,
IMG_20260326_110754_788.tiff,IMG_20260326_110754_788,Kruss,0,40X,1749,670,YCT26,I-XII. TĂNG SẢN LÀNH TÍNH TUYẾN TIỀN LIỆT ( PROSTATIC HYPERPLASIA ),Slide3-4,False,
IMG_20260326_110755_153.tiff,IMG_20260326_110755_153,Kruss,0,40X,1750,670,YCT26,I-XII. TĂNG SẢN LÀNH TÍNH TUYẾN TIỀN LIỆT ( PROSTATIC HYPERPLASIA ),Slide3-4,False,
IMG_20260326_110755_504.tiff,IMG_20260326_110755_504,Kruss,0,40X,1751,670,YCT26,I-XII. TĂNG SẢN LÀNH TÍNH TUYẾN TIỀN LIỆT ( PROSTATIC HYPERPLASIA ),Slide3-4,False,
IMG_20260326_110755_857.tiff,IMG_20260326_110755_857,Kruss,0,40X,1752,670,YCT26,I-XII. TĂNG SẢN LÀNH TÍNH TUYẾN TIỀN LIỆT ( PROSTATIC HYPERPLASIA ),Slide3-4,False,
IMG_20260326_110756_248.tiff,IMG_20260326_110756_248,Kruss,0,40X,1753,670,YCT26,I-XII. TĂNG SẢN LÀNH TÍNH TUYẾN TIỀN LIỆT ( PROSTATIC HYPERPLASIA ),Slide3-4,False,
IMG_20260326_110756_595.tiff,IMG_20260326_110756_595,Kruss,0,40X,1754,670,YCT26,I-XII. TĂNG SẢN LÀNH TÍNH TUYẾN TIỀN LIỆT ( PROSTATIC HYPERPLASIA ),Slide3-4,False,
IMG_20260326_110756_931.tiff,IMG_20260326_110756_931,Kruss,0,40X,1755,670,YCT26,I-XII. TĂNG SẢN LÀNH TÍNH TUYẾN TIỀN LIỆT ( PROSTATIC HYPERPLASIA ),Slide3-4,False,
IMG_20260326_110855_777.tiff,IMG_20260326_110855_777,Kruss,0,40X,1756,670,YCT26,I-XII. TĂNG SẢN LÀNH TÍNH TUYẾN TIỀN LIỆT ( PROSTATIC HYPERPLASIA ),Slide3-4,False,
IMG_20260326_110856_129.tiff,IMG_20260326_110856_129,Kruss,0,40X,1757,670,YCT26,I-XII. TĂNG SẢN LÀNH TÍNH TUYẾN TIỀN LIỆT ( PROSTATIC HYPERPLASIA ),Slide3-4,False,
IMG_20260326_110856_481.tiff,IMG_20260326_110856_481,Kruss,0,40X,1758,670,YCT26,I-XII. TĂNG SẢN LÀNH TÍNH TUYẾN TIỀN LIỆT ( PROSTATIC HYPERPLASIA ),Slide3-4,False,
IMG_20260326_110856_836.tiff,IMG_20260326_110856_836,Kruss,0,40X,1759,670,YCT26,I-XII. TĂNG SẢN LÀNH TÍNH TUYẾN TIỀN LIỆT ( PROSTATIC HYPERPLASIA ),Slide3-4,False,
IMG_20260326_105524_927.tiff,IMG_20260326_105524_927,Kruss,0,4X,1691,670,YCT26,I-XII. TĂNG SẢN LÀNH TÍNH TUYẾN TIỀN LIỆT ( PROSTATIC HYPERPLASIA ),Slide3-4,True,IMG_20260326_105524_927.tiff
IMG_20260326_105525_223.tiff,IMG_20260326_105525_223,Kruss,0,4X,1692,670,YCT26,I-XII. TĂNG SẢN LÀNH TÍNH TUYẾN TIỀN LIỆT ( PROSTATIC HYPERPLASIA ),Slide3-4,True,IMG_20260326_105525_223.tiff
IMG_20260326_105525_541.tiff,IMG_20260326_105525_541,Kruss,0,4X,1693,670,YCT26,I-XII. TĂNG SẢN LÀNH TÍNH TUYẾN TIỀN LIỆT ( PROSTATIC HYPERPLASIA ),Slide3-4,True,IMG_20260326_105525_541.tiff
IMG_20260326_105525_837.tiff,IMG_20260326_105525_837,Kruss,0,4X,1694,670,YCT26,I-XII. TĂNG SẢN LÀNH TÍNH TUYẾN TIỀN LIỆT ( PROSTATIC HYPERPLASIA ),Slide3-4,True,IMG_20260326_105525_837.tiff
IMG_20260326_105526_157.tiff,IMG_20260326_105526_157,Kruss,0,4X,1695,670,YCT26,I-XII. TĂNG SẢN LÀNH TÍNH TUYẾN TIỀN LIỆT ( PROSTATIC HYPERPLASIA ),Slide3-4,True,IMG_20260326_105526_157.tiff
IMG_20260326_105526_465.tiff,IMG_20260326_105526_465,Kruss,0,4X,1696,670,YCT26,I-XII. TĂNG SẢN LÀNH TÍNH TUYẾN TIỀN LIỆT ( PROSTATIC HYPERPLASIA ),Slide3-4,True,IMG_20260326_105526_465.tiff
IMG_20260326_105526_768.tiff,IMG_20260326_105526_768,Kruss,0,4X,1697,670,YCT26,I-XII. TĂNG SẢN LÀNH TÍNH TUYẾN TIỀN LIỆT ( PROSTATIC HYPERPLASIA ),Slide3-4,True,IMG_20260326_105526_768.tiff
IMG_20260326_105527_078.tiff,IMG_20260326_105527_078,Kruss,0,4X,1698,670,YCT26,I-XII. TĂNG SẢN LÀNH TÍNH TUYẾN TIỀN LIỆT ( PROSTATIC HYPERPLASIA ),Slide3-4,True,IMG_20260326_105527_078.tiff
IMG_20260326_105658_801.tiff,IMG_20260326_105658_801,Kruss,0,4X,1699,670,YCT26,I-XII. TĂNG SẢN LÀNH TÍNH TUYẾN TIỀN LIỆT ( PROSTATIC HYPERPLASIA ),Slide3-4,True,IMG_20260326_105658_801.tiff
IMG_20260326_105659_102.tiff,IMG_20260326_105659_102,Kruss,0,4X,1700,670,YCT26,I-XII. TĂNG SẢN LÀNH TÍNH TUYẾN TIỀN LIỆT ( PROSTATIC HYPERPLASIA ),Slide3-4,True,IMG_20260326_105659_102.tiff
IMG_20260326_111304_024.tiff,IMG_20260326_111304_024,Kruss,0,10X,1767,670,YCT26,I-XII. TĂNG SẢN LÀNH TÍNH TUYẾN TIỀN LIỆT ( PROSTATIC HYPERPLASIA ),Slide5-6,False,
IMG_20260326_111304_344.tiff,IMG_20260326_111304_344,Kruss,0,10X,1768,670,YCT26,I-XII. TĂNG SẢN LÀNH TÍNH TUYẾN TIỀN LIỆT ( PROSTATIC HYPERPLASIA ),Slide5-6,False,
IMG_20260326_111304_674.tiff,IMG_20260326_111304_674,Kruss,0,10X,1769,670,YCT26,I-XII. TĂNG SẢN LÀNH TÍNH TUYẾN TIỀN LIỆT ( PROSTATIC HYPERPLASIA ),Slide5-6,False,
IMG_20260326_111304_995.tiff,IMG_20260326_111304_995,Kruss,0,10X,1770,670,YCT26,I-XII. TĂNG SẢN LÀNH TÍNH TUYẾN TIỀN LIỆT ( PROSTATIC HYPERPLASIA ),Slide5-6,False,
IMG_20260326_111305_300.tiff,IMG_20260326_111305_300,Kruss,0,10X,1771,670,YCT26,I-XII. TĂNG SẢN LÀNH TÍNH TUYẾN TIỀN LIỆT ( PROSTATIC HYPERPLASIA ),Slide5-6,False,
IMG_20260326_111305_630.tiff,IMG_20260326_111305_630,Kruss,0,10X,1772,670,YCT26,I-XII. TĂNG SẢN LÀNH TÍNH TUYẾN TIỀN LIỆT ( PROSTATIC HYPERPLASIA ),Slide5-6,False,
IMG_20260326_111305_977.tiff,IMG_20260326_111305_977,Kruss,0,10X,1773,670,YCT26,I-XII. TĂNG SẢN LÀNH TÍNH TUYẾN TIỀN LIỆT ( PROSTATIC HYPERPLASIA ),Slide5-6,False,
IMG_20260326_111323_723.tiff,IMG_20260326_111323_723,Kruss,0,10X,1774,670,YCT26,I-XII. TĂNG SẢN LÀNH TÍNH TUYẾN TIỀN LIỆT ( PROSTATIC HYPERPLASIA ),Slide5-6,False,
IMG_20260326_111324_025.tiff,IMG_20260326_111324_025,Kruss,0,10X,1775,670,YCT26,I-XII. TĂNG SẢN LÀNH TÍNH TUYẾN TIỀN LIỆT ( PROSTATIC HYPERPLASIA ),Slide5-6,False,
IMG_20260326_111616_988.tiff,IMG_20260326_111616_988,Kruss,0,40X,1776,670,YCT26,I-XII. TĂNG SẢN LÀNH TÍNH TUYẾN TIỀN LIỆT ( PROSTATIC HYPERPLASIA ),Slide5-6,False,
IMG_20260326_111617_334.tiff,IMG_20260326_111617_334,Kruss,0,40X,1777,670,YCT26,I-XII. TĂNG SẢN LÀNH TÍNH TUYẾN TIỀN LIỆT ( PROSTATIC HYPERPLASIA ),Slide5-6,False,
IMG_20260326_111617_659.tiff,IMG_20260326_111617_659,Kruss,0,40X,1778,670,YCT26,I-XII. TĂNG SẢN LÀNH TÍNH TUYẾN TIỀN LIỆT ( PROSTATIC HYPERPLASIA ),Slide5-6,False,
IMG_20260326_111617_968.tiff,IMG_20260326_111617_968,Kruss,0,40X,1779,670,YCT26,I-XII. TĂNG SẢN LÀNH TÍNH TUYẾN TIỀN LIỆT ( PROSTATIC HYPERPLASIA ),Slide5-6,False,
IMG_20260326_111618_273.tiff,IMG_20260326_111618_273,Kruss,0,40X,1780,670,YCT26,I-XII. TĂNG SẢN LÀNH TÍNH TUYẾN TIỀN LIỆT ( PROSTATIC HYPERPLASIA ),Slide5-6,False,
IMG_20260326_111618_604.tiff,IMG_20260326_111618_604,Kruss,0,40X,1781,670,YCT26,I-XII. TĂNG SẢN LÀNH TÍNH TUYẾN TIỀN LIỆT ( PROSTATIC HYPERPLASIA ),Slide5-6,False,
IMG_20260326_111618_925.tiff,IMG_20260326_111618_925,Kruss,0,40X,1782,670,YCT26,I-XII. TĂNG SẢN LÀNH TÍNH TUYẾN TIỀN LIỆT ( PROSTATIC HYPERPLASIA ),Slide5-6,False,
IMG_20260326_111619_254.tiff,IMG_20260326_111619_254,Kruss,0,40X,1783,670,YCT26,I-XII. TĂNG SẢN LÀNH TÍNH TUYẾN TIỀN LIỆT ( PROSTATIC HYPERPLASIA ),Slide5-6,False,
IMG_20260326_111804_264.tiff,IMG_20260326_111804_264,Kruss,0,40X,1784,670,YCT26,I-XII. TĂNG SẢN LÀNH TÍNH TUYẾN TIỀN LIỆT ( PROSTATIC HYPERPLASIA ),Slide5-6,False,
IMG_20260326_111804_630.tiff,IMG_20260326_111804_630,Kruss,0,40X,1785,670,YCT26,I-XII. TĂNG SẢN LÀNH TÍNH TUYẾN TIỀN LIỆT ( PROSTATIC HYPERPLASIA ),Slide5-6,False,
IMG_20260326_111804_967.tiff,IMG_20260326_111804_967,Kruss,0,40X,1786,670,YCT26,I-XII. TĂNG SẢN LÀNH TÍNH TUYẾN TIỀN LIỆT ( PROSTATIC HYPERPLASIA ),Slide5-6,False,
IMG_20260326_111805_305.tiff,IMG_20260326_111805_305,Kruss,0,40X,1787,670,YCT26,I-XII. TĂNG SẢN LÀNH TÍNH TUYẾN TIỀN LIỆT ( PROSTATIC HYPERPLASIA ),Slide5-6,False,
IMG_20260326_111805_651.tiff,IMG_20260326_111805_651,Kruss,0,40X,1788,670,YCT26,I-XII. TĂNG SẢN LÀNH TÍNH TUYẾN TIỀN LIỆT ( PROSTATIC HYPERPLASIA ),Slide5-6,False,
IMG_20260326_111805_992.tiff,IMG_20260326_111805_992,Kruss,0,40X,1789,670,YCT26,I-XII. TĂNG SẢN LÀNH TÍNH TUYẾN TIỀN LIỆT ( PROSTATIC HYPERPLASIA ),Slide5-6,False,
IMG_20260326_111806_328.tiff,IMG_20260326_111806_328,Kruss,0,40X,1790,670,YCT26,I-XII. TĂNG SẢN LÀNH TÍNH TUYẾN TIỀN LIỆT ( PROSTATIC HYPERPLASIA ),Slide5-6,False,
IMG_20260326_111806_665.tiff,IMG_20260326_111806_665,Kruss,0,40X,1791,670,YCT26,I-XII. TĂNG SẢN LÀNH TÍNH TUYẾN TIỀN LIỆT ( PROSTATIC HYPERPLASIA ),Slide5-6,False,
IMG_20260326_111926_966.tiff,IMG_20260326_111926_966,Kruss,0,40X,1792,670,YCT26,I-XII. TĂNG SẢN LÀNH TÍNH TUYẾN TIỀN LIỆT ( PROSTATIC HYPERPLASIA ),Slide5-6,False,
IMG_20260326_111927_337.tiff,IMG_20260326_111927_337,Kruss,0,40X,1793,670,YCT26,I-XII. TĂNG SẢN LÀNH TÍNH TUYẾN TIỀN LIỆT ( PROSTATIC HYPERPLASIA ),Slide5-6,False,
IMG_20260326_111927_690.tiff,IMG_20260326_111927_690,Kruss,0,40X,1794,670,YCT26,I-XII. TĂNG SẢN LÀNH TÍNH TUYẾN TIỀN LIỆT ( PROSTATIC HYPERPLASIA ),Slide5-6,False,
IMG_20260326_111928_028.tiff,IMG_20260326_111928_028,Kruss,0,40X,1795,670,YCT26,I-XII. TĂNG SẢN LÀNH TÍNH TUYẾN TIỀN LIỆT ( PROSTATIC HYPERPLASIA ),Slide5-6,False,
IMG_20260326_111928_343.tiff,IMG_20260326_111928_343,Kruss,0,40X,1796,670,YCT26,I-XII. TĂNG SẢN LÀNH TÍNH TUYẾN TIỀN LIỆT ( PROSTATIC HYPERPLASIA ),Slide5-6,False,
IMG_20260326_111928_661.tiff,IMG_20260326_111928_661,Kruss,0,40X,1797,670,YCT26,I-XII. TĂNG SẢN LÀNH TÍNH TUYẾN TIỀN LIỆT ( PROSTATIC HYPERPLASIA ),Slide5-6,False,
IMG_20260326_111928_976.tiff,IMG_20260326_111928_976,Kruss,0,40X,1798,670,YCT26,I-XII. TĂNG SẢN LÀNH TÍNH TUYẾN TIỀN LIỆT ( PROSTATIC HYPERPLASIA ),Slide5-6,False,
IMG_20260326_111929_307.tiff,IMG_20260326_111929_307,Kruss,0,40X,1799,670,YCT26,I-XII. TĂNG SẢN LÀNH TÍNH TUYẾN TIỀN LIỆT ( PROSTATIC HYPERPLASIA ),Slide5-6,False,
IMG_20260326_111054_514.tiff,IMG_20260326_111054_514,Kruss,0,4X,1761,670,YCT26,I-XII. TĂNG SẢN LÀNH TÍNH TUYẾN TIỀN LIỆT ( PROSTATIC HYPERPLASIA ),Slide5-6,True,IMG_20260326_111054_514.tiff
IMG_20260326_111054_850.tiff,IMG_20260326_111054_850,Kruss,0,4X,1762,670,YCT26,I-XII. TĂNG SẢN LÀNH TÍNH TUYẾN TIỀN LIỆT ( PROSTATIC HYPERPLASIA ),Slide5-6,True,IMG_20260326_111054_850.tiff
IMG_20260326_111055_172.tiff,IMG_20260326_111055_172,Kruss,0,4X,1763,670,YCT26,I-XII. TĂNG SẢN LÀNH TÍNH TUYẾN TIỀN LIỆT ( PROSTATIC HYPERPLASIA ),Slide5-6,True,IMG_20260326_111055_172.tiff
IMG_20260326_111055_480.tiff,IMG_20260326_111055_480,Kruss,0,4X,1764,670,YCT26,I-XII. TĂNG SẢN LÀNH TÍNH TUYẾN TIỀN LIỆT ( PROSTATIC HYPERPLASIA ),Slide5-6,True,IMG_20260326_111055_480.tiff
IMG_20260326_111055_815.tiff,IMG_20260326_111055_815,Kruss,0,4X,1765,670,YCT26,I-XII. TĂNG SẢN LÀNH TÍNH TUYẾN TIỀN LIỆT ( PROSTATIC HYPERPLASIA ),Slide5-6,True,IMG_20260326_111055_815.tiff
IMG_20260326_112314_195.tiff,IMG_20260326_112314_195,Kruss,0,10X,1801,670,YCT26,I-XII. TĂNG SẢN LÀNH TÍNH TUYẾN TIỀN LIỆT ( PROSTATIC HYPERPLASIA ),Slide7-8,False,
IMG_20260326_112314_519.tiff,IMG_20260326_112314_519,Kruss,0,10X,1802,670,YCT26,I-XII. TĂNG SẢN LÀNH TÍNH TUYẾN TIỀN LIỆT ( PROSTATIC HYPERPLASIA ),Slide7-8,False,
IMG_20260326_112432_247.tiff,IMG_20260326_112432_247,Kruss,0,40X,1803,670,YCT26,I-XII. TĂNG SẢN LÀNH TÍNH TUYẾN TIỀN LIỆT ( PROSTATIC HYPERPLASIA ),Slide7-8,False,
IMG_20260326_112432_571.tiff,IMG_20260326_112432_571,Kruss,0,40X,1804,670,YCT26,I-XII. TĂNG SẢN LÀNH TÍNH TUYẾN TIỀN LIỆT ( PROSTATIC HYPERPLASIA ),Slide7-8,False,
IMG_20260326_112433_262.tiff,IMG_20260326_112433_262,Kruss,0,40X,1806,670,YCT26,I-XII. TĂNG SẢN LÀNH TÍNH TUYẾN TIỀN LIỆT ( PROSTATIC HYPERPLASIA ),Slide7-8,False,
IMG_20260326_112433_607.tiff,IMG_20260326_112433_607,Kruss,0,40X,1807,670,YCT26,I-XII. TĂNG SẢN LÀNH TÍNH TUYẾN TIỀN LIỆT ( PROSTATIC HYPERPLASIA ),Slide7-8,False,
IMG_20260326_112433_943.tiff,IMG_20260326_112433_943,Kruss,0,40X,1808,670,YCT26,I-XII. TĂNG SẢN LÀNH TÍNH TUYẾN TIỀN LIỆT ( PROSTATIC HYPERPLASIA ),Slide7-8,False,
IMG_20260326_112434_284.tiff,IMG_20260326_112434_284,Kruss,0,40X,1809,670,YCT26,I-XII. TĂNG SẢN LÀNH TÍNH TUYẾN TIỀN LIỆT ( PROSTATIC HYPERPLASIA ),Slide7-8,False,
IMG_20260326_113115_738.tiff,IMG_20260326_113115_738,Kruss,0,10X,1818,670,YCT26,I-XII. TĂNG SẢN LÀNH TÍNH TUYẾN TIỀN LIỆT ( PROSTATIC HYPERPLASIA ),Slide9-10,False,
IMG_20260326_113116_063.tiff,IMG_20260326_113116_063,Kruss,0,10X,1819,670,YCT26,I-XII. TĂNG SẢN LÀNH TÍNH TUYẾN TIỀN LIỆT ( PROSTATIC HYPERPLASIA ),Slide9-10,False,
IMG_20260326_113116_378.tiff,IMG_20260326_113116_378,Kruss,0,10X,1820,670,YCT26,I-XII. TĂNG SẢN LÀNH TÍNH TUYẾN TIỀN LIỆT ( PROSTATIC HYPERPLASIA ),Slide9-10,False,
IMG_20260326_113116_698.tiff,IMG_20260326_113116_698,Kruss,0,10X,1821,670,YCT26,I-XII. TĂNG SẢN LÀNH TÍNH TUYẾN TIỀN LIỆT ( PROSTATIC HYPERPLASIA ),Slide9-10,False,
IMG_20260326_113117_035.tiff,IMG_20260326_113117_035,Kruss,0,10X,1822,670,YCT26,I-XII. TĂNG SẢN LÀNH TÍNH TUYẾN TIỀN LIỆT ( PROSTATIC HYPERPLASIA ),Slide9-10,False,
IMG_20260326_113117_350.tiff,IMG_20260326_113117_350,Kruss,0,10X,1823,670,YCT26,I-XII. TĂNG SẢN LÀNH TÍNH TUYẾN TIỀN LIỆT ( PROSTATIC HYPERPLASIA ),Slide9-10,False,
IMG_20260326_113117_667.tiff,IMG_20260326_113117_667,Kruss,0,10X,1824,670,YCT26,I-XII. TĂNG SẢN LÀNH TÍNH TUYẾN TIỀN LIỆT ( PROSTATIC HYPERPLASIA ),Slide9-10,False,
IMG_20260326_113117_998.tiff,IMG_20260326_113117_998,Kruss,0,10X,1825,670,YCT26,I-XII. TĂNG SẢN LÀNH TÍNH TUYẾN TIỀN LIỆT ( PROSTATIC HYPERPLASIA ),Slide9-10,False,
IMG_20260326_113418_964.tiff,IMG_20260326_113418_964,Kruss,0,40X,1826,670,YCT26,I-XII. TĂNG SẢN LÀNH TÍNH TUYẾN TIỀN LIỆT ( PROSTATIC HYPERPLASIA ),Slide9-10,False,
IMG_20260326_113419_338.tiff,IMG_20260326_113419_338,Kruss,0,40X,1827,670,YCT26,I-XII. TĂNG SẢN LÀNH TÍNH TUYẾN TIỀN LIỆT ( PROSTATIC HYPERPLASIA ),Slide9-10,False,
IMG_20260326_113419_668.tiff,IMG_20260326_113419_668,Kruss,0,40X,1828,670,YCT26,I-XII. TĂNG SẢN LÀNH TÍNH TUYẾN TIỀN LIỆT ( PROSTATIC HYPERPLASIA ),Slide9-10,False,
IMG_20260326_113420_047.tiff,IMG_20260326_113420_047,Kruss,0,40X,1829,670,YCT26,I-XII. TĂNG SẢN LÀNH TÍNH TUYẾN TIỀN LIỆT ( PROSTATIC HYPERPLASIA ),Slide9-10,False,
IMG_20260326_113420_423.tiff,IMG_20260326_113420_423,Kruss,0,40X,1830,670,YCT26,I-XII. TĂNG SẢN LÀNH TÍNH TUYẾN TIỀN LIỆT ( PROSTATIC HYPERPLASIA ),Slide9-10,False,
IMG_20260326_113420_771.tiff,IMG_20260326_113420_771,Kruss,0,40X,1831,670,YCT26,I-XII. TĂNG SẢN LÀNH TÍNH TUYẾN TIỀN LIỆT ( PROSTATIC HYPERPLASIA ),Slide9-10,False,
IMG_20260326_113421_095.tiff,IMG_20260326_113421_095,Kruss,0,40X,1832,670,YCT26,I-XII. TĂNG SẢN LÀNH TÍNH TUYẾN TIỀN LIỆT ( PROSTATIC HYPERPLASIA ),Slide9-10,False,
IMG_20260326_113421_450.tiff,IMG_20260326_113421_450,Kruss,0,40X,1833,670,YCT26,I-XII. TĂNG SẢN LÀNH TÍNH TUYẾN TIỀN LIỆT ( PROSTATIC HYPERPLASIA ),Slide9-10,False,
IMG_20260326_113541_134.tiff,IMG_20260326_113541_134,Kruss,0,40X,1834,670,YCT26,I-XII. TĂNG SẢN LÀNH TÍNH TUYẾN TIỀN LIỆT ( PROSTATIC HYPERPLASIA ),Slide9-10,False,
IMG_20260326_113541_467.tiff,IMG_20260326_113541_467,Kruss,0,40X,1835,670,YCT26,I-XII. TĂNG SẢN LÀNH TÍNH TUYẾN TIỀN LIỆT ( PROSTATIC HYPERPLASIA ),Slide9-10,False,
IMG_20260326_113541_819.tiff,IMG_20260326_113541_819,Kruss,0,40X,1836,670,YCT26,I-XII. TĂNG SẢN LÀNH TÍNH TUYẾN TIỀN LIỆT ( PROSTATIC HYPERPLASIA ),Slide9-10,False,
IMG_20260326_113542_149.tiff,IMG_20260326_113542_149,Kruss,0,40X,1837,670,YCT26,I-XII. TĂNG SẢN LÀNH TÍNH TUYẾN TIỀN LIỆT ( PROSTATIC HYPERPLASIA ),Slide9-10,False,
IMG_20260326_113542_501.tiff,IMG_20260326_113542_501,Kruss,0,40X,1838,670,YCT26,I-XII. TĂNG SẢN LÀNH TÍNH TUYẾN TIỀN LIỆT ( PROSTATIC HYPERPLASIA ),Slide9-10,False,
IMG_20260326_113542_835.tiff,IMG_20260326_113542_835,Kruss,0,40X,1839,670,YCT26,I-XII. TĂNG SẢN LÀNH TÍNH TUYẾN TIỀN LIỆT ( PROSTATIC HYPERPLASIA ),Slide9-10,False,
IMG_20260326_113543_186.tiff,IMG_20260326_113543_186,Kruss,0,40X,1840,670,YCT26,I-XII. TĂNG SẢN LÀNH TÍNH TUYẾN TIỀN LIỆT ( PROSTATIC HYPERPLASIA ),Slide9-10,False,
IMG_20260326_113543_529.tiff,IMG_20260326_113543_529,Kruss,0,40X,1841,670,YCT26,I-XII. TĂNG SẢN LÀNH TÍNH TUYẾN TIỀN LIỆT ( PROSTATIC HYPERPLASIA ),Slide9-10,False,
IMG_20260326_113634_103.tiff,IMG_20260326_113634_103,Kruss,0,40X,1842,670,YCT26,I-XII. TĂNG SẢN LÀNH TÍNH TUYẾN TIỀN LIỆT ( PROSTATIC HYPERPLASIA ),Slide9-10,False,
IMG_20260326_113634_452.tiff,IMG_20260326_113634_452,Kruss,0,40X,1843,670,YCT26,I-XII. TĂNG SẢN LÀNH TÍNH TUYẾN TIỀN LIỆT ( PROSTATIC HYPERPLASIA ),Slide9-10,False,
IMG_20260326_113634_806.tiff,IMG_20260326_113634_806,Kruss,0,40X,1844,670,YCT26,I-XII. TĂNG SẢN LÀNH TÍNH TUYẾN TIỀN LIỆT ( PROSTATIC HYPERPLASIA ),Slide9-10,False,
IMG_20260326_113635_145.tiff,IMG_20260326_113635_145,Kruss,0,40X,1845,670,YCT26,I-XII. TĂNG SẢN LÀNH TÍNH TUYẾN TIỀN LIỆT ( PROSTATIC HYPERPLASIA ),Slide9-10,False,
IMG_20260326_113635_494.tiff,IMG_20260326_113635_494,Kruss,0,40X,1846,670,YCT26,I-XII. TĂNG SẢN LÀNH TÍNH TUYẾN TIỀN LIỆT ( PROSTATIC HYPERPLASIA ),Slide9-10,False,
IMG_20260326_112831_530.tiff,IMG_20260326_112831_530,Kruss,0,4X,1810,670,YCT26,I-XII. TĂNG SẢN LÀNH TÍNH TUYẾN TIỀN LIỆT ( PROSTATIC HYPERPLASIA ),Slide9-10,True,IMG_20260326_112831_530.tiff
IMG_20260326_112831_843.tiff,IMG_20260326_112831_843,Kruss,0,4X,1811,670,YCT26,I-XII. TĂNG SẢN LÀNH TÍNH TUYẾN TIỀN LIỆT ( PROSTATIC HYPERPLASIA ),Slide9-10,True,IMG_20260326_112831_843.tiff
IMG_20260326_112832_473.tiff,IMG_20260326_112832_473,Kruss,0,4X,1813,670,YCT26,I-XII. TĂNG SẢN LÀNH TÍNH TUYẾN TIỀN LIỆT ( PROSTATIC HYPERPLASIA ),Slide9-10,True,IMG_20260326_112832_473.tiff
IMG_20260326_112833_086.tiff,IMG_20260326_112833_086,Kruss,0,4X,1815,670,YCT26,I-XII. TĂNG SẢN LÀNH TÍNH TUYẾN TIỀN LIỆT ( PROSTATIC HYPERPLASIA ),Slide9-10,True,IMG_20260326_112833_086.tiff
IMG_20260326_112833_412.tiff,IMG_20260326_112833_412,Kruss,0,4X,1816,670,YCT26,I-XII. TĂNG SẢN LÀNH TÍNH TUYẾN TIỀN LIỆT ( PROSTATIC HYPERPLASIA ),Slide9-10,True,IMG_20260326_112833_412.tiff
IMG_20260326_112833_726.tiff,IMG_20260326_112833_726,Kruss,0,4X,1817,670,YCT26,I-XII. TĂNG SẢN LÀNH TÍNH TUYẾN TIỀN LIỆT ( PROSTATIC HYPERPLASIA ),Slide9-10,True,IMG_20260326_112833_726.tiff
IMG_20260324_095112_167.tiff,IMG_20260324_095112_167,Kruss,0,40X,640,724,YCT26,I-XII. TĂNG SẢN LÀNH TÍNH TUYẾN TIỀN LIỆT ( PROSTATIC HYPERPLASIA ),Slide1-2,False,
IMG_20260324_095112_509.tiff,IMG_20260324_095112_509,Kruss,0,40X,641,724,YCT26,I-XII. TĂNG SẢN LÀNH TÍNH TUYẾN TIỀN LIỆT ( PROSTATIC HYPERPLASIA ),Slide1-2,False,
IMG_20260324_095203_523.tiff,IMG_20260324_095203_523,Kruss,0,40X,644,724,YCT26,I-XII. TĂNG SẢN LÀNH TÍNH TUYẾN TIỀN LIỆT ( PROSTATIC HYPERPLASIA ),Slide1-2,False,
IMG_20260324_095203_844.tiff,IMG_20260324_095203_844,Kruss,0,40X,645,724,YCT26,I-XII. TĂNG SẢN LÀNH TÍNH TUYẾN TIỀN LIỆT ( PROSTATIC HYPERPLASIA ),Slide1-2,False,
IMG_20260324_095204_170.tiff,IMG_20260324_095204_170,Kruss,0,40X,646,724,YCT26,I-XII. TĂNG SẢN LÀNH TÍNH TUYẾN TIỀN LIỆT ( PROSTATIC HYPERPLASIA ),Slide1-2,False,
IMG_20260324_095204_513.tiff,IMG_20260324_095204_513,Kruss,0,40X,647,724,YCT26,I-XII. TĂNG SẢN LÀNH TÍNH TUYẾN TIỀN LIỆT ( PROSTATIC HYPERPLASIA ),Slide1-2,False,
IMG_20260324_095258_314.tiff,IMG_20260324_095258_314,Kruss,0,40X,648,724,YCT26,I-XII. TĂNG SẢN LÀNH TÍNH TUYẾN TIỀN LIỆT ( PROSTATIC HYPERPLASIA ),Slide1-2,False,
IMG_20260324_113646_688.tiff,IMG_20260324_113646_688,Kruss,0,10X,793,724,YCT26,I-XII. TĂNG SẢN LÀNH TÍNH TUYẾN TIỀN LIỆT ( PROSTATIC HYPERPLASIA ),Slide11-12,False,
IMG_20260324_113646_999.tiff,IMG_20260324_113646_999,Kruss,0,10X,794,724,YCT26,I-XII. TĂNG SẢN LÀNH TÍNH TUYẾN TIỀN LIỆT ( PROSTATIC HYPERPLASIA ),Slide11-12,False,
IMG_20260324_113647_310.tiff,IMG_20260324_113647_310,Kruss,0,10X,795,724,YCT26,I-XII. TĂNG SẢN LÀNH TÍNH TUYẾN TIỀN LIỆT ( PROSTATIC HYPERPLASIA ),Slide11-12,False,
IMG_20260324_113647_618.tiff,IMG_20260324_113647_618,Kruss,0,10X,796,724,YCT26,I-XII. TĂNG SẢN LÀNH TÍNH TUYẾN TIỀN LIỆT ( PROSTATIC HYPERPLASIA ),Slide11-12,False,
IMG_20260324_113903_994.tiff,IMG_20260324_113903_994,Kruss,0,40X,797,724,YCT26,I-XII. TĂNG SẢN LÀNH TÍNH TUYẾN TIỀN LIỆT ( PROSTATIC HYPERPLASIA ),Slide11-12,False,
IMG_20260324_113904_320.tiff,IMG_20260324_113904_320,Kruss,0,40X,798,724,YCT26,I-XII. TĂNG SẢN LÀNH TÍNH TUYẾN TIỀN LIỆT ( PROSTATIC HYPERPLASIA ),Slide11-12,False,
IMG_20260324_113904_674.tiff,IMG_20260324_113904_674,Kruss,0,40X,799,724,YCT26,I-XII. TĂNG SẢN LÀNH TÍNH TUYẾN TIỀN LIỆT ( PROSTATIC HYPERPLASIA ),Slide11-12,False,
IMG_20260324_113905_004.tiff,IMG_20260324_113905_004,Kruss,0,40X,800,724,YCT26,I-XII. TĂNG SẢN LÀNH TÍNH TUYẾN TIỀN LIỆT ( PROSTATIC HYPERPLASIA ),Slide11-12,False,
IMG_20260324_113939_535.tiff,IMG_20260324_113939_535,Kruss,0,40X,801,724,YCT26,I-XII. TĂNG SẢN LÀNH TÍNH TUYẾN TIỀN LIỆT ( PROSTATIC HYPERPLASIA ),Slide11-12,False,
IMG_20260324_113939_858.tiff,IMG_20260324_113939_858,Kruss,0,40X,802,724,YCT26,I-XII. TĂNG SẢN LÀNH TÍNH TUYẾN TIỀN LIỆT ( PROSTATIC HYPERPLASIA ),Slide11-12,False,
IMG_20260324_113940_205.tiff,IMG_20260324_113940_205,Kruss,0,40X,803,724,YCT26,I-XII. TĂNG SẢN LÀNH TÍNH TUYẾN TIỀN LIỆT ( PROSTATIC HYPERPLASIA ),Slide11-12,False,
IMG_20260324_113940_549.tiff,IMG_20260324_113940_549,Kruss,0,40X,804,724,YCT26,I-XII. TĂNG SẢN LÀNH TÍNH TUYẾN TIỀN LIỆT ( PROSTATIC HYPERPLASIA ),Slide11-12,False,
IMG_20260324_113959_851.tiff,IMG_20260324_113959_851,Kruss,0,40X,805,724,YCT26,I-XII. TĂNG SẢN LÀNH TÍNH TUYẾN TIỀN LIỆT ( PROSTATIC HYPERPLASIA ),Slide11-12,False,
IMG_20260324_114000_215.tiff,IMG_20260324_114000_215,Kruss,0,40X,806,724,YCT26,I-XII. TĂNG SẢN LÀNH TÍNH TUYẾN TIỀN LIỆT ( PROSTATIC HYPERPLASIA ),Slide11-12,False,
IMG_20260324_113603_846.tiff,IMG_20260324_113603_846,Kruss,0,4X,791,724,YCT26,I-XII. TĂNG SẢN LÀNH TÍNH TUYẾN TIỀN LIỆT ( PROSTATIC HYPERPLASIA ),Slide11-12,True,IMG_20260324_113603_846.tiff
IMG_20260324_113604_148.tiff,IMG_20260324_113604_148,Kruss,0,4X,792,724,YCT26,I-XII. TĂNG SẢN LÀNH TÍNH TUYẾN TIỀN LIỆT ( PROSTATIC HYPERPLASIA ),Slide11-12,True,IMG_20260324_113604_148.tiff
IMG_20260324_110112_753.tiff,IMG_20260324_110112_753,Kruss,0,10X,654,724,YCT26,I-XII. TĂNG SẢN LÀNH TÍNH TUYẾN TIỀN LIỆT ( PROSTATIC HYPERPLASIA ),Slide3-4,False,
IMG_20260324_110113_076.tiff,IMG_20260324_110113_076,Kruss,0,10X,655,724,YCT26,I-XII. TĂNG SẢN LÀNH TÍNH TUYẾN TIỀN LIỆT ( PROSTATIC HYPERPLASIA ),Slide3-4,False,
IMG_20260324_110113_396.tiff,IMG_20260324_110113_396,Kruss,0,10X,656,724,YCT26,I-XII. TĂNG SẢN LÀNH TÍNH TUYẾN TIỀN LIỆT ( PROSTATIC HYPERPLASIA ),Slide3-4,False,
IMG_20260324_110113_709.tiff,IMG_20260324_110113_709,Kruss,0,10X,657,724,YCT26,I-XII. TĂNG SẢN LÀNH TÍNH TUYẾN TIỀN LIỆT ( PROSTATIC HYPERPLASIA ),Slide3-4,False,
IMG_20260324_110157_647.tiff,IMG_20260324_110157_647,Kruss,0,10X,658,724,YCT26,I-XII. TĂNG SẢN LÀNH TÍNH TUYẾN TIỀN LIỆT ( PROSTATIC HYPERPLASIA ),Slide3-4,False,
IMG_20260324_110157_999.tiff,IMG_20260324_110157_999,Kruss,0,10X,659,724,YCT26,I-XII. TĂNG SẢN LÀNH TÍNH TUYẾN TIỀN LIỆT ( PROSTATIC HYPERPLASIA ),Slide3-4,False,
IMG_20260324_110158_323.tiff,IMG_20260324_110158_323,Kruss,0,10X,660,724,YCT26,I-XII. TĂNG SẢN LÀNH TÍNH TUYẾN TIỀN LIỆT ( PROSTATIC HYPERPLASIA ),Slide3-4,False,
IMG_20260324_110321_272.tiff,IMG_20260324_110321_272,Kruss,0,40X,663,724,YCT26,I-XII. TĂNG SẢN LÀNH TÍNH TUYẾN TIỀN LIỆT ( PROSTATIC HYPERPLASIA ),Slide3-4,False,
IMG_20260324_110356_287.tiff,IMG_20260324_110356_287,Kruss,0,40X,665,724,YCT26,I-XII. TĂNG SẢN LÀNH TÍNH TUYẾN TIỀN LIỆT ( PROSTATIC HYPERPLASIA ),Slide3-4,False,
IMG_20260324_110356_632.tiff,IMG_20260324_110356_632,Kruss,0,40X,666,724,YCT26,I-XII. TĂNG SẢN LÀNH TÍNH TUYẾN TIỀN LIỆT ( PROSTATIC HYPERPLASIA ),Slide3-4,False,
IMG_20260324_110356_958.tiff,IMG_20260324_110356_958,Kruss,0,40X,667,724,YCT26,I-XII. TĂNG SẢN LÀNH TÍNH TUYẾN TIỀN LIỆT ( PROSTATIC HYPERPLASIA ),Slide3-4,False,
IMG_20260324_110518_065.tiff,IMG_20260324_110518_065,Kruss,0,40X,669,724,YCT26,I-XII. TĂNG SẢN LÀNH TÍNH TUYẾN TIỀN LIỆT ( PROSTATIC HYPERPLASIA ),Slide3-4,False,
IMG_20260324_110518_451.tiff,IMG_20260324_110518_451,Kruss,0,40X,670,724,YCT26,I-XII. TĂNG SẢN LÀNH TÍNH TUYẾN TIỀN LIỆT ( PROSTATIC HYPERPLASIA ),Slide3-4,False,
IMG_20260324_110518_787.tiff,IMG_20260324_110518_787,Kruss,0,40X,671,724,YCT26,I-XII. TĂNG SẢN LÀNH TÍNH TUYẾN TIỀN LIỆT ( PROSTATIC HYPERPLASIA ),Slide3-4,False,
IMG_20260324_110519_111.tiff,IMG_20260324_110519_111,Kruss,0,40X,672,724,YCT26,I-XII. TĂNG SẢN LÀNH TÍNH TUYẾN TIỀN LIỆT ( PROSTATIC HYPERPLASIA ),Slide3-4,False,
IMG_20260324_110854_337.tiff,IMG_20260324_110854_337,Kruss,0,40X,673,724,YCT26,I-XII. TĂNG SẢN LÀNH TÍNH TUYẾN TIỀN LIỆT ( PROSTATIC HYPERPLASIA ),Slide3-4,False,
IMG_20260324_110854_659.tiff,IMG_20260324_110854_659,Kruss,0,40X,674,724,YCT26,I-XII. TĂNG SẢN LÀNH TÍNH TUYẾN TIỀN LIỆT ( PROSTATIC HYPERPLASIA ),Slide3-4,False,
IMG_20260324_110854_986.tiff,IMG_20260324_110854_986,Kruss,0,40X,675,724,YCT26,I-XII. TĂNG SẢN LÀNH TÍNH TUYẾN TIỀN LIỆT ( PROSTATIC HYPERPLASIA ),Slide3-4,False,
IMG_20260324_095844_032.tiff,IMG_20260324_095844_032,Kruss,0,4X,652,724,YCT26,I-XII. TĂNG SẢN LÀNH TÍNH TUYẾN TIỀN LIỆT ( PROSTATIC HYPERPLASIA ),Slide3-4,True,IMG_20260324_095844_032.tiff
IMG_20260324_095844_337.tiff,IMG_20260324_095844_337,Kruss,0,4X,653,724,YCT26,I-XII. TĂNG SẢN LÀNH TÍNH TUYẾN TIỀN LIỆT ( PROSTATIC HYPERPLASIA ),Slide3-4,True,IMG_20260324_095844_337.tiff
IMG_20260324_111131_351.tiff,IMG_20260324_111131_351,Kruss,0,10X,677,724,YCT26,I-XII. TĂNG SẢN LÀNH TÍNH TUYẾN TIỀN LIỆT ( PROSTATIC HYPERPLASIA ),Slide5-6,False,
IMG_20260324_111236_143.tiff,IMG_20260324_111236_143,Kruss,0,40X,678,724,YCT26,I-XII. TĂNG SẢN LÀNH TÍNH TUYẾN TIỀN LIỆT ( PROSTATIC HYPERPLASIA ),Slide5-6,False,
IMG_20260324_111236_533.tiff,IMG_20260324_111236_533,Kruss,0,40X,679,724,YCT26,I-XII. TĂNG SẢN LÀNH TÍNH TUYẾN TIỀN LIỆT ( PROSTATIC HYPERPLASIA ),Slide5-6,False,
IMG_20260324_111236_867.tiff,IMG_20260324_111236_867,Kruss,0,40X,680,724,YCT26,I-XII. TĂNG SẢN LÀNH TÍNH TUYẾN TIỀN LIỆT ( PROSTATIC HYPERPLASIA ),Slide5-6,False,
IMG_20260324_111237_212.tiff,IMG_20260324_111237_212,Kruss,0,40X,681,724,YCT26,I-XII. TĂNG SẢN LÀNH TÍNH TUYẾN TIỀN LIỆT ( PROSTATIC HYPERPLASIA ),Slide5-6,False,
IMG_20260324_110950_955.tiff,IMG_20260324_110950_955,Kruss,0,4X,676,724,YCT26,I-XII. TĂNG SẢN LÀNH TÍNH TUYẾN TIỀN LIỆT ( PROSTATIC HYPERPLASIA ),Slide5-6,True,IMG_20260324_110950_955.tiff
IMG_20260324_111453_068.tiff,IMG_20260324_111453_068,Kruss,0,10X,687,724,YCT26,I-XII. TĂNG SẢN LÀNH TÍNH TUYẾN TIỀN LIỆT ( PROSTATIC HYPERPLASIA ),Slide7-8,False,
IMG_20260324_111453_392.tiff,IMG_20260324_111453_392,Kruss,0,10X,688,724,YCT26,I-XII. TĂNG SẢN LÀNH TÍNH TUYẾN TIỀN LIỆT ( PROSTATIC HYPERPLASIA ),Slide7-8,False,
IMG_20260324_111453_730.tiff,IMG_20260324_111453_730,Kruss,0,10X,689,724,YCT26,I-XII. TĂNG SẢN LÀNH TÍNH TUYẾN TIỀN LIỆT ( PROSTATIC HYPERPLASIA ),Slide7-8,False,
IMG_20260324_111454_040.tiff,IMG_20260324_111454_040,Kruss,0,10X,690,724,YCT26,I-XII. TĂNG SẢN LÀNH TÍNH TUYẾN TIỀN LIỆT ( PROSTATIC HYPERPLASIA ),Slide7-8,False,
IMG_20260324_111532_541.tiff,IMG_20260324_111532_541,Kruss,0,10X,691,724,YCT26,I-XII. TĂNG SẢN LÀNH TÍNH TUYẾN TIỀN LIỆT ( PROSTATIC HYPERPLASIA ),Slide7-8,False,
IMG_20260324_111532_857.tiff,IMG_20260324_111532_857,Kruss,0,10X,692,724,YCT26,I-XII. TĂNG SẢN LÀNH TÍNH TUYẾN TIỀN LIỆT ( PROSTATIC HYPERPLASIA ),Slide7-8,False,
IMG_20260324_111533_175.tiff,IMG_20260324_111533_175,Kruss,0,10X,693,724,YCT26,I-XII. TĂNG SẢN LÀNH TÍNH TUYẾN TIỀN LIỆT ( PROSTATIC HYPERPLASIA ),Slide7-8,False,
IMG_20260324_111533_497.tiff,IMG_20260324_111533_497,Kruss,0,10X,694,724,YCT26,I-XII. TĂNG SẢN LÀNH TÍNH TUYẾN TIỀN LIỆT ( PROSTATIC HYPERPLASIA ),Slide7-8,False,
IMG_20260324_111604_202.tiff,IMG_20260324_111604_202,Kruss,0,10X,695,724,YCT26,I-XII. TĂNG SẢN LÀNH TÍNH TUYẾN TIỀN LIỆT ( PROSTATIC HYPERPLASIA ),Slide7-8,False,
IMG_20260324_111604_523.tiff,IMG_20260324_111604_523,Kruss,0,10X,696,724,YCT26,I-XII. TĂNG SẢN LÀNH TÍNH TUYẾN TIỀN LIỆT ( PROSTATIC HYPERPLASIA ),Slide7-8,False,
IMG_20260324_111604_833.tiff,IMG_20260324_111604_833,Kruss,0,10X,697,724,YCT26,I-XII. TĂNG SẢN LÀNH TÍNH TUYẾN TIỀN LIỆT ( PROSTATIC HYPERPLASIA ),Slide7-8,False,
IMG_20260324_111605_143.tiff,IMG_20260324_111605_143,Kruss,0,10X,698,724,YCT26,I-XII. TĂNG SẢN LÀNH TÍNH TUYẾN TIỀN LIỆT ( PROSTATIC HYPERPLASIA ),Slide7-8,False,
IMG_20260324_111623_640.tiff,IMG_20260324_111623_640,Kruss,0,10X,699,724,YCT26,I-XII. TĂNG SẢN LÀNH TÍNH TUYẾN TIỀN LIỆT ( PROSTATIC HYPERPLASIA ),Slide7-8,False,
IMG_20260324_111623_952.tiff,IMG_20260324_111623_952,Kruss,0,10X,700,724,YCT26,I-XII. TĂNG SẢN LÀNH TÍNH TUYẾN TIỀN LIỆT ( PROSTATIC HYPERPLASIA ),Slide7-8,False,
IMG_20260324_111624_293.tiff,IMG_20260324_111624_293,Kruss,0,10X,701,724,YCT26,I-XII. TĂNG SẢN LÀNH TÍNH TUYẾN TIỀN LIỆT ( PROSTATIC HYPERPLASIA ),Slide7-8,False,
IMG_20260324_111642_474.tiff,IMG_20260324_111642_474,Kruss,0,10X,702,724,YCT26,I-XII. TĂNG SẢN LÀNH TÍNH TUYẾN TIỀN LIỆT ( PROSTATIC HYPERPLASIA ),Slide7-8,False,
IMG_20260324_111750_934.tiff,IMG_20260324_111750_934,Kruss,0,40X,703,724,YCT26,I-XII. TĂNG SẢN LÀNH TÍNH TUYẾN TIỀN LIỆT ( PROSTATIC HYPERPLASIA ),Slide7-8,False,
IMG_20260324_111751_286.tiff,IMG_20260324_111751_286,Kruss,0,40X,704,724,YCT26,I-XII. TĂNG SẢN LÀNH TÍNH TUYẾN TIỀN LIỆT ( PROSTATIC HYPERPLASIA ),Slide7-8,False,
IMG_20260324_111751_625.tiff,IMG_20260324_111751_625,Kruss,0,40X,705,724,YCT26,I-XII. TĂNG SẢN LÀNH TÍNH TUYẾN TIỀN LIỆT ( PROSTATIC HYPERPLASIA ),Slide7-8,False,
IMG_20260324_111751_962.tiff,IMG_20260324_111751_962,Kruss,0,40X,706,724,YCT26,I-XII. TĂNG SẢN LÀNH TÍNH TUYẾN TIỀN LIỆT ( PROSTATIC HYPERPLASIA ),Slide7-8,False,
IMG_20260324_111821_969.tiff,IMG_20260324_111821_969,Kruss,0,40X,707,724,YCT26,I-XII. TĂNG SẢN LÀNH TÍNH TUYẾN TIỀN LIỆT ( PROSTATIC HYPERPLASIA ),Slide7-8,False,
IMG_20260324_111822_297.tiff,IMG_20260324_111822_297,Kruss,0,40X,708,724,YCT26,I-XII. TĂNG SẢN LÀNH TÍNH TUYẾN TIỀN LIỆT ( PROSTATIC HYPERPLASIA ),Slide7-8,False,
IMG_20260324_111822_671.tiff,IMG_20260324_111822_671,Kruss,0,40X,709,724,YCT26,I-XII. TĂNG SẢN LÀNH TÍNH TUYẾN TIỀN LIỆT ( PROSTATIC HYPERPLASIA ),Slide7-8,False,
IMG_20260324_111823_037.tiff,IMG_20260324_111823_037,Kruss,0,40X,710,724,YCT26,I-XII. TĂNG SẢN LÀNH TÍNH TUYẾN TIỀN LIỆT ( PROSTATIC HYPERPLASIA ),Slide7-8,False,
IMG_20260324_111848_409.tiff,IMG_20260324_111848_409,Kruss,0,40X,711,724,YCT26,I-XII. TĂNG SẢN LÀNH TÍNH TUYẾN TIỀN LIỆT ( PROSTATIC HYPERPLASIA ),Slide7-8,False,
IMG_20260324_111848_758.tiff,IMG_20260324_111848_758,Kruss,0,40X,712,724,YCT26,I-XII. TĂNG SẢN LÀNH TÍNH TUYẾN TIỀN LIỆT ( PROSTATIC HYPERPLASIA ),Slide7-8,False,
IMG_20260324_111849_115.tiff,IMG_20260324_111849_115,Kruss,0,40X,713,724,YCT26,I-XII. TĂNG SẢN LÀNH TÍNH TUYẾN TIỀN LIỆT ( PROSTATIC HYPERPLASIA ),Slide7-8,False,
IMG_20260324_111849_493.tiff,IMG_20260324_111849_493,Kruss,0,40X,714,724,YCT26,I-XII. TĂNG SẢN LÀNH TÍNH TUYẾN TIỀN LIỆT ( PROSTATIC HYPERPLASIA ),Slide7-8,False,
IMG_20260324_112031_529.tiff,IMG_20260324_112031_529,Kruss,0,40X,715,724,YCT26,I-XII. TĂNG SẢN LÀNH TÍNH TUYẾN TIỀN LIỆT ( PROSTATIC HYPERPLASIA ),Slide7-8,False,
IMG_20260324_112031_874.tiff,IMG_20260324_112031_874,Kruss,0,40X,716,724,YCT26,I-XII. TĂNG SẢN LÀNH TÍNH TUYẾN TIỀN LIỆT ( PROSTATIC HYPERPLASIA ),Slide7-8,False,
IMG_20260324_112032_220.tiff,IMG_20260324_112032_220,Kruss,0,40X,717,724,YCT26,I-XII. TĂNG SẢN LÀNH TÍNH TUYẾN TIỀN LIỆT ( PROSTATIC HYPERPLASIA ),Slide7-8,False,
IMG_20260324_112032_542.tiff,IMG_20260324_112032_542,Kruss,0,40X,718,724,YCT26,I-XII. TĂNG SẢN LÀNH TÍNH TUYẾN TIỀN LIỆT ( PROSTATIC HYPERPLASIA ),Slide7-8,False,
IMG_20260324_112122_845.tiff,IMG_20260324_112122_845,Kruss,0,40X,719,724,YCT26,I-XII. TĂNG SẢN LÀNH TÍNH TUYẾN TIỀN LIỆT ( PROSTATIC HYPERPLASIA ),Slide7-8,False,
IMG_20260324_112123_213.tiff,IMG_20260324_112123_213,Kruss,0,40X,720,724,YCT26,I-XII. TĂNG SẢN LÀNH TÍNH TUYẾN TIỀN LIỆT ( PROSTATIC HYPERPLASIA ),Slide7-8,False,
IMG_20260324_112123_573.tiff,IMG_20260324_112123_573,Kruss,0,40X,721,724,YCT26,I-XII. TĂNG SẢN LÀNH TÍNH TUYẾN TIỀN LIỆT ( PROSTATIC HYPERPLASIA ),Slide7-8,False,
IMG_20260324_112123_922.tiff,IMG_20260324_112123_922,Kruss,0,40X,722,724,YCT26,I-XII. TĂNG SẢN LÀNH TÍNH TUYẾN TIỀN LIỆT ( PROSTATIC HYPERPLASIA ),Slide7-8,False,
IMG_20260324_112159_370.tiff,IMG_20260324_112159_370,Kruss,0,40X,723,724,YCT26,I-XII. TĂNG SẢN LÀNH TÍNH TUYẾN TIỀN LIỆT ( PROSTATIC HYPERPLASIA ),Slide7-8,False,
IMG_20260324_112159_729.tiff,IMG_20260324_112159_729,Kruss,0,40X,724,724,YCT26,I-XII. TĂNG SẢN LÀNH TÍNH TUYẾN TIỀN LIỆT ( PROSTATIC HYPERPLASIA ),Slide7-8,False,
IMG_20260324_112200_102.tiff,IMG_20260324_112200_102,Kruss,0,40X,725,724,YCT26,I-XII. TĂNG SẢN LÀNH TÍNH TUYẾN TIỀN LIỆT ( PROSTATIC HYPERPLASIA ),Slide7-8,False,
IMG_20260324_112200_441.tiff,IMG_20260324_112200_441,Kruss,0,40X,726,724,YCT26,I-XII. TĂNG SẢN LÀNH TÍNH TUYẾN TIỀN LIỆT ( PROSTATIC HYPERPLASIA ),Slide7-8,False,
IMG_20260324_112246_145.tiff,IMG_20260324_112246_145,Kruss,0,40X,727,724,YCT26,I-XII. TĂNG SẢN LÀNH TÍNH TUYẾN TIỀN LIỆT ( PROSTATIC HYPERPLASIA ),Slide7-8,False,
IMG_20260324_112246_506.tiff,IMG_20260324_112246_506,Kruss,0,40X,728,724,YCT26,I-XII. TĂNG SẢN LÀNH TÍNH TUYẾN TIỀN LIỆT ( PROSTATIC HYPERPLASIA ),Slide7-8,False,
IMG_20260324_112246_826.tiff,IMG_20260324_112246_826,Kruss,0,40X,729,724,YCT26,I-XII. TĂNG SẢN LÀNH TÍNH TUYẾN TIỀN LIỆT ( PROSTATIC HYPERPLASIA ),Slide7-8,False,
IMG_20260324_112247_168.tiff,IMG_20260324_112247_168,Kruss,0,40X,730,724,YCT26,I-XII. TĂNG SẢN LÀNH TÍNH TUYẾN TIỀN LIỆT ( PROSTATIC HYPERPLASIA ),Slide7-8,False,
IMG_20260324_112345_544.tiff,IMG_20260324_112345_544,Kruss,0,40X,731,724,YCT26,I-XII. TĂNG SẢN LÀNH TÍNH TUYẾN TIỀN LIỆT ( PROSTATIC HYPERPLASIA ),Slide7-8,False,
IMG_20260324_112345_909.tiff,IMG_20260324_112345_909,Kruss,0,40X,732,724,YCT26,I-XII. TĂNG SẢN LÀNH TÍNH TUYẾN TIỀN LIỆT ( PROSTATIC HYPERPLASIA ),Slide7-8,False,
IMG_20260324_112346_271.tiff,IMG_20260324_112346_271,Kruss,0,40X,733,724,YCT26,I-XII. TĂNG SẢN LÀNH TÍNH TUYẾN TIỀN LIỆT ( PROSTATIC HYPERPLASIA ),Slide7-8,False,
IMG_20260324_112346_617.tiff,IMG_20260324_112346_617,Kruss,0,40X,734,724,YCT26,I-XII. TĂNG SẢN LÀNH TÍNH TUYẾN TIỀN LIỆT ( PROSTATIC HYPERPLASIA ),Slide7-8,False,
IMG_20260324_111355_530.tiff,IMG_20260324_111355_530,Kruss,0,4X,682,724,YCT26,I-XII. TĂNG SẢN LÀNH TÍNH TUYẾN TIỀN LIỆT ( PROSTATIC HYPERPLASIA ),Slide7-8,True,IMG_20260324_111355_530.tiff
IMG_20260324_111355_855.tiff,IMG_20260324_111355_855,Kruss,0,4X,683,724,YCT26,I-XII. TĂNG SẢN LÀNH TÍNH TUYẾN TIỀN LIỆT ( PROSTATIC HYPERPLASIA ),Slide7-8,True,IMG_20260324_111355_855.tiff
IMG_20260324_111356_181.tiff,IMG_20260324_111356_181,Kruss,0,4X,684,724,YCT26,I-XII. TĂNG SẢN LÀNH TÍNH TUYẾN TIỀN LIỆT ( PROSTATIC HYPERPLASIA ),Slide7-8,True,IMG_20260324_111356_181.tiff
IMG_20260324_111408_343.tiff,IMG_20260324_111408_343,Kruss,0,4X,686,724,YCT26,I-XII. TĂNG SẢN LÀNH TÍNH TUYẾN TIỀN LIỆT ( PROSTATIC HYPERPLASIA ),Slide7-8,True,IMG_20260324_111408_343.tiff
IMG_20260324_112648_942.tiff,IMG_20260324_112648_942,Kruss,0,10X,741,724,YCT26,I-XII. TĂNG SẢN LÀNH TÍNH TUYẾN TIỀN LIỆT ( PROSTATIC HYPERPLASIA ),Slide9-10,False,
IMG_20260324_112649_226.tiff,IMG_20260324_112649_226,Kruss,0,10X,742,724,YCT26,I-XII. TĂNG SẢN LÀNH TÍNH TUYẾN TIỀN LIỆT ( PROSTATIC HYPERPLASIA ),Slide9-10,False,
IMG_20260324_112649_566.tiff,IMG_20260324_112649_566,Kruss,0,10X,743,724,YCT26,I-XII. TĂNG SẢN LÀNH TÍNH TUYẾN TIỀN LIỆT ( PROSTATIC HYPERPLASIA ),Slide9-10,False,
IMG_20260324_112649_898.tiff,IMG_20260324_112649_898,Kruss,0,10X,744,724,YCT26,I-XII. TĂNG SẢN LÀNH TÍNH TUYẾN TIỀN LIỆT ( PROSTATIC HYPERPLASIA ),Slide9-10,False,
IMG_20260324_112719_616.tiff,IMG_20260324_112719_616,Kruss,0,10X,745,724,YCT26,I-XII. TĂNG SẢN LÀNH TÍNH TUYẾN TIỀN LIỆT ( PROSTATIC HYPERPLASIA ),Slide9-10,False,
IMG_20260324_112719_905.tiff,IMG_20260324_112719_905,Kruss,0,10X,746,724,YCT26,I-XII. TĂNG SẢN LÀNH TÍNH TUYẾN TIỀN LIỆT ( PROSTATIC HYPERPLASIA ),Slide9-10,False,
IMG_20260324_112720_199.tiff,IMG_20260324_112720_199,Kruss,0,10X,747,724,YCT26,I-XII. TĂNG SẢN LÀNH TÍNH TUYẾN TIỀN LIỆT ( PROSTATIC HYPERPLASIA ),Slide9-10,False,
IMG_20260324_112720_522.tiff,IMG_20260324_112720_522,Kruss,0,10X,748,724,YCT26,I-XII. TĂNG SẢN LÀNH TÍNH TUYẾN TIỀN LIỆT ( PROSTATIC HYPERPLASIA ),Slide9-10,False,
IMG_20260324_112744_408.tiff,IMG_20260324_112744_408,Kruss,0,10X,749,724,YCT26,I-XII. TĂNG SẢN LÀNH TÍNH TUYẾN TIỀN LIỆT ( PROSTATIC HYPERPLASIA ),Slide9-10,False,
IMG_20260324_112744_743.tiff,IMG_20260324_112744_743,Kruss,0,10X,750,724,YCT26,I-XII. TĂNG SẢN LÀNH TÍNH TUYẾN TIỀN LIỆT ( PROSTATIC HYPERPLASIA ),Slide9-10,False,
IMG_20260324_112745_048.tiff,IMG_20260324_112745_048,Kruss,0,10X,751,724,YCT26,I-XII. TĂNG SẢN LÀNH TÍNH TUYẾN TIỀN LIỆT ( PROSTATIC HYPERPLASIA ),Slide9-10,False,
IMG_20260324_112745_352.tiff,IMG_20260324_112745_352,Kruss,0,10X,752,724,YCT26,I-XII. TĂNG SẢN LÀNH TÍNH TUYẾN TIỀN LIỆT ( PROSTATIC HYPERPLASIA ),Slide9-10,False,
IMG_20260324_112752_704.tiff,IMG_20260324_112752_704,Kruss,0,10X,753,724,YCT26,I-XII. TĂNG SẢN LÀNH TÍNH TUYẾN TIỀN LIỆT ( PROSTATIC HYPERPLASIA ),Slide9-10,False,
IMG_20260324_112753_022.tiff,IMG_20260324_112753_022,Kruss,0,10X,754,724,YCT26,I-XII. TĂNG SẢN LÀNH TÍNH TUYẾN TIỀN LIỆT ( PROSTATIC HYPERPLASIA ),Slide9-10,False,
IMG_20260324_112858_990.tiff,IMG_20260324_112858_990,Kruss,0,40X,755,724,YCT26,I-XII. TĂNG SẢN LÀNH TÍNH TUYẾN TIỀN LIỆT ( PROSTATIC HYPERPLASIA ),Slide9-10,False,
IMG_20260324_112859_336.tiff,IMG_20260324_112859_336,Kruss,0,40X,756,724,YCT26,I-XII. TĂNG SẢN LÀNH TÍNH TUYẾN TIỀN LIỆT ( PROSTATIC HYPERPLASIA ),Slide9-10,False,
IMG_20260324_112859_698.tiff,IMG_20260324_112859_698,Kruss,0,40X,757,724,YCT26,I-XII. TĂNG SẢN LÀNH TÍNH TUYẾN TIỀN LIỆT ( PROSTATIC HYPERPLASIA ),Slide9-10,False,
IMG_20260324_112900_042.tiff,IMG_20260324_112900_042,Kruss,0,40X,758,724,YCT26,I-XII. TĂNG SẢN LÀNH TÍNH TUYẾN TIỀN LIỆT ( PROSTATIC HYPERPLASIA ),Slide9-10,False,
IMG_20260324_112944_835.tiff,IMG_20260324_112944_835,Kruss,0,40X,759,724,YCT26,I-XII. TĂNG SẢN LÀNH TÍNH TUYẾN TIỀN LIỆT ( PROSTATIC HYPERPLASIA ),Slide9-10,False,
IMG_20260324_112945_189.tiff,IMG_20260324_112945_189,Kruss,0,40X,760,724,YCT26,I-XII. TĂNG SẢN LÀNH TÍNH TUYẾN TIỀN LIỆT ( PROSTATIC HYPERPLASIA ),Slide9-10,False,
IMG_20260324_112945_539.tiff,IMG_20260324_112945_539,Kruss,0,40X,761,724,YCT26,I-XII. TĂNG SẢN LÀNH TÍNH TUYẾN TIỀN LIỆT ( PROSTATIC HYPERPLASIA ),Slide9-10,False,
IMG_20260324_112945_901.tiff,IMG_20260324_112945_901,Kruss,0,40X,762,724,YCT26,I-XII. TĂNG SẢN LÀNH TÍNH TUYẾN TIỀN LIỆT ( PROSTATIC HYPERPLASIA ),Slide9-10,False,
IMG_20260324_113039_219.tiff,IMG_20260324_113039_219,Kruss,0,40X,763,724,YCT26,I-XII. TĂNG SẢN LÀNH TÍNH TUYẾN TIỀN LIỆT ( PROSTATIC HYPERPLASIA ),Slide9-10,False,
IMG_20260324_113039_580.tiff,IMG_20260324_113039_580,Kruss,0,40X,764,724,YCT26,I-XII. TĂNG SẢN LÀNH TÍNH TUYẾN TIỀN LIỆT ( PROSTATIC HYPERPLASIA ),Slide9-10,False,
IMG_20260324_113039_929.tiff,IMG_20260324_113039_929,Kruss,0,40X,765,724,YCT26,I-XII. TĂNG SẢN LÀNH TÍNH TUYẾN TIỀN LIỆT ( PROSTATIC HYPERPLASIA ),Slide9-10,False,
IMG_20260324_113040_292.tiff,IMG_20260324_113040_292,Kruss,0,40X,766,724,YCT26,I-XII. TĂNG SẢN LÀNH TÍNH TUYẾN TIỀN LIỆT ( PROSTATIC HYPERPLASIA ),Slide9-10,False,
IMG_20260324_113145_724.tiff,IMG_20260324_113145_724,Kruss,0,40X,767,724,YCT26,I-XII. TĂNG SẢN LÀNH TÍNH TUYẾN TIỀN LIỆT ( PROSTATIC HYPERPLASIA ),Slide9-10,False,
IMG_20260324_113146_157.tiff,IMG_20260324_113146_157,Kruss,0,40X,768,724,YCT26,I-XII. TĂNG SẢN LÀNH TÍNH TUYẾN TIỀN LIỆT ( PROSTATIC HYPERPLASIA ),Slide9-10,False,
IMG_20260324_113146_528.tiff,IMG_20260324_113146_528,Kruss,0,40X,769,724,YCT26,I-XII. TĂNG SẢN LÀNH TÍNH TUYẾN TIỀN LIỆT ( PROSTATIC HYPERPLASIA ),Slide9-10,False,
IMG_20260324_113146_874.tiff,IMG_20260324_113146_874,Kruss,0,40X,770,724,YCT26,I-XII. TĂNG SẢN LÀNH TÍNH TUYẾN TIỀN LIỆT ( PROSTATIC HYPERPLASIA ),Slide9-10,False,
IMG_20260324_113221_645.tiff,IMG_20260324_113221_645,Kruss,0,40X,771,724,YCT26,I-XII. TĂNG SẢN LÀNH TÍNH TUYẾN TIỀN LIỆT ( PROSTATIC HYPERPLASIA ),Slide9-10,False,
IMG_20260324_113221_998.tiff,IMG_20260324_113221_998,Kruss,0,40X,772,724,YCT26,I-XII. TĂNG SẢN LÀNH TÍNH TUYẾN TIỀN LIỆT ( PROSTATIC HYPERPLASIA ),Slide9-10,False,
IMG_20260324_113222_332.tiff,IMG_20260324_113222_332,Kruss,0,40X,773,724,YCT26,I-XII. TĂNG SẢN LÀNH TÍNH TUYẾN TIỀN LIỆT ( PROSTATIC HYPERPLASIA ),Slide9-10,False,
IMG_20260324_113222_702.tiff,IMG_20260324_113222_702,Kruss,0,40X,774,724,YCT26,I-XII. TĂNG SẢN LÀNH TÍNH TUYẾN TIỀN LIỆT ( PROSTATIC HYPERPLASIA ),Slide9-10,False,
IMG_20260324_113329_019.tiff,IMG_20260324_113329_019,Kruss,0,40X,775,724,YCT26,I-XII. TĂNG SẢN LÀNH TÍNH TUYẾN TIỀN LIỆT ( PROSTATIC HYPERPLASIA ),Slide9-10,False,
IMG_20260324_113329_365.tiff,IMG_20260324_113329_365,Kruss,0,40X,776,724,YCT26,I-XII. TĂNG SẢN LÀNH TÍNH TUYẾN TIỀN LIỆT ( PROSTATIC HYPERPLASIA ),Slide9-10,False,
IMG_20260324_113329_745.tiff,IMG_20260324_113329_745,Kruss,0,40X,777,724,YCT26,I-XII. TĂNG SẢN LÀNH TÍNH TUYẾN TIỀN LIỆT ( PROSTATIC HYPERPLASIA ),Slide9-10,False,
IMG_20260324_113330_088.tiff,IMG_20260324_113330_088,Kruss,0,40X,778,724,YCT26,I-XII. TĂNG SẢN LÀNH TÍNH TUYẾN TIỀN LIỆT ( PROSTATIC HYPERPLASIA ),Slide9-10,False,
IMG_20260324_113412_715.tiff,IMG_20260324_113412_715,Kruss,0,40X,779,724,YCT26,I-XII. TĂNG SẢN LÀNH TÍNH TUYẾN TIỀN LIỆT ( PROSTATIC HYPERPLASIA ),Slide9-10,False,
IMG_20260324_113413_054.tiff,IMG_20260324_113413_054,Kruss,0,40X,780,724,YCT26,I-XII. TĂNG SẢN LÀNH TÍNH TUYẾN TIỀN LIỆT ( PROSTATIC HYPERPLASIA ),Slide9-10,False,
IMG_20260324_113413_383.tiff,IMG_20260324_113413_383,Kruss,0,40X,781,724,YCT26,I-XII. TĂNG SẢN LÀNH TÍNH TUYẾN TIỀN LIỆT ( PROSTATIC HYPERPLASIA ),Slide9-10,False,
IMG_20260324_113413_717.tiff,IMG_20260324_113413_717,Kruss,0,40X,782,724,YCT26,I-XII. TĂNG SẢN LÀNH TÍNH TUYẾN TIỀN LIỆT ( PROSTATIC HYPERPLASIA ),Slide9-10,False,
IMG_20260324_113440_616.tiff,IMG_20260324_113440_616,Kruss,0,40X,783,724,YCT26,I-XII. TĂNG SẢN LÀNH TÍNH TUYẾN TIỀN LIỆT ( PROSTATIC HYPERPLASIA ),Slide9-10,False,
IMG_20260324_113440_981.tiff,IMG_20260324_113440_981,Kruss,0,40X,784,724,YCT26,I-XII. TĂNG SẢN LÀNH TÍNH TUYẾN TIỀN LIỆT ( PROSTATIC HYPERPLASIA ),Slide9-10,False,
IMG_20260324_113441_352.tiff,IMG_20260324_113441_352,Kruss,0,40X,785,724,YCT26,I-XII. TĂNG SẢN LÀNH TÍNH TUYẾN TIỀN LIỆT ( PROSTATIC HYPERPLASIA ),Slide9-10,False,
IMG_20260324_113441_732.tiff,IMG_20260324_113441_732,Kruss,0,40X,786,724,YCT26,I-XII. TĂNG SẢN LÀNH TÍNH TUYẾN TIỀN LIỆT ( PROSTATIC HYPERPLASIA ),Slide9-10,False,
IMG_20260324_113509_457.tiff,IMG_20260324_113509_457,Kruss,0,40X,787,724,YCT26,I-XII. TĂNG SẢN LÀNH TÍNH TUYẾN TIỀN LIỆT ( PROSTATIC HYPERPLASIA ),Slide9-10,False,
IMG_20260324_113509_785.tiff,IMG_20260324_113509_785,Kruss,0,40X,788,724,YCT26,I-XII. TĂNG SẢN LÀNH TÍNH TUYẾN TIỀN LIỆT ( PROSTATIC HYPERPLASIA ),Slide9-10,False,
IMG_20260324_113510_226.tiff,IMG_20260324_113510_226,Kruss,0,40X,789,724,YCT26,I-XII. TĂNG SẢN LÀNH TÍNH TUYẾN TIỀN LIỆT ( PROSTATIC HYPERPLASIA ),Slide9-10,False,
IMG_20260324_113510_571.tiff,IMG_20260324_113510_571,Kruss,0,40X,790,724,YCT26,I-XII. TĂNG SẢN LÀNH TÍNH TUYẾN TIỀN LIỆT ( PROSTATIC HYPERPLASIA ),Slide9-10,False,
IMG_20260324_112455_014.tiff,IMG_20260324_112455_014,Kruss,0,4X,735,724,YCT26,I-XII. TĂNG SẢN LÀNH TÍNH TUYẾN TIỀN LIỆT ( PROSTATIC HYPERPLASIA ),Slide9-10,True,IMG_20260324_112455_014.tiff
IMG_20260324_112455_314.tiff,IMG_20260324_112455_314,Kruss,0,4X,736,724,YCT26,I-XII. TĂNG SẢN LÀNH TÍNH TUYẾN TIỀN LIỆT ( PROSTATIC HYPERPLASIA ),Slide9-10,True,IMG_20260324_112455_314.tiff
IMG_20260324_112455_631.tiff,IMG_20260324_112455_631,Kruss,0,4X,737,724,YCT26,I-XII. TĂNG SẢN LÀNH TÍNH TUYẾN TIỀN LIỆT ( PROSTATIC HYPERPLASIA ),Slide9-10,True,IMG_20260324_112455_631.tiff
IMG_20260324_112455_939.tiff,IMG_20260324_112455_939,Kruss,0,4X,738,724,YCT26,I-XII. TĂNG SẢN LÀNH TÍNH TUYẾN TIỀN LIỆT ( PROSTATIC HYPERPLASIA ),Slide9-10,True,IMG_20260324_112455_939.tiff
IMG_20260324_112512_028.tiff,IMG_20260324_112512_028,Kruss,0,4X,739,724,YCT26,I-XII. TĂNG SẢN LÀNH TÍNH TUYẾN TIỀN LIỆT ( PROSTATIC HYPERPLASIA ),Slide9-10,True,IMG_20260324_112512_028.tiff
IMG_20260324_112512_331.tiff,IMG_20260324_112512_331,Kruss,0,4X,740,724,YCT26,I-XII. TĂNG SẢN LÀNH TÍNH TUYẾN TIỀN LIỆT ( PROSTATIC HYPERPLASIA ),Slide9-10,True,IMG_20260324_112512_331.tiff
IMG_20260324_082242_162.tiff,IMG_20260324_082242_162,Kruss,0,10X,405,725,YCT26,I-XII. TĂNG SẢN LÀNH TÍNH TUYẾN TIỀN LIỆT ( PROSTATIC HYPERPLASIA ),Slide1-2,False,
IMG_20260324_082242_481.tiff,IMG_20260324_082242_481,Kruss,0,10X,406,725,YCT26,I-XII. TĂNG SẢN LÀNH TÍNH TUYẾN TIỀN LIỆT ( PROSTATIC HYPERPLASIA ),Slide1-2,False,
IMG_20260324_082242_820.tiff,IMG_20260324_082242_820,Kruss,0,10X,407,725,YCT26,I-XII. TĂNG SẢN LÀNH TÍNH TUYẾN TIỀN LIỆT ( PROSTATIC HYPERPLASIA ),Slide1-2,False,
IMG_20260324_082243_165.tiff,IMG_20260324_082243_165,Kruss,0,10X,408,725,YCT26,I-XII. TĂNG SẢN LÀNH TÍNH TUYẾN TIỀN LIỆT ( PROSTATIC HYPERPLASIA ),Slide1-2,False,
IMG_20260324_082641_198.tiff,IMG_20260324_082641_198,Kruss,0,10X,409,725,YCT26,I-XII. TĂNG SẢN LÀNH TÍNH TUYẾN TIỀN LIỆT ( PROSTATIC HYPERPLASIA ),Slide1-2,False,
IMG_20260324_082641_539.tiff,IMG_20260324_082641_539,Kruss,0,10X,410,725,YCT26,I-XII. TĂNG SẢN LÀNH TÍNH TUYẾN TIỀN LIỆT ( PROSTATIC HYPERPLASIA ),Slide1-2,False,
IMG_20260324_082641_883.tiff,IMG_20260324_082641_883,Kruss,0,10X,411,725,YCT26,I-XII. TĂNG SẢN LÀNH TÍNH TUYẾN TIỀN LIỆT ( PROSTATIC HYPERPLASIA ),Slide1-2,False,
IMG_20260324_082736_386.tiff,IMG_20260324_082736_386,Kruss,0,10X,413,725,YCT26,I-XII. TĂNG SẢN LÀNH TÍNH TUYẾN TIỀN LIỆT ( PROSTATIC HYPERPLASIA ),Slide1-2,False,
IMG_20260324_082736_719.tiff,IMG_20260324_082736_719,Kruss,0,10X,414,725,YCT26,I-XII. TĂNG SẢN LÀNH TÍNH TUYẾN TIỀN LIỆT ( PROSTATIC HYPERPLASIA ),Slide1-2,False,
IMG_20260324_083016_319.tiff,IMG_20260324_083016_319,Kruss,0,40X,418,725,YCT26,I-XII. TĂNG SẢN LÀNH TÍNH TUYẾN TIỀN LIỆT ( PROSTATIC HYPERPLASIA ),Slide1-2,False,
IMG_20260324_083016_661.tiff,IMG_20260324_083016_661,Kruss,0,40X,419,725,YCT26,I-XII. TĂNG SẢN LÀNH TÍNH TUYẾN TIỀN LIỆT ( PROSTATIC HYPERPLASIA ),Slide1-2,False,
IMG_20260324_083017_028.tiff,IMG_20260324_083017_028,Kruss,0,40X,420,725,YCT26,I-XII. TĂNG SẢN LÀNH TÍNH TUYẾN TIỀN LIỆT ( PROSTATIC HYPERPLASIA ),Slide1-2,False,
IMG_20260324_083118_668.tiff,IMG_20260324_083118_668,Kruss,0,40X,421,725,YCT26,I-XII. TĂNG SẢN LÀNH TÍNH TUYẾN TIỀN LIỆT ( PROSTATIC HYPERPLASIA ),Slide1-2,False,
IMG_20260324_083119_041.tiff,IMG_20260324_083119_041,Kruss,0,40X,422,725,YCT26,I-XII. TĂNG SẢN LÀNH TÍNH TUYẾN TIỀN LIỆT ( PROSTATIC HYPERPLASIA ),Slide1-2,False,
IMG_20260324_083119_740.tiff,IMG_20260324_083119_740,Kruss,0,40X,424,725,YCT26,I-XII. TĂNG SẢN LÀNH TÍNH TUYẾN TIỀN LIỆT ( PROSTATIC HYPERPLASIA ),Slide1-2,False,
IMG_20260324_083223_576.tiff,IMG_20260324_083223_576,Kruss,0,40X,425,725,YCT26,I-XII. TĂNG SẢN LÀNH TÍNH TUYẾN TIỀN LIỆT ( PROSTATIC HYPERPLASIA ),Slide1-2,False,
IMG_20260324_083223_914.tiff,IMG_20260324_083223_914,Kruss,0,40X,426,725,YCT26,I-XII. TĂNG SẢN LÀNH TÍNH TUYẾN TIỀN LIỆT ( PROSTATIC HYPERPLASIA ),Slide1-2,False,
IMG_20260324_083324_117.tiff,IMG_20260324_083324_117,Kruss,0,40X,429,725,YCT26,I-XII. TĂNG SẢN LÀNH TÍNH TUYẾN TIỀN LIỆT ( PROSTATIC HYPERPLASIA ),Slide1-2,False,
IMG_20260324_083424_893.tiff,IMG_20260324_083424_893,Kruss,0,40X,433,725,YCT26,I-XII. TĂNG SẢN LÀNH TÍNH TUYẾN TIỀN LIỆT ( PROSTATIC HYPERPLASIA ),Slide1-2,False,
IMG_20260324_083425_250.tiff,IMG_20260324_083425_250,Kruss,0,40X,434,725,YCT26,I-XII. TĂNG SẢN LÀNH TÍNH TUYẾN TIỀN LIỆT ( PROSTATIC HYPERPLASIA ),Slide1-2,False,
IMG_20260324_083425_593.tiff,IMG_20260324_083425_593,Kruss,0,40X,435,725,YCT26,I-XII. TĂNG SẢN LÀNH TÍNH TUYẾN TIỀN LIỆT ( PROSTATIC HYPERPLASIA ),Slide1-2,False,
IMG_20260324_083425_948.tiff,IMG_20260324_083425_948,Kruss,0,40X,436,725,YCT26,I-XII. TĂNG SẢN LÀNH TÍNH TUYẾN TIỀN LIỆT ( PROSTATIC HYPERPLASIA ),Slide1-2,False,
IMG_20260324_083538_043.tiff,IMG_20260324_083538_043,Kruss,0,40X,438,725,YCT26,I-XII. TĂNG SẢN LÀNH TÍNH TUYẾN TIỀN LIỆT ( PROSTATIC HYPERPLASIA ),Slide1-2,False,
IMG_20260324_083538_406.tiff,IMG_20260324_083538_406,Kruss,0,40X,439,725,YCT26,I-XII. TĂNG SẢN LÀNH TÍNH TUYẾN TIỀN LIỆT ( PROSTATIC HYPERPLASIA ),Slide1-2,False,
IMG_20260324_083538_756.tiff,IMG_20260324_083538_756,Kruss,0,40X,440,725,YCT26,I-XII. TĂNG SẢN LÀNH TÍNH TUYẾN TIỀN LIỆT ( PROSTATIC HYPERPLASIA ),Slide1-2,False,
IMG_20260324_083654_875.tiff,IMG_20260324_083654_875,Kruss,0,40X,441,725,YCT26,I-XII. TĂNG SẢN LÀNH TÍNH TUYẾN TIỀN LIỆT ( PROSTATIC HYPERPLASIA ),Slide1-2,False,
IMG_20260324_083655_246.tiff,IMG_20260324_083655_246,Kruss,0,40X,442,725,YCT26,I-XII. TĂNG SẢN LÀNH TÍNH TUYẾN TIỀN LIỆT ( PROSTATIC HYPERPLASIA ),Slide1-2,False,
IMG_20260324_083655_609.tiff,IMG_20260324_083655_609,Kruss,0,40X,443,725,YCT26,I-XII. TĂNG SẢN LÀNH TÍNH TUYẾN TIỀN LIỆT ( PROSTATIC HYPERPLASIA ),Slide1-2,False,
IMG_20260324_083655_979.tiff,IMG_20260324_083655_979,Kruss,0,40X,444,725,YCT26,I-XII. TĂNG SẢN LÀNH TÍNH TUYẾN TIỀN LIỆT ( PROSTATIC HYPERPLASIA ),Slide1-2,False,
IMG_20260324_083816_731.tiff,IMG_20260324_083816_731,Kruss,0,40X,445,725,YCT26,I-XII. TĂNG SẢN LÀNH TÍNH TUYẾN TIỀN LIỆT ( PROSTATIC HYPERPLASIA ),Slide1-2,False,
IMG_20260324_083817_084.tiff,IMG_20260324_083817_084,Kruss,0,40X,446,725,YCT26,I-XII. TĂNG SẢN LÀNH TÍNH TUYẾN TIỀN LIỆT ( PROSTATIC HYPERPLASIA ),Slide1-2,False,
IMG_20260324_083817_431.tiff,IMG_20260324_083817_431,Kruss,0,40X,447,725,YCT26,I-XII. TĂNG SẢN LÀNH TÍNH TUYẾN TIỀN LIỆT ( PROSTATIC HYPERPLASIA ),Slide1-2,False,
IMG_20260324_083817_781.tiff,IMG_20260324_083817_781,Kruss,0,40X,448,725,YCT26,I-XII. TĂNG SẢN LÀNH TÍNH TUYẾN TIỀN LIỆT ( PROSTATIC HYPERPLASIA ),Slide1-2,False,
IMG_20260324_083926_816.tiff,IMG_20260324_083926_816,Kruss,0,40X,449,725,YCT26,I-XII. TĂNG SẢN LÀNH TÍNH TUYẾN TIỀN LIỆT ( PROSTATIC HYPERPLASIA ),Slide1-2,False,
IMG_20260324_083927_181.tiff,IMG_20260324_083927_181,Kruss,0,40X,450,725,YCT26,I-XII. TĂNG SẢN LÀNH TÍNH TUYẾN TIỀN LIỆT ( PROSTATIC HYPERPLASIA ),Slide1-2,False,
IMG_20260324_083927_538.tiff,IMG_20260324_083927_538,Kruss,0,40X,451,725,YCT26,I-XII. TĂNG SẢN LÀNH TÍNH TUYẾN TIỀN LIỆT ( PROSTATIC HYPERPLASIA ),Slide1-2,False,
IMG_20260324_083927_862.tiff,IMG_20260324_083927_862,Kruss,0,40X,452,725,YCT26,I-XII. TĂNG SẢN LÀNH TÍNH TUYẾN TIỀN LIỆT ( PROSTATIC HYPERPLASIA ),Slide1-2,False,
IMG_20260324_084011_510.tiff,IMG_20260324_084011_510,Kruss,0,40X,453,725,YCT26,I-XII. TĂNG SẢN LÀNH TÍNH TUYẾN TIỀN LIỆT ( PROSTATIC HYPERPLASIA ),Slide1-2,False,
IMG_20260324_084011_853.tiff,IMG_20260324_084011_853,Kruss,0,40X,454,725,YCT26,I-XII. TĂNG SẢN LÀNH TÍNH TUYẾN TIỀN LIỆT ( PROSTATIC HYPERPLASIA ),Slide1-2,False,
IMG_20260324_084012_192.tiff,IMG_20260324_084012_192,Kruss,0,40X,455,725,YCT26,I-XII. TĂNG SẢN LÀNH TÍNH TUYẾN TIỀN LIỆT ( PROSTATIC HYPERPLASIA ),Slide1-2,False,
IMG_20260324_082111_594.tiff,IMG_20260324_082111_594,Kruss,0,4X,400,725,YCT26,I-XII. TĂNG SẢN LÀNH TÍNH TUYẾN TIỀN LIỆT ( PROSTATIC HYPERPLASIA ),Slide1-2,True,IMG_20260324_082111_594.tiff
IMG_20260324_082112_307.tiff,IMG_20260324_082112_307,Kruss,0,4X,401,725,YCT26,I-XII. TĂNG SẢN LÀNH TÍNH TUYẾN TIỀN LIỆT ( PROSTATIC HYPERPLASIA ),Slide1-2,True,IMG_20260324_082112_307.tiff
IMG_20260324_082112_650.tiff,IMG_20260324_082112_650,Kruss,0,4X,402,725,YCT26,I-XII. TĂNG SẢN LÀNH TÍNH TUYẾN TIỀN LIỆT ( PROSTATIC HYPERPLASIA ),Slide1-2,True,IMG_20260324_082112_650.tiff
IMG_20260324_082113_068.tiff,IMG_20260324_082113_068,Kruss,0,4X,403,725,YCT26,I-XII. TĂNG SẢN LÀNH TÍNH TUYẾN TIỀN LIỆT ( PROSTATIC HYPERPLASIA ),Slide1-2,True,IMG_20260324_082113_068.tiff
IMG_20260324_082128_907.tiff,IMG_20260324_082128_907,Kruss,0,4X,404,725,YCT26,I-XII. TĂNG SẢN LÀNH TÍNH TUYẾN TIỀN LIỆT ( PROSTATIC HYPERPLASIA ),Slide1-2,True,IMG_20260324_082128_907.tiff
IMG_20260324_093942_209.tiff,IMG_20260324_093942_209,Kruss,0,40X,627,725,YCT26,I-XII. TĂNG SẢN LÀNH TÍNH TUYẾN TIỀN LIỆT ( PROSTATIC HYPERPLASIA ),Slide11-12,False,
IMG_20260324_093942_519.tiff,IMG_20260324_093942_519,Kruss,0,40X,628,725,YCT26,I-XII. TĂNG SẢN LÀNH TÍNH TUYẾN TIỀN LIỆT ( PROSTATIC HYPERPLASIA ),Slide11-12,False,
IMG_20260324_093942_840.tiff,IMG_20260324_093942_840,Kruss,0,40X,629,725,YCT26,I-XII. TĂNG SẢN LÀNH TÍNH TUYẾN TIỀN LIỆT ( PROSTATIC HYPERPLASIA ),Slide11-12,False,
IMG_20260324_084433_591.tiff,IMG_20260324_084433_591,Kruss,0,10X,462,725,YCT26,I-XII. TĂNG SẢN LÀNH TÍNH TUYẾN TIỀN LIỆT ( PROSTATIC HYPERPLASIA ),Slide3-4,False,
IMG_20260324_084433_928.tiff,IMG_20260324_084433_928,Kruss,0,10X,463,725,YCT26,I-XII. TĂNG SẢN LÀNH TÍNH TUYẾN TIỀN LIỆT ( PROSTATIC HYPERPLASIA ),Slide3-4,False,
IMG_20260324_084434_267.tiff,IMG_20260324_084434_267,Kruss,0,10X,464,725,YCT26,I-XII. TĂNG SẢN LÀNH TÍNH TUYẾN TIỀN LIỆT ( PROSTATIC HYPERPLASIA ),Slide3-4,False,
IMG_20260324_084505_982.tiff,IMG_20260324_084505_982,Kruss,0,10X,465,725,YCT26,I-XII. TĂNG SẢN LÀNH TÍNH TUYẾN TIỀN LIỆT ( PROSTATIC HYPERPLASIA ),Slide3-4,False,
IMG_20260324_084506_314.tiff,IMG_20260324_084506_314,Kruss,0,10X,466,725,YCT26,I-XII. TĂNG SẢN LÀNH TÍNH TUYẾN TIỀN LIỆT ( PROSTATIC HYPERPLASIA ),Slide3-4,False,
IMG_20260324_084506_638.tiff,IMG_20260324_084506_638,Kruss,0,10X,467,725,YCT26,I-XII. TĂNG SẢN LÀNH TÍNH TUYẾN TIỀN LIỆT ( PROSTATIC HYPERPLASIA ),Slide3-4,False,
IMG_20260324_084506_961.tiff,IMG_20260324_084506_961,Kruss,0,10X,468,725,YCT26,I-XII. TĂNG SẢN LÀNH TÍNH TUYẾN TIỀN LIỆT ( PROSTATIC HYPERPLASIA ),Slide3-4,False,
IMG_20260324_084751_310.tiff,IMG_20260324_084751_310,Kruss,0,40X,469,725,YCT26,I-XII. TĂNG SẢN LÀNH TÍNH TUYẾN TIỀN LIỆT ( PROSTATIC HYPERPLASIA ),Slide3-4,False,
IMG_20260324_084751_638.tiff,IMG_20260324_084751_638,Kruss,0,40X,470,725,YCT26,I-XII. TĂNG SẢN LÀNH TÍNH TUYẾN TIỀN LIỆT ( PROSTATIC HYPERPLASIA ),Slide3-4,False,
IMG_20260324_084751_974.tiff,IMG_20260324_084751_974,Kruss,0,40X,471,725,YCT26,I-XII. TĂNG SẢN LÀNH TÍNH TUYẾN TIỀN LIỆT ( PROSTATIC HYPERPLASIA ),Slide3-4,False,
IMG_20260324_084752_332.tiff,IMG_20260324_084752_332,Kruss,0,40X,472,725,YCT26,I-XII. TĂNG SẢN LÀNH TÍNH TUYẾN TIỀN LIỆT ( PROSTATIC HYPERPLASIA ),Slide3-4,False,
IMG_20260324_084846_312.tiff,IMG_20260324_084846_312,Kruss,0,40X,473,725,YCT26,I-XII. TĂNG SẢN LÀNH TÍNH TUYẾN TIỀN LIỆT ( PROSTATIC HYPERPLASIA ),Slide3-4,False,
IMG_20260324_084846_659.tiff,IMG_20260324_084846_659,Kruss,0,40X,474,725,YCT26,I-XII. TĂNG SẢN LÀNH TÍNH TUYẾN TIỀN LIỆT ( PROSTATIC HYPERPLASIA ),Slide3-4,False,
IMG_20260324_084847_012.tiff,IMG_20260324_084847_012,Kruss,0,40X,475,725,YCT26,I-XII. TĂNG SẢN LÀNH TÍNH TUYẾN TIỀN LIỆT ( PROSTATIC HYPERPLASIA ),Slide3-4,False,
IMG_20260324_084847_392.tiff,IMG_20260324_084847_392,Kruss,0,40X,476,725,YCT26,I-XII. TĂNG SẢN LÀNH TÍNH TUYẾN TIỀN LIỆT ( PROSTATIC HYPERPLASIA ),Slide3-4,False,
IMG_20260324_085008_385.tiff,IMG_20260324_085008_385,Kruss,0,40X,477,725,YCT26,I-XII. TĂNG SẢN LÀNH TÍNH TUYẾN TIỀN LIỆT ( PROSTATIC HYPERPLASIA ),Slide3-4,False,
IMG_20260324_085008_735.tiff,IMG_20260324_085008_735,Kruss,0,40X,478,725,YCT26,I-XII. TĂNG SẢN LÀNH TÍNH TUYẾN TIỀN LIỆT ( PROSTATIC HYPERPLASIA ),Slide3-4,False,
IMG_20260324_085009_070.tiff,IMG_20260324_085009_070,Kruss,0,40X,479,725,YCT26,I-XII. TĂNG SẢN LÀNH TÍNH TUYẾN TIỀN LIỆT ( PROSTATIC HYPERPLASIA ),Slide3-4,False,
IMG_20260324_085009_418.tiff,IMG_20260324_085009_418,Kruss,0,40X,480,725,YCT26,I-XII. TĂNG SẢN LÀNH TÍNH TUYẾN TIỀN LIỆT ( PROSTATIC HYPERPLASIA ),Slide3-4,False,
IMG_20260324_085057_757.tiff,IMG_20260324_085057_757,Kruss,0,40X,481,725,YCT26,I-XII. TĂNG SẢN LÀNH TÍNH TUYẾN TIỀN LIỆT ( PROSTATIC HYPERPLASIA ),Slide3-4,False,
IMG_20260324_085058_110.tiff,IMG_20260324_085058_110,Kruss,0,40X,482,725,YCT26,I-XII. TĂNG SẢN LÀNH TÍNH TUYẾN TIỀN LIỆT ( PROSTATIC HYPERPLASIA ),Slide3-4,False,
IMG_20260324_085058_453.tiff,IMG_20260324_085058_453,Kruss,0,40X,483,725,YCT26,I-XII. TĂNG SẢN LÀNH TÍNH TUYẾN TIỀN LIỆT ( PROSTATIC HYPERPLASIA ),Slide3-4,False,
IMG_20260324_085058_808.tiff,IMG_20260324_085058_808,Kruss,0,40X,484,725,YCT26,I-XII. TĂNG SẢN LÀNH TÍNH TUYẾN TIỀN LIỆT ( PROSTATIC HYPERPLASIA ),Slide3-4,False,
IMG_20260324_085209_160.tiff,IMG_20260324_085209_160,Kruss,0,40X,485,725,YCT26,I-XII. TĂNG SẢN LÀNH TÍNH TUYẾN TIỀN LIỆT ( PROSTATIC HYPERPLASIA ),Slide3-4,False,
IMG_20260324_085209_497.tiff,IMG_20260324_085209_497,Kruss,0,40X,486,725,YCT26,I-XII. TĂNG SẢN LÀNH TÍNH TUYẾN TIỀN LIỆT ( PROSTATIC HYPERPLASIA ),Slide3-4,False,
IMG_20260324_085210_166.tiff,IMG_20260324_085210_166,Kruss,0,40X,488,725,YCT26,I-XII. TĂNG SẢN LÀNH TÍNH TUYẾN TIỀN LIỆT ( PROSTATIC HYPERPLASIA ),Slide3-4,False,
IMG_20260324_085309_010.tiff,IMG_20260324_085309_010,Kruss,0,40X,489,725,YCT26,I-XII. TĂNG SẢN LÀNH TÍNH TUYẾN TIỀN LIỆT ( PROSTATIC HYPERPLASIA ),Slide3-4,False,
IMG_20260324_085309_355.tiff,IMG_20260324_085309_355,Kruss,0,40X,490,725,YCT26,I-XII. TĂNG SẢN LÀNH TÍNH TUYẾN TIỀN LIỆT ( PROSTATIC HYPERPLASIA ),Slide3-4,False,
IMG_20260324_085309_686.tiff,IMG_20260324_085309_686,Kruss,0,40X,491,725,YCT26,I-XII. TĂNG SẢN LÀNH TÍNH TUYẾN TIỀN LIỆT ( PROSTATIC HYPERPLASIA ),Slide3-4,False,
IMG_20260324_085424_076.tiff,IMG_20260324_085424_076,Kruss,0,40X,493,725,YCT26,I-XII. TĂNG SẢN LÀNH TÍNH TUYẾN TIỀN LIỆT ( PROSTATIC HYPERPLASIA ),Slide3-4,False,
IMG_20260324_085424_439.tiff,IMG_20260324_085424_439,Kruss,0,40X,494,725,YCT26,I-XII. TĂNG SẢN LÀNH TÍNH TUYẾN TIỀN LIỆT ( PROSTATIC HYPERPLASIA ),Slide3-4,False,
IMG_20260324_085424_765.tiff,IMG_20260324_085424_765,Kruss,0,40X,495,725,YCT26,I-XII. TĂNG SẢN LÀNH TÍNH TUYẾN TIỀN LIỆT ( PROSTATIC HYPERPLASIA ),Slide3-4,False,
IMG_20260324_085425_104.tiff,IMG_20260324_085425_104,Kruss,0,40X,496,725,YCT26,I-XII. TĂNG SẢN LÀNH TÍNH TUYẾN TIỀN LIỆT ( PROSTATIC HYPERPLASIA ),Slide3-4,False,
IMG_20260324_085441_563.tiff,IMG_20260324_085441_563,Kruss,0,40X,497,725,YCT26,I-XII. TĂNG SẢN LÀNH TÍNH TUYẾN TIỀN LIỆT ( PROSTATIC HYPERPLASIA ),Slide3-4,False,
IMG_20260324_085441_888.tiff,IMG_20260324_085441_888,Kruss,0,40X,498,725,YCT26,I-XII. TĂNG SẢN LÀNH TÍNH TUYẾN TIỀN LIỆT ( PROSTATIC HYPERPLASIA ),Slide3-4,False,
IMG_20260324_084258_106.tiff,IMG_20260324_084258_106,Kruss,0,4X,457,725,YCT26,I-XII. TĂNG SẢN LÀNH TÍNH TUYẾN TIỀN LIỆT ( PROSTATIC HYPERPLASIA ),Slide3-4,True,IMG_20260324_084258_106.tiff
IMG_20260324_084258_431.tiff,IMG_20260324_084258_431,Kruss,0,4X,458,725,YCT26,I-XII. TĂNG SẢN LÀNH TÍNH TUYẾN TIỀN LIỆT ( PROSTATIC HYPERPLASIA ),Slide3-4,True,IMG_20260324_084258_431.tiff
IMG_20260324_084258_768.tiff,IMG_20260324_084258_768,Kruss,0,4X,459,725,YCT26,I-XII. TĂNG SẢN LÀNH TÍNH TUYẾN TIỀN LIỆT ( PROSTATIC HYPERPLASIA ),Slide3-4,True,IMG_20260324_084258_768.tiff
IMG_20260324_084259_078.tiff,IMG_20260324_084259_078,Kruss,0,4X,460,725,YCT26,I-XII. TĂNG SẢN LÀNH TÍNH TUYẾN TIỀN LIỆT ( PROSTATIC HYPERPLASIA ),Slide3-4,True,IMG_20260324_084259_078.tiff
IMG_20260324_085814_000.tiff,IMG_20260324_085814_000,Kruss,0,10X,503,725,YCT26,I-XII. TĂNG SẢN LÀNH TÍNH TUYẾN TIỀN LIỆT ( PROSTATIC HYPERPLASIA ),Slide5-6,False,
IMG_20260324_085814_329.tiff,IMG_20260324_085814_329,Kruss,0,10X,504,725,YCT26,I-XII. TĂNG SẢN LÀNH TÍNH TUYẾN TIỀN LIỆT ( PROSTATIC HYPERPLASIA ),Slide5-6,False,
IMG_20260324_085814_642.tiff,IMG_20260324_085814_642,Kruss,0,10X,505,725,YCT26,I-XII. TĂNG SẢN LÀNH TÍNH TUYẾN TIỀN LIỆT ( PROSTATIC HYPERPLASIA ),Slide5-6,False,
IMG_20260324_085814_969.tiff,IMG_20260324_085814_969,Kruss,0,10X,506,725,YCT26,I-XII. TĂNG SẢN LÀNH TÍNH TUYẾN TIỀN LIỆT ( PROSTATIC HYPERPLASIA ),Slide5-6,False,
IMG_20260324_085900_986.tiff,IMG_20260324_085900_986,Kruss,0,10X,507,725,YCT26,I-XII. TĂNG SẢN LÀNH TÍNH TUYẾN TIỀN LIỆT ( PROSTATIC HYPERPLASIA ),Slide5-6,False,
IMG_20260324_085901_324.tiff,IMG_20260324_085901_324,Kruss,0,10X,508,725,YCT26,I-XII. TĂNG SẢN LÀNH TÍNH TUYẾN TIỀN LIỆT ( PROSTATIC HYPERPLASIA ),Slide5-6,False,
IMG_20260324_085901_652.tiff,IMG_20260324_085901_652,Kruss,0,10X,509,725,YCT26,I-XII. TĂNG SẢN LÀNH TÍNH TUYẾN TIỀN LIỆT ( PROSTATIC HYPERPLASIA ),Slide5-6,False,
IMG_20260324_085901_991.tiff,IMG_20260324_085901_991,Kruss,0,10X,510,725,YCT26,I-XII. TĂNG SẢN LÀNH TÍNH TUYẾN TIỀN LIỆT ( PROSTATIC HYPERPLASIA ),Slide5-6,False,
IMG_20260324_085936_915.tiff,IMG_20260324_085936_915,Kruss,0,10X,511,725,YCT26,I-XII. TĂNG SẢN LÀNH TÍNH TUYẾN TIỀN LIỆT ( PROSTATIC HYPERPLASIA ),Slide5-6,False,
IMG_20260324_085937_217.tiff,IMG_20260324_085937_217,Kruss,0,10X,512,725,YCT26,I-XII. TĂNG SẢN LÀNH TÍNH TUYẾN TIỀN LIỆT ( PROSTATIC HYPERPLASIA ),Slide5-6,False,
IMG_20260324_090310_780.tiff,IMG_20260324_090310_780,Kruss,0,40X,519,725,YCT26,I-XII. TĂNG SẢN LÀNH TÍNH TUYẾN TIỀN LIỆT ( PROSTATIC HYPERPLASIA ),Slide5-6,False,
IMG_20260324_090311_108.tiff,IMG_20260324_090311_108,Kruss,0,40X,520,725,YCT26,I-XII. TĂNG SẢN LÀNH TÍNH TUYẾN TIỀN LIỆT ( PROSTATIC HYPERPLASIA ),Slide5-6,False,
IMG_20260324_090311_445.tiff,IMG_20260324_090311_445,Kruss,0,40X,521,725,YCT26,I-XII. TĂNG SẢN LÀNH TÍNH TUYẾN TIỀN LIỆT ( PROSTATIC HYPERPLASIA ),Slide5-6,False,
IMG_20260324_090311_824.tiff,IMG_20260324_090311_824,Kruss,0,40X,522,725,YCT26,I-XII. TĂNG SẢN LÀNH TÍNH TUYẾN TIỀN LIỆT ( PROSTATIC HYPERPLASIA ),Slide5-6,False,
IMG_20260324_090354_250.tiff,IMG_20260324_090354_250,Kruss,0,40X,523,725,YCT26,I-XII. TĂNG SẢN LÀNH TÍNH TUYẾN TIỀN LIỆT ( PROSTATIC HYPERPLASIA ),Slide5-6,False,
IMG_20260324_090354_586.tiff,IMG_20260324_090354_586,Kruss,0,40X,524,725,YCT26,I-XII. TĂNG SẢN LÀNH TÍNH TUYẾN TIỀN LIỆT ( PROSTATIC HYPERPLASIA ),Slide5-6,False,
IMG_20260324_090354_942.tiff,IMG_20260324_090354_942,Kruss,0,40X,525,725,YCT26,I-XII. TĂNG SẢN LÀNH TÍNH TUYẾN TIỀN LIỆT ( PROSTATIC HYPERPLASIA ),Slide5-6,False,
IMG_20260324_090355_298.tiff,IMG_20260324_090355_298,Kruss,0,40X,526,725,YCT26,I-XII. TĂNG SẢN LÀNH TÍNH TUYẾN TIỀN LIỆT ( PROSTATIC HYPERPLASIA ),Slide5-6,False,
IMG_20260324_090434_043.tiff,IMG_20260324_090434_043,Kruss,0,40X,527,725,YCT26,I-XII. TĂNG SẢN LÀNH TÍNH TUYẾN TIỀN LIỆT ( PROSTATIC HYPERPLASIA ),Slide5-6,False,
IMG_20260324_090434_385.tiff,IMG_20260324_090434_385,Kruss,0,40X,528,725,YCT26,I-XII. TĂNG SẢN LÀNH TÍNH TUYẾN TIỀN LIỆT ( PROSTATIC HYPERPLASIA ),Slide5-6,False,
IMG_20260324_090434_707.tiff,IMG_20260324_090434_707,Kruss,0,40X,529,725,YCT26,I-XII. TĂNG SẢN LÀNH TÍNH TUYẾN TIỀN LIỆT ( PROSTATIC HYPERPLASIA ),Slide5-6,False,
IMG_20260324_090435_056.tiff,IMG_20260324_090435_056,Kruss,0,40X,530,725,YCT26,I-XII. TĂNG SẢN LÀNH TÍNH TUYẾN TIỀN LIỆT ( PROSTATIC HYPERPLASIA ),Slide5-6,False,
IMG_20260324_090528_529.tiff,IMG_20260324_090528_529,Kruss,0,40X,531,725,YCT26,I-XII. TĂNG SẢN LÀNH TÍNH TUYẾN TIỀN LIỆT ( PROSTATIC HYPERPLASIA ),Slide5-6,False,
IMG_20260324_090528_903.tiff,IMG_20260324_090528_903,Kruss,0,40X,532,725,YCT26,I-XII. TĂNG SẢN LÀNH TÍNH TUYẾN TIỀN LIỆT ( PROSTATIC HYPERPLASIA ),Slide5-6,False,
IMG_20260324_090529_248.tiff,IMG_20260324_090529_248,Kruss,0,40X,533,725,YCT26,I-XII. TĂNG SẢN LÀNH TÍNH TUYẾN TIỀN LIỆT ( PROSTATIC HYPERPLASIA ),Slide5-6,False,
IMG_20260324_090529_596.tiff,IMG_20260324_090529_596,Kruss,0,40X,534,725,YCT26,I-XII. TĂNG SẢN LÀNH TÍNH TUYẾN TIỀN LIỆT ( PROSTATIC HYPERPLASIA ),Slide5-6,False,
IMG_20260324_090604_920.tiff,IMG_20260324_090604_920,Kruss,0,40X,535,725,YCT26,I-XII. TĂNG SẢN LÀNH TÍNH TUYẾN TIỀN LIỆT ( PROSTATIC HYPERPLASIA ),Slide5-6,False,
IMG_20260324_090605_302.tiff,IMG_20260324_090605_302,Kruss,0,40X,536,725,YCT26,I-XII. TĂNG SẢN LÀNH TÍNH TUYẾN TIỀN LIỆT ( PROSTATIC HYPERPLASIA ),Slide5-6,False,
IMG_20260324_090605_642.tiff,IMG_20260324_090605_642,Kruss,0,40X,537,725,YCT26,I-XII. TĂNG SẢN LÀNH TÍNH TUYẾN TIỀN LIỆT ( PROSTATIC HYPERPLASIA ),Slide5-6,False,
IMG_20260324_090605_995.tiff,IMG_20260324_090605_995,Kruss,0,40X,538,725,YCT26,I-XII. TĂNG SẢN LÀNH TÍNH TUYẾN TIỀN LIỆT ( PROSTATIC HYPERPLASIA ),Slide5-6,False,
IMG_20260324_090647_795.tiff,IMG_20260324_090647_795,Kruss,0,40X,539,725,YCT26,I-XII. TĂNG SẢN LÀNH TÍNH TUYẾN TIỀN LIỆT ( PROSTATIC HYPERPLASIA ),Slide5-6,False,
IMG_20260324_090752_023.tiff,IMG_20260324_090752_023,Kruss,0,40X,543,725,YCT26,I-XII. TĂNG SẢN LÀNH TÍNH TUYẾN TIỀN LIỆT ( PROSTATIC HYPERPLASIA ),Slide5-6,False,
IMG_20260324_090752_373.tiff,IMG_20260324_090752_373,Kruss,0,40X,544,725,YCT26,I-XII. TĂNG SẢN LÀNH TÍNH TUYẾN TIỀN LIỆT ( PROSTATIC HYPERPLASIA ),Slide5-6,False,
IMG_20260324_090752_730.tiff,IMG_20260324_090752_730,Kruss,0,40X,545,725,YCT26,I-XII. TĂNG SẢN LÀNH TÍNH TUYẾN TIỀN LIỆT ( PROSTATIC HYPERPLASIA ),Slide5-6,False,
IMG_20260324_090753_086.tiff,IMG_20260324_090753_086,Kruss,0,40X,546,725,YCT26,I-XII. TĂNG SẢN LÀNH TÍNH TUYẾN TIỀN LIỆT ( PROSTATIC HYPERPLASIA ),Slide5-6,False,
IMG_20260324_090853_096.tiff,IMG_20260324_090853_096,Kruss,0,40X,547,725,YCT26,I-XII. TĂNG SẢN LÀNH TÍNH TUYẾN TIỀN LIỆT ( PROSTATIC HYPERPLASIA ),Slide5-6,False,
IMG_20260324_090853_399.tiff,IMG_20260324_090853_399,Kruss,0,40X,548,725,YCT26,I-XII. TĂNG SẢN LÀNH TÍNH TUYẾN TIỀN LIỆT ( PROSTATIC HYPERPLASIA ),Slide5-6,False,
IMG_20260324_090853_749.tiff,IMG_20260324_090853_749,Kruss,0,40X,549,725,YCT26,I-XII. TĂNG SẢN LÀNH TÍNH TUYẾN TIỀN LIỆT ( PROSTATIC HYPERPLASIA ),Slide5-6,False,
IMG_20260324_090854_074.tiff,IMG_20260324_090854_074,Kruss,0,40X,550,725,YCT26,I-XII. TĂNG SẢN LÀNH TÍNH TUYẾN TIỀN LIỆT ( PROSTATIC HYPERPLASIA ),Slide5-6,False,
IMG_20260324_090937_929.tiff,IMG_20260324_090937_929,Kruss,0,40X,551,725,YCT26,I-XII. TĂNG SẢN LÀNH TÍNH TUYẾN TIỀN LIỆT ( PROSTATIC HYPERPLASIA ),Slide5-6,False,
IMG_20260324_090938_307.tiff,IMG_20260324_090938_307,Kruss,0,40X,552,725,YCT26,I-XII. TĂNG SẢN LÀNH TÍNH TUYẾN TIỀN LIỆT ( PROSTATIC HYPERPLASIA ),Slide5-6,False,
IMG_20260324_090938_666.tiff,IMG_20260324_090938_666,Kruss,0,40X,553,725,YCT26,I-XII. TĂNG SẢN LÀNH TÍNH TUYẾN TIỀN LIỆT ( PROSTATIC HYPERPLASIA ),Slide5-6,False,
IMG_20260324_090939_023.tiff,IMG_20260324_090939_023,Kruss,0,40X,554,725,YCT26,I-XII. TĂNG SẢN LÀNH TÍNH TUYẾN TIỀN LIỆT ( PROSTATIC HYPERPLASIA ),Slide5-6,False,
IMG_20260324_091021_861.tiff,IMG_20260324_091021_861,Kruss,0,40X,555,725,YCT26,I-XII. TĂNG SẢN LÀNH TÍNH TUYẾN TIỀN LIỆT ( PROSTATIC HYPERPLASIA ),Slide5-6,False,
IMG_20260324_091022_223.tiff,IMG_20260324_091022_223,Kruss,0,40X,556,725,YCT26,I-XII. TĂNG SẢN LÀNH TÍNH TUYẾN TIỀN LIỆT ( PROSTATIC HYPERPLASIA ),Slide5-6,False,
IMG_20260324_091022_555.tiff,IMG_20260324_091022_555,Kruss,0,40X,557,725,YCT26,I-XII. TĂNG SẢN LÀNH TÍNH TUYẾN TIỀN LIỆT ( PROSTATIC HYPERPLASIA ),Slide5-6,False,
IMG_20260324_091022_897.tiff,IMG_20260324_091022_897,Kruss,0,40X,558,725,YCT26,I-XII. TĂNG SẢN LÀNH TÍNH TUYẾN TIỀN LIỆT ( PROSTATIC HYPERPLASIA ),Slide5-6,False,
IMG_20260324_091101_004.tiff,IMG_20260324_091101_004,Kruss,0,40X,559,725,YCT26,I-XII. TĂNG SẢN LÀNH TÍNH TUYẾN TIỀN LIỆT ( PROSTATIC HYPERPLASIA ),Slide5-6,False,
IMG_20260324_091101_362.tiff,IMG_20260324_091101_362,Kruss,0,40X,560,725,YCT26,I-XII. TĂNG SẢN LÀNH TÍNH TUYẾN TIỀN LIỆT ( PROSTATIC HYPERPLASIA ),Slide5-6,False,
IMG_20260324_091101_720.tiff,IMG_20260324_091101_720,Kruss,0,40X,561,725,YCT26,I-XII. TĂNG SẢN LÀNH TÍNH TUYẾN TIỀN LIỆT ( PROSTATIC HYPERPLASIA ),Slide5-6,False,
IMG_20260324_091102_208.tiff,IMG_20260324_091102_208,Kruss,0,40X,562,725,YCT26,I-XII. TĂNG SẢN LÀNH TÍNH TUYẾN TIỀN LIỆT ( PROSTATIC HYPERPLASIA ),Slide5-6,False,
IMG_20260324_091143_406.tiff,IMG_20260324_091143_406,Kruss,0,40X,563,725,YCT26,I-XII. TĂNG SẢN LÀNH TÍNH TUYẾN TIỀN LIỆT ( PROSTATIC HYPERPLASIA ),Slide5-6,False,
IMG_20260324_091143_741.tiff,IMG_20260324_091143_741,Kruss,0,40X,564,725,YCT26,I-XII. TĂNG SẢN LÀNH TÍNH TUYẾN TIỀN LIỆT ( PROSTATIC HYPERPLASIA ),Slide5-6,False,
IMG_20260324_091144_088.tiff,IMG_20260324_091144_088,Kruss,0,40X,565,725,YCT26,I-XII. TĂNG SẢN LÀNH TÍNH TUYẾN TIỀN LIỆT ( PROSTATIC HYPERPLASIA ),Slide5-6,False,
IMG_20260324_091144_431.tiff,IMG_20260324_091144_431,Kruss,0,40X,566,725,YCT26,I-XII. TĂNG SẢN LÀNH TÍNH TUYẾN TIỀN LIỆT ( PROSTATIC HYPERPLASIA ),Slide5-6,False,
IMG_20260324_085702_928.tiff,IMG_20260324_085702_928,Kruss,0,4X,500,725,YCT26,I-XII. TĂNG SẢN LÀNH TÍNH TUYẾN TIỀN LIỆT ( PROSTATIC HYPERPLASIA ),Slide5-6,True,IMG_20260324_085702_928.tiff
IMG_20260324_085703_247.tiff,IMG_20260324_085703_247,Kruss,0,4X,501,725,YCT26,I-XII. TĂNG SẢN LÀNH TÍNH TUYẾN TIỀN LIỆT ( PROSTATIC HYPERPLASIA ),Slide5-6,True,IMG_20260324_085703_247.tiff
IMG_20260324_085703_555.tiff,IMG_20260324_085703_555,Kruss,0,4X,502,725,YCT26,I-XII. TĂNG SẢN LÀNH TÍNH TUYẾN TIỀN LIỆT ( PROSTATIC HYPERPLASIA ),Slide5-6,True,IMG_20260324_085703_555.tiff
IMG_20260324_091956_767.tiff,IMG_20260324_091956_767,Kruss,0,10X,575,725,YCT26,I-XII. TĂNG SẢN LÀNH TÍNH TUYẾN TIỀN LIỆT ( PROSTATIC HYPERPLASIA ),Slide7-8,False,
IMG_20260324_092030_657.tiff,IMG_20260324_092030_657,Kruss,0,10X,576,725,YCT26,I-XII. TĂNG SẢN LÀNH TÍNH TUYẾN TIỀN LIỆT ( PROSTATIC HYPERPLASIA ),Slide7-8,False,
IMG_20260324_092030_972.tiff,IMG_20260324_092030_972,Kruss,0,10X,577,725,YCT26,I-XII. TĂNG SẢN LÀNH TÍNH TUYẾN TIỀN LIỆT ( PROSTATIC HYPERPLASIA ),Slide7-8,False,
IMG_20260324_092031_330.tiff,IMG_20260324_092031_330,Kruss,0,10X,578,725,YCT26,I-XII. TĂNG SẢN LÀNH TÍNH TUYẾN TIỀN LIỆT ( PROSTATIC HYPERPLASIA ),Slide7-8,False,
IMG_20260324_092159_459.tiff,IMG_20260324_092159_459,Kruss,0,40X,580,725,YCT26,I-XII. TĂNG SẢN LÀNH TÍNH TUYẾN TIỀN LIỆT ( PROSTATIC HYPERPLASIA ),Slide7-8,False,
IMG_20260324_092317_403.tiff,IMG_20260324_092317_403,Kruss,0,40X,583,725,YCT26,I-XII. TĂNG SẢN LÀNH TÍNH TUYẾN TIỀN LIỆT ( PROSTATIC HYPERPLASIA ),Slide7-8,False,
IMG_20260324_092317_725.tiff,IMG_20260324_092317_725,Kruss,0,40X,584,725,YCT26,I-XII. TĂNG SẢN LÀNH TÍNH TUYẾN TIỀN LIỆT ( PROSTATIC HYPERPLASIA ),Slide7-8,False,
IMG_20260324_092318_038.tiff,IMG_20260324_092318_038,Kruss,0,40X,585,725,YCT26,I-XII. TĂNG SẢN LÀNH TÍNH TUYẾN TIỀN LIỆT ( PROSTATIC HYPERPLASIA ),Slide7-8,False,
IMG_20260324_092318_355.tiff,IMG_20260324_092318_355,Kruss,0,40X,586,725,YCT26,I-XII. TĂNG SẢN LÀNH TÍNH TUYẾN TIỀN LIỆT ( PROSTATIC HYPERPLASIA ),Slide7-8,False,
IMG_20260324_092407_950.tiff,IMG_20260324_092407_950,Kruss,0,40X,587,725,YCT26,I-XII. TĂNG SẢN LÀNH TÍNH TUYẾN TIỀN LIỆT ( PROSTATIC HYPERPLASIA ),Slide7-8,False,
IMG_20260324_092408_280.tiff,IMG_20260324_092408_280,Kruss,0,40X,588,725,YCT26,I-XII. TĂNG SẢN LÀNH TÍNH TUYẾN TIỀN LIỆT ( PROSTATIC HYPERPLASIA ),Slide7-8,False,
IMG_20260324_092408_585.tiff,IMG_20260324_092408_585,Kruss,0,40X,589,725,YCT26,I-XII. TĂNG SẢN LÀNH TÍNH TUYẾN TIỀN LIỆT ( PROSTATIC HYPERPLASIA ),Slide7-8,False,
IMG_20260324_092408_895.tiff,IMG_20260324_092408_895,Kruss,0,40X,590,725,YCT26,I-XII. TĂNG SẢN LÀNH TÍNH TUYẾN TIỀN LIỆT ( PROSTATIC HYPERPLASIA ),Slide7-8,False,
IMG_20260324_092512_548.tiff,IMG_20260324_092512_548,Kruss,0,40X,591,725,YCT26,I-XII. TĂNG SẢN LÀNH TÍNH TUYẾN TIỀN LIỆT ( PROSTATIC HYPERPLASIA ),Slide7-8,False,
IMG_20260324_092512_871.tiff,IMG_20260324_092512_871,Kruss,0,40X,592,725,YCT26,I-XII. TĂNG SẢN LÀNH TÍNH TUYẾN TIỀN LIỆT ( PROSTATIC HYPERPLASIA ),Slide7-8,False,
IMG_20260324_091357_162.tiff,IMG_20260324_091357_162,Kruss,0,4X,570,725,YCT26,I-XII. TĂNG SẢN LÀNH TÍNH TUYẾN TIỀN LIỆT ( PROSTATIC HYPERPLASIA ),Slide7-8,True,IMG_20260324_091357_162.tiff
IMG_20260324_091357_475.tiff,IMG_20260324_091357_475,Kruss,0,4X,571,725,YCT26,I-XII. TĂNG SẢN LÀNH TÍNH TUYẾN TIỀN LIỆT ( PROSTATIC HYPERPLASIA ),Slide7-8,True,IMG_20260324_091357_475.tiff
IMG_20260324_092933_081.tiff,IMG_20260324_092933_081,Kruss,0,10X,596,725,YCT26,I-XII. TĂNG SẢN LÀNH TÍNH TUYẾN TIỀN LIỆT ( PROSTATIC HYPERPLASIA ),Slide9-10,False,
IMG_20260324_092933_407.tiff,IMG_20260324_092933_407,Kruss,0,10X,597,725,YCT26,I-XII. TĂNG SẢN LÀNH TÍNH TUYẾN TIỀN LIỆT ( PROSTATIC HYPERPLASIA ),Slide9-10,False,
IMG_20260324_092933_758.tiff,IMG_20260324_092933_758,Kruss,0,10X,598,725,YCT26,I-XII. TĂNG SẢN LÀNH TÍNH TUYẾN TIỀN LIỆT ( PROSTATIC HYPERPLASIA ),Slide9-10,False,
IMG_20260324_093135_046.tiff,IMG_20260324_093135_046,Kruss,0,40X,601,725,YCT26,I-XII. TĂNG SẢN LÀNH TÍNH TUYẾN TIỀN LIỆT ( PROSTATIC HYPERPLASIA ),Slide9-10,False,
IMG_20260324_093135_363.tiff,IMG_20260324_093135_363,Kruss,0,40X,602,725,YCT26,I-XII. TĂNG SẢN LÀNH TÍNH TUYẾN TIỀN LIỆT ( PROSTATIC HYPERPLASIA ),Slide9-10,False,
IMG_20260324_093135_691.tiff,IMG_20260324_093135_691,Kruss,0,40X,603,725,YCT26,I-XII. TĂNG SẢN LÀNH TÍNH TUYẾN TIỀN LIỆT ( PROSTATIC HYPERPLASIA ),Slide9-10,False,
IMG_20260324_093136_019.tiff,IMG_20260324_093136_019,Kruss,0,40X,604,725,YCT26,I-XII. TĂNG SẢN LÀNH TÍNH TUYẾN TIỀN LIỆT ( PROSTATIC HYPERPLASIA ),Slide9-10,False,
IMG_20260324_093228_158.tiff,IMG_20260324_093228_158,Kruss,0,40X,605,725,YCT26,I-XII. TĂNG SẢN LÀNH TÍNH TUYẾN TIỀN LIỆT ( PROSTATIC HYPERPLASIA ),Slide9-10,False,
IMG_20260324_093228_471.tiff,IMG_20260324_093228_471,Kruss,0,40X,606,725,YCT26,I-XII. TĂNG SẢN LÀNH TÍNH TUYẾN TIỀN LIỆT ( PROSTATIC HYPERPLASIA ),Slide9-10,False,
IMG_20260324_093228_831.tiff,IMG_20260324_093228_831,Kruss,0,40X,607,725,YCT26,I-XII. TĂNG SẢN LÀNH TÍNH TUYẾN TIỀN LIỆT ( PROSTATIC HYPERPLASIA ),Slide9-10,False,
IMG_20260324_093229_173.tiff,IMG_20260324_093229_173,Kruss,0,40X,608,725,YCT26,I-XII. TĂNG SẢN LÀNH TÍNH TUYẾN TIỀN LIỆT ( PROSTATIC HYPERPLASIA ),Slide9-10,False,
IMG_20260324_093316_377.tiff,IMG_20260324_093316_377,Kruss,0,40X,609,725,YCT26,I-XII. TĂNG SẢN LÀNH TÍNH TUYẾN TIỀN LIỆT ( PROSTATIC HYPERPLASIA ),Slide9-10,False,
IMG_20260324_093316_709.tiff,IMG_20260324_093316_709,Kruss,0,40X,610,725,YCT26,I-XII. TĂNG SẢN LÀNH TÍNH TUYẾN TIỀN LIỆT ( PROSTATIC HYPERPLASIA ),Slide9-10,False,
IMG_20260324_093317_068.tiff,IMG_20260324_093317_068,Kruss,0,40X,611,725,YCT26,I-XII. TĂNG SẢN LÀNH TÍNH TUYẾN TIỀN LIỆT ( PROSTATIC HYPERPLASIA ),Slide9-10,False,
IMG_20260324_093317_402.tiff,IMG_20260324_093317_402,Kruss,0,40X,612,725,YCT26,I-XII. TĂNG SẢN LÀNH TÍNH TUYẾN TIỀN LIỆT ( PROSTATIC HYPERPLASIA ),Slide9-10,False,
IMG_20260324_093400_751.tiff,IMG_20260324_093400_751,Kruss,0,40X,613,725,YCT26,I-XII. TĂNG SẢN LÀNH TÍNH TUYẾN TIỀN LIỆT ( PROSTATIC HYPERPLASIA ),Slide9-10,False,
IMG_20260324_093401_138.tiff,IMG_20260324_093401_138,Kruss,0,40X,614,725,YCT26,I-XII. TĂNG SẢN LÀNH TÍNH TUYẾN TIỀN LIỆT ( PROSTATIC HYPERPLASIA ),Slide9-10,False,
IMG_20260324_093401_483.tiff,IMG_20260324_093401_483,Kruss,0,40X,615,725,YCT26,I-XII. TĂNG SẢN LÀNH TÍNH TUYẾN TIỀN LIỆT ( PROSTATIC HYPERPLASIA ),Slide9-10,False,
IMG_20260324_093401_827.tiff,IMG_20260324_093401_827,Kruss,0,40X,616,725,YCT26,I-XII. TĂNG SẢN LÀNH TÍNH TUYẾN TIỀN LIỆT ( PROSTATIC HYPERPLASIA ),Slide9-10,False,
IMG_20260324_093448_604.tiff,IMG_20260324_093448_604,Kruss,0,40X,617,725,YCT26,I-XII. TĂNG SẢN LÀNH TÍNH TUYẾN TIỀN LIỆT ( PROSTATIC HYPERPLASIA ),Slide9-10,False,
IMG_20260324_093448_951.tiff,IMG_20260324_093448_951,Kruss,0,40X,618,725,YCT26,I-XII. TĂNG SẢN LÀNH TÍNH TUYẾN TIỀN LIỆT ( PROSTATIC HYPERPLASIA ),Slide9-10,False,
IMG_20260324_093449_296.tiff,IMG_20260324_093449_296,Kruss,0,40X,619,725,YCT26,I-XII. TĂNG SẢN LÀNH TÍNH TUYẾN TIỀN LIỆT ( PROSTATIC HYPERPLASIA ),Slide9-10,False,
IMG_20260324_093449_639.tiff,IMG_20260324_093449_639,Kruss,0,40X,620,725,YCT26,I-XII. TĂNG SẢN LÀNH TÍNH TUYẾN TIỀN LIỆT ( PROSTATIC HYPERPLASIA ),Slide9-10,False,
IMG_20260324_093531_504.tiff,IMG_20260324_093531_504,Kruss,0,40X,621,725,YCT26,I-XII. TĂNG SẢN LÀNH TÍNH TUYẾN TIỀN LIỆT ( PROSTATIC HYPERPLASIA ),Slide9-10,False,
IMG_20260324_093531_859.tiff,IMG_20260324_093531_859,Kruss,0,40X,622,725,YCT26,I-XII. TĂNG SẢN LÀNH TÍNH TUYẾN TIỀN LIỆT ( PROSTATIC HYPERPLASIA ),Slide9-10,False,
IMG_20260324_093532_199.tiff,IMG_20260324_093532_199,Kruss,0,40X,623,725,YCT26,I-XII. TĂNG SẢN LÀNH TÍNH TUYẾN TIỀN LIỆT ( PROSTATIC HYPERPLASIA ),Slide9-10,False,
IMG_20260324_093532_529.tiff,IMG_20260324_093532_529,Kruss,0,40X,624,725,YCT26,I-XII. TĂNG SẢN LÀNH TÍNH TUYẾN TIỀN LIỆT ( PROSTATIC HYPERPLASIA ),Slide9-10,False,
IMG_20260324_092734_707.tiff,IMG_20260324_092734_707,Kruss,0,4X,594,725,YCT26,I-XII. TĂNG SẢN LÀNH TÍNH TUYẾN TIỀN LIỆT ( PROSTATIC HYPERPLASIA ),Slide9-10,True,IMG_20260324_092734_707.tiff
IMG_20260324_092735_016.tiff,IMG_20260324_092735_016,Kruss,0,4X,595,725,YCT26,I-XII. TĂNG SẢN LÀNH TÍNH TUYẾN TIỀN LIỆT ( PROSTATIC HYPERPLASIA ),Slide9-10,True,IMG_20260324_092735_016.tiff
IMG_20260323_154234_915.tiff,IMG_20260323_154234_915,Kruss,4,10X,166,811,YCT26,"I-XII. CARCINÔM TUYẾN TIỀN LIỆT , GLEASON 4+5",Slide1-2,False,
IMG_20260323_154235_276.tiff,IMG_20260323_154235_276,Kruss,4,10X,167,811,YCT26,"I-XII. CARCINÔM TUYẾN TIỀN LIỆT , GLEASON 4+5",Slide1-2,False,
IMG_20260323_154235_670.tiff,IMG_20260323_154235_670,Kruss,4,10X,168,811,YCT26,"I-XII. CARCINÔM TUYẾN TIỀN LIỆT , GLEASON 4+5",Slide1-2,False,
IMG_20260323_154236_023.tiff,IMG_20260323_154236_023,Kruss,4,10X,169,811,YCT26,"I-XII. CARCINÔM TUYẾN TIỀN LIỆT , GLEASON 4+5",Slide1-2,False,
IMG_20260323_154308_150.tiff,IMG_20260323_154308_150,Kruss,4,10X,170,811,YCT26,"I-XII. CARCINÔM TUYẾN TIỀN LIỆT , GLEASON 4+5",Slide1-2,False,
IMG_20260323_154308_516.tiff,IMG_20260323_154308_516,Kruss,4,10X,171,811,YCT26,"I-XII. CARCINÔM TUYẾN TIỀN LIỆT , GLEASON 4+5",Slide1-2,False,
IMG_20260323_154308_861.tiff,IMG_20260323_154308_861,Kruss,4,10X,172,811,YCT26,"I-XII. CARCINÔM TUYẾN TIỀN LIỆT , GLEASON 4+5",Slide1-2,False,
IMG_20260323_154309_212.tiff,IMG_20260323_154309_212,Kruss,4,10X,173,811,YCT26,"I-XII. CARCINÔM TUYẾN TIỀN LIỆT , GLEASON 4+5",Slide1-2,False,
IMG_20260323_154427_778.tiff,IMG_20260323_154427_778,Kruss,4,40X,174,811,YCT26,"I-XII. CARCINÔM TUYẾN TIỀN LIỆT , GLEASON 4+5",Slide1-2,False,
IMG_20260323_154428_227.tiff,IMG_20260323_154428_227,Kruss,4,40X,175,811,YCT26,"I-XII. CARCINÔM TUYẾN TIỀN LIỆT , GLEASON 4+5",Slide1-2,False,
IMG_20260323_154428_577.tiff,IMG_20260323_154428_577,Kruss,4,40X,176,811,YCT26,"I-XII. CARCINÔM TUYẾN TIỀN LIỆT , GLEASON 4+5",Slide1-2,False,
IMG_20260323_154428_941.tiff,IMG_20260323_154428_941,Kruss,4,40X,177,811,YCT26,"I-XII. CARCINÔM TUYẾN TIỀN LIỆT , GLEASON 4+5",Slide1-2,False,
IMG_20260323_154523_539.tiff,IMG_20260323_154523_539,Kruss,4,40X,178,811,YCT26,"I-XII. CARCINÔM TUYẾN TIỀN LIỆT , GLEASON 4+5",Slide1-2,False,
IMG_20260323_154524_001.tiff,IMG_20260323_154524_001,Kruss,4,40X,179,811,YCT26,"I-XII. CARCINÔM TUYẾN TIỀN LIỆT , GLEASON 4+5",Slide1-2,False,
IMG_20260323_154524_401.tiff,IMG_20260323_154524_401,Kruss,4,40X,180,811,YCT26,"I-XII. CARCINÔM TUYẾN TIỀN LIỆT , GLEASON 4+5",Slide1-2,False,
IMG_20260323_154524_831.tiff,IMG_20260323_154524_831,Kruss,4,40X,181,811,YCT26,"I-XII. CARCINÔM TUYẾN TIỀN LIỆT , GLEASON 4+5",Slide1-2,False,
IMG_20260323_154553_598.tiff,IMG_20260323_154553_598,Kruss,4,40X,182,811,YCT26,"I-XII. CARCINÔM TUYẾN TIỀN LIỆT , GLEASON 4+5",Slide1-2,False,
IMG_20260323_154553_953.tiff,IMG_20260323_154553_953,Kruss,4,40X,183,811,YCT26,"I-XII. CARCINÔM TUYẾN TIỀN LIỆT , GLEASON 4+5",Slide1-2,False,
IMG_20260323_154554_326.tiff,IMG_20260323_154554_326,Kruss,4,40X,184,811,YCT26,"I-XII. CARCINÔM TUYẾN TIỀN LIỆT , GLEASON 4+5",Slide1-2,False,
IMG_20260323_154554_720.tiff,IMG_20260323_154554_720,Kruss,4,40X,185,811,YCT26,"I-XII. CARCINÔM TUYẾN TIỀN LIỆT , GLEASON 4+5",Slide1-2,False,
IMG_20260323_154628_196.tiff,IMG_20260323_154628_196,Kruss,4,40X,186,811,YCT26,"I-XII. CARCINÔM TUYẾN TIỀN LIỆT , GLEASON 4+5",Slide1-2,False,
IMG_20260323_154628_563.tiff,IMG_20260323_154628_563,Kruss,4,40X,187,811,YCT26,"I-XII. CARCINÔM TUYẾN TIỀN LIỆT , GLEASON 4+5",Slide1-2,False,
IMG_20260323_154628_952.tiff,IMG_20260323_154628_952,Kruss,4,40X,188,811,YCT26,"I-XII. CARCINÔM TUYẾN TIỀN LIỆT , GLEASON 4+5",Slide1-2,False,
IMG_20260323_154629_341.tiff,IMG_20260323_154629_341,Kruss,4,40X,189,811,YCT26,"I-XII. CARCINÔM TUYẾN TIỀN LIỆT , GLEASON 4+5",Slide1-2,False,
IMG_20260323_164703_684.tiff,IMG_20260323_164703_684,Kruss,4,10X,341,811,YCT26,"I-XII. CARCINÔM TUYẾN TIỀN LIỆT , GLEASON 4+5",Slide11-12,False,
IMG_20260323_164704_002.tiff,IMG_20260323_164704_002,Kruss,4,10X,342,811,YCT26,"I-XII. CARCINÔM TUYẾN TIỀN LIỆT , GLEASON 4+5",Slide11-12,False,
IMG_20260323_164837_485.tiff,IMG_20260323_164837_485,Kruss,4,10X,353,811,YCT26,"I-XII. CARCINÔM TUYẾN TIỀN LIỆT , GLEASON 4+5",Slide11-12,False,
IMG_20260323_164854_896.tiff,IMG_20260323_164854_896,Kruss,4,10X,355,811,YCT26,"I-XII. CARCINÔM TUYẾN TIỀN LIỆT , GLEASON 4+5",Slide11-12,False,
IMG_20260323_164855_245.tiff,IMG_20260323_164855_245,Kruss,4,10X,356,811,YCT26,"I-XII. CARCINÔM TUYẾN TIỀN LIỆT , GLEASON 4+5",Slide11-12,False,
IMG_20260323_164855_583.tiff,IMG_20260323_164855_583,Kruss,4,10X,357,811,YCT26,"I-XII. CARCINÔM TUYẾN TIỀN LIỆT , GLEASON 4+5",Slide11-12,False,
IMG_20260323_165014_262.tiff,IMG_20260323_165014_262,Kruss,4,40X,358,811,YCT26,"I-XII. CARCINÔM TUYẾN TIỀN LIỆT , GLEASON 4+5",Slide11-12,False,
IMG_20260323_165014_632.tiff,IMG_20260323_165014_632,Kruss,4,40X,359,811,YCT26,"I-XII. CARCINÔM TUYẾN TIỀN LIỆT , GLEASON 4+5",Slide11-12,False,
IMG_20260323_165015_005.tiff,IMG_20260323_165015_005,Kruss,4,40X,360,811,YCT26,"I-XII. CARCINÔM TUYẾN TIỀN LIỆT , GLEASON 4+5",Slide11-12,False,
IMG_20260323_165015_363.tiff,IMG_20260323_165015_363,Kruss,4,40X,361,811,YCT26,"I-XII. CARCINÔM TUYẾN TIỀN LIỆT , GLEASON 4+5",Slide11-12,False,
IMG_20260323_165042_143.tiff,IMG_20260323_165042_143,Kruss,4,40X,362,811,YCT26,"I-XII. CARCINÔM TUYẾN TIỀN LIỆT , GLEASON 4+5",Slide11-12,False,
IMG_20260323_165042_488.tiff,IMG_20260323_165042_488,Kruss,4,40X,363,811,YCT26,"I-XII. CARCINÔM TUYẾN TIỀN LIỆT , GLEASON 4+5",Slide11-12,False,
IMG_20260323_165042_855.tiff,IMG_20260323_165042_855,Kruss,4,40X,364,811,YCT26,"I-XII. CARCINÔM TUYẾN TIỀN LIỆT , GLEASON 4+5",Slide11-12,False,
IMG_20260323_165043_204.tiff,IMG_20260323_165043_204,Kruss,4,40X,365,811,YCT26,"I-XII. CARCINÔM TUYẾN TIỀN LIỆT , GLEASON 4+5",Slide11-12,False,
IMG_20260323_165109_728.tiff,IMG_20260323_165109_728,Kruss,4,40X,366,811,YCT26,"I-XII. CARCINÔM TUYẾN TIỀN LIỆT , GLEASON 4+5",Slide11-12,False,
IMG_20260323_165110_080.tiff,IMG_20260323_165110_080,Kruss,4,40X,367,811,YCT26,"I-XII. CARCINÔM TUYẾN TIỀN LIỆT , GLEASON 4+5",Slide11-12,False,
IMG_20260323_165110_414.tiff,IMG_20260323_165110_414,Kruss,4,40X,368,811,YCT26,"I-XII. CARCINÔM TUYẾN TIỀN LIỆT , GLEASON 4+5",Slide11-12,False,
IMG_20260323_165110_759.tiff,IMG_20260323_165110_759,Kruss,4,40X,369,811,YCT26,"I-XII. CARCINÔM TUYẾN TIỀN LIỆT , GLEASON 4+5",Slide11-12,False,
IMG_20260323_164501_420.tiff,IMG_20260323_164501_420,Kruss,4,4X,332,811,YCT26,"I-XII. CARCINÔM TUYẾN TIỀN LIỆT , GLEASON 4+5",Slide11-12,True,IMG_20260323_164501_420.tiff
IMG_20260323_164501_754.tiff,IMG_20260323_164501_754,Kruss,4,4X,333,811,YCT26,"I-XII. CARCINÔM TUYẾN TIỀN LIỆT , GLEASON 4+5",Slide11-12,True,IMG_20260323_164501_754.tiff
IMG_20260323_164502_071.tiff,IMG_20260323_164502_071,Kruss,4,4X,334,811,YCT26,"I-XII. CARCINÔM TUYẾN TIỀN LIỆT , GLEASON 4+5",Slide11-12,True,IMG_20260323_164502_071.tiff
IMG_20260323_164537_612.tiff,IMG_20260323_164537_612,Kruss,4,4X,337,811,YCT26,"I-XII. CARCINÔM TUYẾN TIỀN LIỆT , GLEASON 4+5",Slide11-12,True,IMG_20260323_164537_612.tiff
IMG_20260323_164538_286.tiff,IMG_20260323_164538_286,Kruss,4,4X,339,811,YCT26,"I-XII. CARCINÔM TUYẾN TIỀN LIỆT , GLEASON 4+5",Slide11-12,True,IMG_20260323_164538_286.tiff
IMG_20260323_164538_598.tiff,IMG_20260323_164538_598,Kruss,4,4X,340,811,YCT26,"I-XII. CARCINÔM TUYẾN TIỀN LIỆT , GLEASON 4+5",Slide11-12,True,IMG_20260323_164538_598.tiff
IMG_20260323_155134_381.tiff,IMG_20260323_155134_381,Kruss,4,10X,199,811,YCT26,"I-XII. CARCINÔM TUYẾN TIỀN LIỆT , GLEASON 4+5",Slide3-4,False,
IMG_20260323_155345_791.tiff,IMG_20260323_155345_791,Kruss,4,10X,203,811,YCT26,"I-XII. CARCINÔM TUYẾN TIỀN LIỆT , GLEASON 4+5",Slide3-4,False,
IMG_20260323_155346_102.tiff,IMG_20260323_155346_102,Kruss,4,10X,204,811,YCT26,"I-XII. CARCINÔM TUYẾN TIỀN LIỆT , GLEASON 4+5",Slide3-4,False,
IMG_20260323_155346_441.tiff,IMG_20260323_155346_441,Kruss,4,10X,205,811,YCT26,"I-XII. CARCINÔM TUYẾN TIỀN LIỆT , GLEASON 4+5",Slide3-4,False,
IMG_20260323_155414_880.tiff,IMG_20260323_155414_880,Kruss,4,10X,206,811,YCT26,"I-XII. CARCINÔM TUYẾN TIỀN LIỆT , GLEASON 4+5",Slide3-4,False,
IMG_20260323_155415_578.tiff,IMG_20260323_155415_578,Kruss,4,10X,208,811,YCT26,"I-XII. CARCINÔM TUYẾN TIỀN LIỆT , GLEASON 4+5",Slide3-4,False,
IMG_20260323_160035_491.tiff,IMG_20260323_160035_491,Kruss,4,40X,221,811,YCT26,"I-XII. CARCINÔM TUYẾN TIỀN LIỆT , GLEASON 4+5",Slide3-4,False,
IMG_20260323_160035_887.tiff,IMG_20260323_160035_887,Kruss,4,40X,222,811,YCT26,"I-XII. CARCINÔM TUYẾN TIỀN LIỆT , GLEASON 4+5",Slide3-4,False,
IMG_20260323_160036_252.tiff,IMG_20260323_160036_252,Kruss,4,40X,223,811,YCT26,"I-XII. CARCINÔM TUYẾN TIỀN LIỆT , GLEASON 4+5",Slide3-4,False,
IMG_20260323_160036_631.tiff,IMG_20260323_160036_631,Kruss,4,40X,224,811,YCT26,"I-XII. CARCINÔM TUYẾN TIỀN LIỆT , GLEASON 4+5",Slide3-4,False,
IMG_20260323_160232_064.tiff,IMG_20260323_160232_064,Kruss,4,40X,233,811,YCT26,"I-XII. CARCINÔM TUYẾN TIỀN LIỆT , GLEASON 4+5",Slide3-4,False,
IMG_20260323_160254_330.tiff,IMG_20260323_160254_330,Kruss,4,40X,234,811,YCT26,"I-XII. CARCINÔM TUYẾN TIỀN LIỆT , GLEASON 4+5",Slide3-4,False,
IMG_20260323_160254_702.tiff,IMG_20260323_160254_702,Kruss,4,40X,235,811,YCT26,"I-XII. CARCINÔM TUYẾN TIỀN LIỆT , GLEASON 4+5",Slide3-4,False,
IMG_20260323_160255_078.tiff,IMG_20260323_160255_078,Kruss,4,40X,236,811,YCT26,"I-XII. CARCINÔM TUYẾN TIỀN LIỆT , GLEASON 4+5",Slide3-4,False,
IMG_20260323_160255_425.tiff,IMG_20260323_160255_425,Kruss,4,40X,237,811,YCT26,"I-XII. CARCINÔM TUYẾN TIỀN LIỆT , GLEASON 4+5",Slide3-4,False,
IMG_20260323_160315_744.tiff,IMG_20260323_160315_744,Kruss,4,40X,238,811,YCT26,"I-XII. CARCINÔM TUYẾN TIỀN LIỆT , GLEASON 4+5",Slide3-4,False,
IMG_20260323_160316_082.tiff,IMG_20260323_160316_082,Kruss,4,40X,239,811,YCT26,"I-XII. CARCINÔM TUYẾN TIỀN LIỆT , GLEASON 4+5",Slide3-4,False,
IMG_20260323_160316_449.tiff,IMG_20260323_160316_449,Kruss,4,40X,240,811,YCT26,"I-XII. CARCINÔM TUYẾN TIỀN LIỆT , GLEASON 4+5",Slide3-4,False,
IMG_20260323_160316_811.tiff,IMG_20260323_160316_811,Kruss,4,40X,241,811,YCT26,"I-XII. CARCINÔM TUYẾN TIỀN LIỆT , GLEASON 4+5",Slide3-4,False,
IMG_20260323_154907_934.tiff,IMG_20260323_154907_934,Kruss,4,4X,191,811,YCT26,"I-XII. CARCINÔM TUYẾN TIỀN LIỆT , GLEASON 4+5",Slide3-4,True,IMG_20260323_154907_934.tiff
IMG_20260323_154908_252.tiff,IMG_20260323_154908_252,Kruss,4,4X,192,811,YCT26,"I-XII. CARCINÔM TUYẾN TIỀN LIỆT , GLEASON 4+5",Slide3-4,True,IMG_20260323_154908_252.tiff
IMG_20260323_155618_826.tiff,IMG_20260323_155618_826,Kruss,4,10X,218,811,YCT26,"I-XII. CARCINÔM TUYẾN TIỀN LIỆT , GLEASON 4+5",Slide5-6,False,
IMG_20260323_162052_349.tiff,IMG_20260323_162052_349,Kruss,4,40X,242,811,YCT26,"I-XII. CARCINÔM TUYẾN TIỀN LIỆT , GLEASON 4+5",Slide5-6,False,
IMG_20260323_162052_719.tiff,IMG_20260323_162052_719,Kruss,4,40X,243,811,YCT26,"I-XII. CARCINÔM TUYẾN TIỀN LIỆT , GLEASON 4+5",Slide5-6,False,
IMG_20260323_162053_057.tiff,IMG_20260323_162053_057,Kruss,4,40X,244,811,YCT26,"I-XII. CARCINÔM TUYẾN TIỀN LIỆT , GLEASON 4+5",Slide5-6,False,
IMG_20260323_162053_442.tiff,IMG_20260323_162053_442,Kruss,4,40X,245,811,YCT26,"I-XII. CARCINÔM TUYẾN TIỀN LIỆT , GLEASON 4+5",Slide5-6,False,
IMG_20260323_162125_155.tiff,IMG_20260323_162125_155,Kruss,4,40X,246,811,YCT26,"I-XII. CARCINÔM TUYẾN TIỀN LIỆT , GLEASON 4+5",Slide5-6,False,
IMG_20260323_162649_148.tiff,IMG_20260323_162649_148,Kruss,4,40X,253,811,YCT26,"I-XII. CARCINÔM TUYẾN TIỀN LIỆT , GLEASON 4+5",Slide5-6,False,
IMG_20260323_162721_498.tiff,IMG_20260323_162721_498,Kruss,4,40X,254,811,YCT26,"I-XII. CARCINÔM TUYẾN TIỀN LIỆT , GLEASON 4+5",Slide5-6,False,
IMG_20260323_162721_870.tiff,IMG_20260323_162721_870,Kruss,4,40X,255,811,YCT26,"I-XII. CARCINÔM TUYẾN TIỀN LIỆT , GLEASON 4+5",Slide5-6,False,
IMG_20260323_162722_225.tiff,IMG_20260323_162722_225,Kruss,4,40X,256,811,YCT26,"I-XII. CARCINÔM TUYẾN TIỀN LIỆT , GLEASON 4+5",Slide5-6,False,
IMG_20260323_162722_583.tiff,IMG_20260323_162722_583,Kruss,4,40X,257,811,YCT26,"I-XII. CARCINÔM TUYẾN TIỀN LIỆT , GLEASON 4+5",Slide5-6,False,
IMG_20260323_162749_415.tiff,IMG_20260323_162749_415,Kruss,4,40X,258,811,YCT26,"I-XII. CARCINÔM TUYẾN TIỀN LIỆT , GLEASON 4+5",Slide5-6,False,
IMG_20260323_162749_781.tiff,IMG_20260323_162749_781,Kruss,4,40X,259,811,YCT26,"I-XII. CARCINÔM TUYẾN TIỀN LIỆT , GLEASON 4+5",Slide5-6,False,
IMG_20260323_162750_145.tiff,IMG_20260323_162750_145,Kruss,4,40X,260,811,YCT26,"I-XII. CARCINÔM TUYẾN TIỀN LIỆT , GLEASON 4+5",Slide5-6,False,
IMG_20260323_162750_525.tiff,IMG_20260323_162750_525,Kruss,4,40X,261,811,YCT26,"I-XII. CARCINÔM TUYẾN TIỀN LIỆT , GLEASON 4+5",Slide5-6,False,
IMG_20260323_162804_061.tiff,IMG_20260323_162804_061,Kruss,4,40X,262,811,YCT26,"I-XII. CARCINÔM TUYẾN TIỀN LIỆT , GLEASON 4+5",Slide5-6,False,
IMG_20260323_155532_045.tiff,IMG_20260323_155532_045,Kruss,4,4X,210,811,YCT26,"I-XII. CARCINÔM TUYẾN TIỀN LIỆT , GLEASON 4+5",Slide5-6,True,IMG_20260323_155532_045.tiff
IMG_20260323_155532_376.tiff,IMG_20260323_155532_376,Kruss,4,4X,211,811,YCT26,"I-XII. CARCINÔM TUYẾN TIỀN LIỆT , GLEASON 4+5",Slide5-6,True,IMG_20260323_155532_376.tiff
IMG_20260323_155532_701.tiff,IMG_20260323_155532_701,Kruss,4,4X,212,811,YCT26,"I-XII. CARCINÔM TUYẾN TIỀN LIỆT , GLEASON 4+5",Slide5-6,True,IMG_20260323_155532_701.tiff
IMG_20260323_155532_987.tiff,IMG_20260323_155532_987,Kruss,4,4X,213,811,YCT26,"I-XII. CARCINÔM TUYẾN TIỀN LIỆT , GLEASON 4+5",Slide5-6,True,IMG_20260323_155532_987.tiff
IMG_20260323_155539_457.tiff,IMG_20260323_155539_457,Kruss,4,4X,214,811,YCT26,"I-XII. CARCINÔM TUYẾN TIỀN LIỆT , GLEASON 4+5",Slide5-6,True,IMG_20260323_155539_457.tiff
IMG_20260323_163349_722.tiff,IMG_20260323_163349_722,Kruss,4,40X,283,811,YCT26,"I-XII. CARCINÔM TUYẾN TIỀN LIỆT , GLEASON 4+5",Slide7-8,False,
IMG_20260323_163350_102.tiff,IMG_20260323_163350_102,Kruss,4,40X,284,811,YCT26,"I-XII. CARCINÔM TUYẾN TIỀN LIỆT , GLEASON 4+5",Slide7-8,False,
IMG_20260323_163350_456.tiff,IMG_20260323_163350_456,Kruss,4,40X,285,811,YCT26,"I-XII. CARCINÔM TUYẾN TIỀN LIỆT , GLEASON 4+5",Slide7-8,False,
IMG_20260323_163410_738.tiff,IMG_20260323_163410_738,Kruss,4,40X,287,811,YCT26,"I-XII. CARCINÔM TUYẾN TIỀN LIỆT , GLEASON 4+5",Slide7-8,False,
IMG_20260323_163411_109.tiff,IMG_20260323_163411_109,Kruss,4,40X,288,811,YCT26,"I-XII. CARCINÔM TUYẾN TIỀN LIỆT , GLEASON 4+5",Slide7-8,False,
IMG_20260323_163411_470.tiff,IMG_20260323_163411_470,Kruss,4,40X,289,811,YCT26,"I-XII. CARCINÔM TUYẾN TIỀN LIỆT , GLEASON 4+5",Slide7-8,False,
IMG_20260323_163411_835.tiff,IMG_20260323_163411_835,Kruss,4,40X,290,811,YCT26,"I-XII. CARCINÔM TUYẾN TIỀN LIỆT , GLEASON 4+5",Slide7-8,False,
IMG_20260323_163434_980.tiff,IMG_20260323_163434_980,Kruss,4,40X,291,811,YCT26,"I-XII. CARCINÔM TUYẾN TIỀN LIỆT , GLEASON 4+5",Slide7-8,False,
IMG_20260323_163435_324.tiff,IMG_20260323_163435_324,Kruss,4,40X,292,811,YCT26,"I-XII. CARCINÔM TUYẾN TIỀN LIỆT , GLEASON 4+5",Slide7-8,False,
IMG_20260323_163435_671.tiff,IMG_20260323_163435_671,Kruss,4,40X,293,811,YCT26,"I-XII. CARCINÔM TUYẾN TIỀN LIỆT , GLEASON 4+5",Slide7-8,False,
IMG_20260323_163436_007.tiff,IMG_20260323_163436_007,Kruss,4,40X,294,811,YCT26,"I-XII. CARCINÔM TUYẾN TIỀN LIỆT , GLEASON 4+5",Slide7-8,False,
IMG_20260323_163506_788.tiff,IMG_20260323_163506_788,Kruss,4,40X,295,811,YCT26,"I-XII. CARCINÔM TUYẾN TIỀN LIỆT , GLEASON 4+5",Slide7-8,False,
IMG_20260323_163507_151.tiff,IMG_20260323_163507_151,Kruss,4,40X,296,811,YCT26,"I-XII. CARCINÔM TUYẾN TIỀN LIỆT , GLEASON 4+5",Slide7-8,False,
IMG_20260323_163932_182.tiff,IMG_20260323_163932_182,Kruss,4,10X,305,811,YCT26,"I-XII. CARCINÔM TUYẾN TIỀN LIỆT , GLEASON 4+5",Slide9-10,False,
IMG_20260323_163932_515.tiff,IMG_20260323_163932_515,Kruss,4,10X,306,811,YCT26,"I-XII. CARCINÔM TUYẾN TIỀN LIỆT , GLEASON 4+5",Slide9-10,False,
IMG_20260323_163932_836.tiff,IMG_20260323_163932_836,Kruss,4,10X,307,811,YCT26,"I-XII. CARCINÔM TUYẾN TIỀN LIỆT , GLEASON 4+5",Slide9-10,False,
IMG_20260323_163946_078.tiff,IMG_20260323_163946_078,Kruss,4,10X,308,811,YCT26,"I-XII. CARCINÔM TUYẾN TIỀN LIỆT , GLEASON 4+5",Slide9-10,False,
IMG_20260323_163946_407.tiff,IMG_20260323_163946_407,Kruss,4,10X,309,811,YCT26,"I-XII. CARCINÔM TUYẾN TIỀN LIỆT , GLEASON 4+5",Slide9-10,False,
IMG_20260323_164149_905.tiff,IMG_20260323_164149_905,Kruss,4,40X,314,811,YCT26,"I-XII. CARCINÔM TUYẾN TIỀN LIỆT , GLEASON 4+5",Slide9-10,False,
IMG_20260323_164150_271.tiff,IMG_20260323_164150_271,Kruss,4,40X,315,811,YCT26,"I-XII. CARCINÔM TUYẾN TIỀN LIỆT , GLEASON 4+5",Slide9-10,False,
IMG_20260323_164150_616.tiff,IMG_20260323_164150_616,Kruss,4,40X,316,811,YCT26,"I-XII. CARCINÔM TUYẾN TIỀN LIỆT , GLEASON 4+5",Slide9-10,False,
IMG_20260323_164150_980.tiff,IMG_20260323_164150_980,Kruss,4,40X,317,811,YCT26,"I-XII. CARCINÔM TUYẾN TIỀN LIỆT , GLEASON 4+5",Slide9-10,False,
IMG_20260323_164210_497.tiff,IMG_20260323_164210_497,Kruss,4,40X,318,811,YCT26,"I-XII. CARCINÔM TUYẾN TIỀN LIỆT , GLEASON 4+5",Slide9-10,False,
IMG_20260323_164210_871.tiff,IMG_20260323_164210_871,Kruss,4,40X,319,811,YCT26,"I-XII. CARCINÔM TUYẾN TIỀN LIỆT , GLEASON 4+5",Slide9-10,False,
IMG_20260323_164211_244.tiff,IMG_20260323_164211_244,Kruss,4,40X,320,811,YCT26,"I-XII. CARCINÔM TUYẾN TIỀN LIỆT , GLEASON 4+5",Slide9-10,False,
IMG_20260323_164211_593.tiff,IMG_20260323_164211_593,Kruss,4,40X,321,811,YCT26,"I-XII. CARCINÔM TUYẾN TIỀN LIỆT , GLEASON 4+5",Slide9-10,False,
IMG_20260323_164240_066.tiff,IMG_20260323_164240_066,Kruss,4,40X,322,811,YCT26,"I-XII. CARCINÔM TUYẾN TIỀN LIỆT , GLEASON 4+5",Slide9-10,False,
IMG_20260323_164240_431.tiff,IMG_20260323_164240_431,Kruss,4,40X,323,811,YCT26,"I-XII. CARCINÔM TUYẾN TIỀN LIỆT , GLEASON 4+5",Slide9-10,False,
IMG_20260323_164240_777.tiff,IMG_20260323_164240_777,Kruss,4,40X,324,811,YCT26,"I-XII. CARCINÔM TUYẾN TIỀN LIỆT , GLEASON 4+5",Slide9-10,False,
IMG_20260323_164241_159.tiff,IMG_20260323_164241_159,Kruss,4,40X,325,811,YCT26,"I-XII. CARCINÔM TUYẾN TIỀN LIỆT , GLEASON 4+5",Slide9-10,False,
IMG_20260323_164313_466.tiff,IMG_20260323_164313_466,Kruss,4,40X,326,811,YCT26,"I-XII. CARCINÔM TUYẾN TIỀN LIỆT , GLEASON 4+5",Slide9-10,False,
IMG_20260323_164313_812.tiff,IMG_20260323_164313_812,Kruss,4,40X,327,811,YCT26,"I-XII. CARCINÔM TUYẾN TIỀN LIỆT , GLEASON 4+5",Slide9-10,False,
IMG_20260323_164314_182.tiff,IMG_20260323_164314_182,Kruss,4,40X,328,811,YCT26,"I-XII. CARCINÔM TUYẾN TIỀN LIỆT , GLEASON 4+5",Slide9-10,False,
IMG_20260323_164314_519.tiff,IMG_20260323_164314_519,Kruss,4,40X,329,811,YCT26,"I-XII. CARCINÔM TUYẾN TIỀN LIỆT , GLEASON 4+5",Slide9-10,False,
IMG_20260323_164331_060.tiff,IMG_20260323_164331_060,Kruss,4,40X,330,811,YCT26,"I-XII. CARCINÔM TUYẾN TIỀN LIỆT , GLEASON 4+5",Slide9-10,False,
IMG_20260323_163612_017.tiff,IMG_20260323_163612_017,Kruss,4,4X,299,811,YCT26,"I-XII. CARCINÔM TUYẾN TIỀN LIỆT , GLEASON 4+5",Slide9-10,True,IMG_20260323_163612_017.tiff
IMG_20260323_163612_322.tiff,IMG_20260323_163612_322,Kruss,4,4X,300,811,YCT26,"I-XII. CARCINÔM TUYẾN TIỀN LIỆT , GLEASON 4+5",Slide9-10,True,IMG_20260323_163612_322.tiff
IMG_20260323_163612_646.tiff,IMG_20260323_163612_646,Kruss,4,4X,301,811,YCT26,"I-XII. CARCINÔM TUYẾN TIỀN LIỆT , GLEASON 4+5",Slide9-10,True,IMG_20260323_163612_646.tiff
IMG_20260323_163612_960.tiff,IMG_20260323_163612_960,Kruss,4,4X,302,811,YCT26,"I-XII. CARCINÔM TUYẾN TIỀN LIỆT , GLEASON 4+5",Slide9-10,True,IMG_20260323_163612_960.tiff
